/*
SQLyog v10.2 
MySQL - 5.5.53 : Database - qkl_xcx
*********************************************************************
*/

/*!40101 SET NAMES utf8 */;

/*!40101 SET SQL_MODE=''*/;

/*!40014 SET @OLD_UNIQUE_CHECKS=@@UNIQUE_CHECKS, UNIQUE_CHECKS=0 */;
/*!40014 SET @OLD_FOREIGN_KEY_CHECKS=@@FOREIGN_KEY_CHECKS, FOREIGN_KEY_CHECKS=0 */;
/*!40101 SET @OLD_SQL_MODE=@@SQL_MODE, SQL_MODE='NO_AUTO_VALUE_ON_ZERO' */;
/*!40111 SET @OLD_SQL_NOTES=@@SQL_NOTES, SQL_NOTES=0 */;
CREATE DATABASE /*!32312 IF NOT EXISTS*/`qkl_xcx` /*!40100 DEFAULT CHARACTER SET utf8mb4 COLLATE utf8mb4_unicode_ci */;

USE `qkl_xcx`;

/*Table structure for table `acts` */

DROP TABLE IF EXISTS `acts`;

CREATE TABLE `acts` (
  `id` int(11) unsigned NOT NULL AUTO_INCREMENT COMMENT '活动表ID',
  `header` varchar(50) COLLATE utf8mb4_unicode_ci NOT NULL DEFAULT '' COMMENT '头部标题',
  `title` varchar(100) CHARACTER SET utf8 NOT NULL DEFAULT '' COMMENT '活动标题',
  `index_img` varchar(100) CHARACTER SET utf8 NOT NULL DEFAULT '' COMMENT '活动主图',
  `lunbo_img` text CHARACTER SET utf8 NOT NULL COMMENT '活动轮播图',
  `start_time` datetime NOT NULL COMMENT '活动开始时间',
  `end_time` datetime NOT NULL COMMENT '活动结束时间',
  `reward_title` varchar(100) CHARACTER SET utf8 NOT NULL DEFAULT '' COMMENT '活动投票用户奖励标题',
  `reward_desc` text CHARACTER SET utf8 NOT NULL COMMENT '活动投票用户奖励描述',
  `voting_title` varchar(100) CHARACTER SET utf8 DEFAULT '' COMMENT '活动被投票奖励标题',
  `voting_desc` text CHARACTER SET utf8 COMMENT '活动被投票奖励描述',
  `rule_desc` text CHARACTER SET utf8 NOT NULL COMMENT '规则描述',
  `status` tinyint(1) unsigned NOT NULL DEFAULT '1' COMMENT '活动状态（0:禁用；1:正常）',
  `sort` int(11) unsigned NOT NULL DEFAULT '0' COMMENT '排序（数字越小排序越靠前）',
  `is_template` tinyint(1) unsigned NOT NULL DEFAULT '0' COMMENT '模板（0：否；1：是）',
  `create_time` datetime NOT NULL COMMENT '创建时间',
  `update_time` datetime NOT NULL COMMENT '更新时间',
  PRIMARY KEY (`id`)
) ENGINE=InnoDB AUTO_INCREMENT=6 DEFAULT CHARSET=utf8mb4 COLLATE=utf8mb4_unicode_ci;

/*Data for the table `acts` */

insert  into `acts`(`id`,`header`,`title`,`index_img`,`lunbo_img`,`start_time`,`end_time`,`reward_title`,`reward_desc`,`voting_title`,`voting_desc`,`rule_desc`,`status`,`sort`,`is_template`,`create_time`,`update_time`) values (1,'超能宝贝','超能宝贝疯狂打call','/upload/image/acts/20180720/20180720155425.jpg','a:3:{i:0;s:46:\"/upload/image/acts/20180720/20180720155432.jpg\";i:1;s:46:\"/upload/image/acts/20180720/20180720155455.jpg\";i:2;s:46:\"/upload/image/acts/20180720/20180720155459.jpg\";}','2017-12-06 08:09:10','2018-01-07 09:08:07','投票用户奖励标题','投票用户奖励描述','被投票奖励标题','被投票奖励描述','1.奖励规则描述1\r\n2.奖励规则描述2\r\n3.奖励规则描述3',1,16,1,'0000-00-00 00:00:00','2018-07-20 15:55:03'),(2,'闪耀红人','闪耀红人疯狂打call','/upload/image/acts/20180711/20180711135127.jpg','a:3:{i:0;s:46:\"/upload/image/acts/20180711/20180711135054.png\";i:1;s:46:\"/upload/image/acts/20180711/20180711135057.png\";i:2;s:46:\"/upload/image/acts/20180711/20180711135101.jpg\";}','2017-12-08 09:01:01','2018-08-25 10:10:10','投票用户奖励标题','投票用户奖励描述','被投票奖励标题','被投票奖励描述','1.每天投票5次，每次加1红人圈\r\n2.每天签到加1红人圈\r\n3.最终解释权归红人链官方',1,17,1,'0000-00-00 00:00:00','2018-07-20 09:50:13'),(3,'球队投票','球队投票疯狂打call','/upload/image/acts/20180720/20180720155246.jpg','a:3:{i:0;s:46:\"/upload/image/acts/20180720/20180720155251.jpg\";i:1;s:46:\"/upload/image/acts/20180720/20180720155256.jpg\";i:2;s:46:\"/upload/image/acts/20180720/20180720155259.jpg\";}','2018-07-09 00:00:00','2018-08-31 00:00:00','投票用户奖励标题','投票用户奖励描述','被投票奖励标题','被投票奖励描述','1.奖励规则描述1\r\n2.奖励规则描述2\r\n3.奖励规则描述3',1,0,0,'2018-07-20 10:06:59','2018-07-20 15:53:06'),(4,'超模投票','超模投票疯狂打call','/upload/image/acts/20180720/20180720160252.jpg','a:3:{i:0;s:46:\"/upload/image/acts/20180720/20180720160302.jpg\";i:1;s:46:\"/upload/image/acts/20180720/20180720160307.jpg\";i:2;s:46:\"/upload/image/acts/20180720/20180720160311.jpg\";}','2018-07-01 00:00:00','2018-08-31 00:00:00','投票用户奖励','1.红人圈小礼品100份：价值100元 2.大奖1名：豪华邮轮船票1张','被投票超模奖励','一等奖：豪华邮轮船票一张 品牌丝巾一方 免费拍摄摩卡一套 8888红人圈 二等奖：品牌丝巾一方 免费拍摄模卡一套 8888红人圈 三等奖：免费拍摄模卡一套 8888红人圈','1.红人圈小礼品100份：价值100元\r\n 2.大奖1名：豪华邮轮船票1张',1,0,0,'2018-07-20 16:05:25','2018-07-20 16:05:25'),(5,'超模','超模疯狂打call','/upload/image/acts/20180726/20180726105326.png','a:3:{i:0;s:46:\"/upload/image/acts/20180726/20180726105329.png\";i:1;s:46:\"/upload/image/acts/20180726/20180726105332.png\";i:2;s:46:\"/upload/image/acts/20180726/20180726105334.png\";}','2018-07-10 00:00:00','2018-08-23 00:00:00','投票用户奖励标题','test','被投票超模奖励','test','1.test\r\n2.test',1,0,0,'2018-07-26 10:54:00','2018-07-26 10:54:00');

/*Table structure for table `acts_votes` */

DROP TABLE IF EXISTS `acts_votes`;

CREATE TABLE `acts_votes` (
  `id` int(11) unsigned NOT NULL AUTO_INCREMENT COMMENT '被投票人物表ID',
  `act_id` int(11) unsigned NOT NULL DEFAULT '0' COMMENT '被投票人物所属活动ID',
  `name` varchar(50) CHARACTER SET utf8 NOT NULL DEFAULT '' COMMENT '被投票人物姓名',
  `avatar` varchar(100) CHARACTER SET utf8 NOT NULL DEFAULT '' COMMENT '被投票人物头像',
  `mobile` varchar(20) CHARACTER SET utf8 NOT NULL DEFAULT '' COMMENT '被投票人物手机',
  `truename` varchar(50) CHARACTER SET utf8 NOT NULL DEFAULT '' COMMENT '被投票人物真实姓名',
  `birthday` date NOT NULL COMMENT '被投票人物出生日期',
  `qq` varchar(20) CHARACTER SET utf8 NOT NULL DEFAULT '' COMMENT '被投票人物qq号码',
  `sex` tinyint(1) NOT NULL DEFAULT '0' COMMENT '被投票人物性别（0：未知；1：男；2：女）',
  `vote_desc` text CHARACTER SET utf8 NOT NULL COMMENT '被投票人物介绍',
  `status` tinyint(1) unsigned NOT NULL DEFAULT '1' COMMENT '状态（0：禁用；1：正常）',
  `vote_count` smallint(4) unsigned NOT NULL DEFAULT '0' COMMENT '得票数',
  `create_time` datetime NOT NULL COMMENT '创建时间',
  `update_time` datetime NOT NULL COMMENT '更新时间',
  PRIMARY KEY (`id`)
) ENGINE=InnoDB AUTO_INCREMENT=15 DEFAULT CHARSET=utf8mb4 COLLATE=utf8mb4_unicode_ci;

/*Data for the table `acts_votes` */

insert  into `acts_votes`(`id`,`act_id`,`name`,`avatar`,`mobile`,`truename`,`birthday`,`qq`,`sex`,`vote_desc`,`status`,`vote_count`,`create_time`,`update_time`) values (1,3,'巴蒂斯图塔','/upload/image/acts/20180720/20180720155745.jpg','16666666666','巴蒂斯图塔','2018-07-20','1000001',1,'大家好，我是巴蒂斯图塔',1,0,'2018-07-20 10:08:09','2018-07-20 15:57:48'),(2,3,'巴雷西','/upload/image/acts/20180720/20180720155854.jpg','17777777777','巴雷西','2018-07-19','100002',1,'大家好，我是巴雷西',1,0,'2018-07-20 10:10:09','2018-07-20 15:58:57'),(3,3,'保罗罗西','/upload/image/acts/20180720/20180720160013.jpg','17777777771','保罗罗西','2018-07-18','100003',1,'大家好，我是保罗罗西',1,0,'2018-07-20 10:11:15','2018-07-20 16:00:18'),(4,3,'博格巴','/upload/image/acts/20180720/20180720160112.jpg','16666666666','博格巴','2018-07-16','88888888',1,'大家好，我是博格巴',1,1,'2018-07-20 10:12:31','2018-07-20 16:01:15'),(5,2,'粉丝三','/upload/image/acts/20180720/20180720101629.jpg','18858585588','粉丝三','2018-07-15','666666',2,'大家好，我是粉丝三',1,0,'2018-07-20 10:17:09','2018-07-20 10:17:09'),(6,2,'粉丝四','/upload/image/acts/20180720/20180720101727.jpg','1777777772','粉丝四','2018-07-14','55555',1,'大家好，我是粉丝四。',1,1,'2018-07-20 10:18:03','2018-07-20 10:18:03'),(7,1,'希尔顿','/upload/image/acts/20180720/20180720161227.jpg','17777777774','希尔顿','2018-07-13','7777777',1,'大家好，我是希尔顿',1,1,'2018-07-20 10:19:28','2018-07-20 16:12:40'),(8,4,'林彤','/upload/image/acts/20180720/20180720160623.jpg','121212121212','林彤','2018-07-20','121212121212',2,'林彤',1,0,'2018-07-20 16:06:44','2018-07-20 16:06:44'),(9,4,'米婕睿','/upload/image/acts/20180720/20180720160707.jpg','123123123','米婕睿','2018-07-20','123123123',2,'米婕睿',1,0,'2018-07-20 16:07:22','2018-07-20 16:07:22'),(10,4,'姜轩雅','/upload/image/acts/20180720/20180720160746.jpg','232342344','姜轩雅','2018-07-20','232342344',2,'姜轩雅',1,0,'2018-07-20 16:08:00','2018-07-20 16:08:00'),(11,1,'克莉斯多','/upload/image/acts/20180720/20180720160912.jpg','23131231233','克莉斯多','2018-07-20','23131231233',2,'克莉斯多',1,0,'2018-07-20 16:09:24','2018-07-20 16:09:24'),(12,1,'佛罗拉','/upload/image/acts/20180720/20180720160949.jpg','222222222','佛罗拉','2018-07-20','222222222',2,'佛罗拉',1,0,'2018-07-20 16:10:03','2018-07-20 16:10:03'),(13,1,'欧尔佳','/upload/image/acts/20180720/20180720161028.jpg','5555555555','欧尔佳','2018-07-20','5555555555',2,'欧尔佳',1,0,'2018-07-20 16:10:42','2018-07-20 16:10:42'),(14,1,'阿尔杰','/upload/image/acts/20180720/20180720161104.jpg','111111111','阿尔杰','2018-07-20','111111111',1,'阿尔杰',1,0,'2018-07-20 16:11:17','2018-07-20 16:11:17');

/*Table structure for table `acts_votes_records` */

DROP TABLE IF EXISTS `acts_votes_records`;

CREATE TABLE `acts_votes_records` (
  `id` int(11) unsigned NOT NULL AUTO_INCREMENT COMMENT '投票记录表ID',
  `user_id` int(11) unsigned NOT NULL DEFAULT '0' COMMENT '投票用户ID',
  `vote_id` int(11) unsigned NOT NULL DEFAULT '0' COMMENT '参与活动的用户ID',
  `voted_count` smallint(4) unsigned NOT NULL DEFAULT '1' COMMENT '投票数',
  `create_time` datetime NOT NULL COMMENT '创建时间',
  `update_time` datetime NOT NULL COMMENT '更新时间',
  PRIMARY KEY (`id`)
) ENGINE=InnoDB AUTO_INCREMENT=4 DEFAULT CHARSET=utf8mb4 COLLATE=utf8mb4_unicode_ci;

/*Data for the table `acts_votes_records` */

insert  into `acts_votes_records`(`id`,`user_id`,`vote_id`,`voted_count`,`create_time`,`update_time`) values (1,7,6,1,'2018-07-20 10:21:10','2018-07-20 10:21:10'),(2,7,4,1,'2018-07-20 10:21:16','2018-07-20 10:21:16'),(3,7,7,1,'2018-07-20 10:21:32','2018-07-20 10:21:32');

/*Table structure for table `admin_permission_role` */

DROP TABLE IF EXISTS `admin_permission_role`;

CREATE TABLE `admin_permission_role` (
  `permission_id` int(11) unsigned NOT NULL DEFAULT '0' COMMENT '菜单节点ID',
  `role_id` int(11) unsigned NOT NULL DEFAULT '0' COMMENT '角色ID'
) ENGINE=InnoDB DEFAULT CHARSET=utf8mb4 COLLATE=utf8mb4_unicode_ci COMMENT='菜单节点与角色对应关系表';

/*Data for the table `admin_permission_role` */

insert  into `admin_permission_role`(`permission_id`,`role_id`) values (10,1),(20,1),(22,1),(30,1),(31,1),(34,1),(35,1),(36,1),(38,1),(40,1),(39,1);

/*Table structure for table `admin_permissions` */

DROP TABLE IF EXISTS `admin_permissions`;

CREATE TABLE `admin_permissions` (
  `id` int(10) unsigned NOT NULL AUTO_INCREMENT COMMENT '菜单节点表ID',
  `name` varchar(100) COLLATE utf8mb4_unicode_ci NOT NULL DEFAULT '' COMMENT '权限名',
  `label` varchar(200) COLLATE utf8mb4_unicode_ci NOT NULL DEFAULT '' COMMENT '权限解释名称',
  `description` varchar(255) COLLATE utf8mb4_unicode_ci DEFAULT '' COMMENT '描述与备注',
  `cid` tinyint(4) NOT NULL COMMENT '级别',
  `icon` varchar(100) COLLATE utf8mb4_unicode_ci NOT NULL DEFAULT '' COMMENT '图标',
  `sort` int(11) NOT NULL COMMENT '排序',
  `created_at` timestamp NULL DEFAULT NULL COMMENT '创建时间',
  `updated_at` timestamp NULL DEFAULT NULL COMMENT '更新时间',
  PRIMARY KEY (`id`)
) ENGINE=InnoDB AUTO_INCREMENT=61 DEFAULT CHARSET=utf8mb4 COLLATE=utf8mb4_unicode_ci COMMENT='菜单节点表';

/*Data for the table `admin_permissions` */

insert  into `admin_permissions`(`id`,`name`,`label`,`description`,`cid`,`icon`,`sort`,`created_at`,`updated_at`) values (1,'admin.permission','权限管理','权限管理',0,'fa-users',100,'2016-05-21 10:06:50','2018-06-26 15:58:01'),(2,'admin.permission.index','权限列表','',1,'',0,'2016-05-21 10:08:04','2016-05-21 10:08:04'),(3,'admin.permission.create','权限添加','',1,'',0,'2016-05-21 10:08:18','2016-05-21 10:08:18'),(4,'admin.permission.edit','权限修改','',1,'',0,'2016-05-21 10:08:35','2016-05-21 10:08:35'),(5,'admin.permission.destroy ','权限删除','',1,'',0,'2016-05-21 10:09:57','2016-05-21 10:09:57'),(6,'admin.role.index','角色列表','',1,'',0,'2016-05-23 10:36:40','2016-05-23 10:36:40'),(7,'admin.role.create','角色添加','',1,'',0,'2016-05-23 10:37:07','2016-05-23 10:37:07'),(8,'admin.role.edit','角色修改','',1,'',0,'2016-05-23 10:37:22','2016-05-23 10:37:22'),(9,'admin.role.destroy','角色删除','',1,'',0,'2016-05-23 10:37:48','2016-05-23 10:37:48'),(10,'admin.user.index','用户管理','',1,'',0,'2016-05-23 10:38:52','2016-05-23 10:38:52'),(11,'admin.user.create','用户添加','',1,'',0,'2016-05-23 10:39:21','2016-06-22 13:49:29'),(12,'admin.user.edit','用户编辑','',1,'',0,'2016-05-23 10:39:52','2016-05-23 10:39:52'),(13,'admin.user.destroy ','用户删除','',1,'',0,'2016-05-23 10:40:36','2016-05-23 10:40:36'),(19,'admin.fans','粉丝管理','前台用户',0,'fa-user',0,'2018-06-26 16:46:23','2018-06-27 00:46:34'),(20,'admin.fans.index','粉丝列表','粉丝列表',19,'',0,'2018-06-26 16:49:21','2018-06-26 16:49:21'),(21,'admin.fans.add','粉丝添加','粉丝添加',19,'',1,'2018-06-26 16:50:02','2018-06-26 16:50:02'),(22,'admin.fans.edit','粉丝编辑','粉丝编辑',19,'',2,'2018-06-26 16:50:33','2018-06-26 16:50:33'),(23,'admin.fans.changeStatus','粉丝状态','更改状态',19,'',3,'2018-06-26 16:54:35','2018-06-26 16:54:52'),(29,'admin.acts','活动管理','活动管理',0,'fa-soccer-ball-o',0,'2018-06-29 17:57:05','2018-06-29 17:57:05'),(30,'admin.acts.index','活动列表','活动列表',29,'',0,'2018-06-29 17:57:40','2018-06-29 17:57:40'),(31,'admin.acts.add','活动添加','活动添加',29,'',1,'2018-06-29 17:58:09','2018-06-29 17:58:09'),(32,'admin.acts.edit','活动编辑','活动编辑',29,'',2,'2018-06-29 17:58:39','2018-06-29 17:58:39'),(33,'admin.acts.changeActStatus','活动状态','更改状态',29,'',3,'2018-06-29 17:59:07','2018-06-29 17:59:07'),(34,'admin.acts.votes','活动查看','查看活动',29,'',4,'2018-07-03 15:09:04','2018-07-03 15:09:04'),(35,'admin.acts.voteAdd','被投票者添加','被投票者添加',29,'',5,'2018-07-03 15:09:04','2018-07-03 15:09:04'),(36,'admin.acts.voteEdit','被投票者编辑','被投票者编辑',29,'',6,'2018-07-03 15:09:04','2018-07-03 15:09:04'),(37,'admin.acts.changeVoteStatus','被投票者状态','被投票者编辑',29,'',7,'2018-07-03 15:09:04','2018-07-03 15:09:04'),(38,'admin.acts.records','投票列表','投票列表',29,'',8,'2018-07-03 15:09:04','2018-07-03 15:09:04'),(39,'admin.acts.upload','活动图片上传','活动图片上传',29,'',9,'2018-07-03 15:09:04','2018-07-03 15:09:04'),(40,'admin.fans.upload','粉丝图片上传','粉丝图片上传',19,'',4,'2018-07-03 15:09:04','2018-07-03 15:09:04'),(41,'admin.users','用户管理','前台用户列表',0,'fa-user',0,'2018-07-20 16:47:00','2018-07-20 16:47:00'),(42,'admin.users.index','用户列表','前台用户列表',41,'',0,'2018-07-20 16:48:03','2018-07-20 16:48:03'),(43,'admin.users.edit','修改用户','修改前台用户信息',41,'',0,'2018-07-20 16:49:44','2018-07-20 16:49:44'),(44,'admin.users.changeStatus','修改用户状态','更改前台用户状态',41,'',0,'2018-07-20 16:50:37','2018-07-20 16:50:37'),(45,'admin.users.upload','上传用户头像','上传用户头像',41,'',0,'2018-07-20 16:56:35','2018-07-20 16:56:35'),(46,'admin.goods','商品管理','商品管理',0,'fa-suitcase',0,'2018-07-21 09:44:18','2018-07-21 09:44:18'),(47,'admin.goods.index','商品管理','商品列表',46,'',0,'2018-07-21 09:45:50','2018-07-21 09:45:50'),(48,'admin.goods.add','商品添加','添加商品',46,'',0,'2018-07-21 09:50:00','2018-07-21 09:50:00'),(49,'admin.goods.edit','商品编辑','编辑商品',46,'',0,'2018-07-21 09:50:35','2018-07-21 09:50:35'),(50,'admin.goods.changeStatus','商品上下架','更改商品状态',46,'',0,'2018-07-21 09:51:22','2018-07-21 09:51:22'),(51,'admin.goods.upload','商品上传图片','商品上传图片',46,'',0,'2018-07-21 09:51:59','2018-07-21 09:51:59'),(52,'admin.goods_cat.index','商品分类','商品分类列表',46,'',0,'2018-07-21 09:52:55','2018-07-21 09:54:32'),(53,'admin.goods_cat.add','分类添加','商品分类添加',46,'',0,'2018-07-21 09:55:22','2018-07-21 09:55:22'),(54,'admin.goods_cat.edit','分类编辑','商品分类编辑',46,'',0,'2018-07-21 09:56:02','2018-07-21 09:56:02'),(55,'admin.goods_cat.changeStatus','分类状态','更改商品分类状态',46,'',0,'2018-07-21 09:56:47','2018-07-21 09:56:47'),(56,'admin.goods_cat.upload','分类图标上传','商品分类图标上传',46,'',0,'2018-07-21 09:57:35','2018-07-21 09:57:35'),(57,'admin.goods.sjStatus','上下架状态','更改商品上下架状态',46,'',0,'2018-07-23 19:44:40','2018-07-23 19:44:40'),(58,'admin.users.address','收货地址','用户收货地址管理',41,'',0,'2018-07-23 19:45:24','2018-07-24 17:06:08'),(59,'admin.goods_spec.index','商品规格','商品规格管理',46,'',0,'2018-07-24 17:07:21','2018-07-24 17:07:21'),(60,'admin.order.index','订单列表','商品订单列表',46,'',0,'2018-07-24 17:07:21','2018-07-24 17:07:21');

/*Table structure for table `admin_role_user` */

DROP TABLE IF EXISTS `admin_role_user`;

CREATE TABLE `admin_role_user` (
  `role_id` int(11) unsigned NOT NULL DEFAULT '0' COMMENT '角色ID',
  `user_id` int(11) unsigned NOT NULL DEFAULT '0' COMMENT '管理员ID'
) ENGINE=InnoDB DEFAULT CHARSET=utf8mb4 COLLATE=utf8mb4_unicode_ci COMMENT='管理员与角色对应表';

/*Data for the table `admin_role_user` */

insert  into `admin_role_user`(`role_id`,`user_id`) values (1,2),(1,12),(1,13);

/*Table structure for table `admin_roles` */

DROP TABLE IF EXISTS `admin_roles`;

CREATE TABLE `admin_roles` (
  `id` int(10) unsigned NOT NULL AUTO_INCREMENT COMMENT '角色表ID',
  `name` varchar(100) COLLATE utf8mb4_unicode_ci NOT NULL DEFAULT '' COMMENT '角色名称',
  `description` varchar(255) COLLATE utf8mb4_unicode_ci NOT NULL DEFAULT '' COMMENT '角色备注',
  `created_at` timestamp NULL DEFAULT NULL COMMENT '创建时间',
  `updated_at` timestamp NULL DEFAULT NULL COMMENT '更新时间',
  PRIMARY KEY (`id`)
) ENGINE=InnoDB AUTO_INCREMENT=2 DEFAULT CHARSET=utf8mb4 COLLATE=utf8mb4_unicode_ci COMMENT='角色表';

/*Data for the table `admin_roles` */

insert  into `admin_roles`(`id`,`name`,`description`,`created_at`,`updated_at`) values (1,'测试权限','test 权限','2018-06-26 15:09:12','2018-06-26 15:09:12');

/*Table structure for table `admin_users` */

DROP TABLE IF EXISTS `admin_users`;

CREATE TABLE `admin_users` (
  `id` int(10) unsigned NOT NULL AUTO_INCREMENT COMMENT '管理员用户表ID',
  `name` varchar(100) COLLATE utf8mb4_unicode_ci NOT NULL DEFAULT '' COMMENT '用户名',
  `email` varchar(100) COLLATE utf8mb4_unicode_ci NOT NULL DEFAULT '' COMMENT '邮箱',
  `password` varchar(100) COLLATE utf8mb4_unicode_ci NOT NULL DEFAULT '' COMMENT '密码',
  `remember_token` varchar(100) COLLATE utf8mb4_unicode_ci DEFAULT '' COMMENT 'token',
  `created_at` timestamp NULL DEFAULT NULL COMMENT '创建时间',
  `updated_at` timestamp NULL DEFAULT NULL COMMENT '更新时间',
  PRIMARY KEY (`id`),
  UNIQUE KEY `admin_users_email_unique` (`email`)
) ENGINE=InnoDB AUTO_INCREMENT=14 DEFAULT CHARSET=utf8mb4 COLLATE=utf8mb4_unicode_ci COMMENT='管理员表';

/*Data for the table `admin_users` */

insert  into `admin_users`(`id`,`name`,`email`,`password`,`remember_token`,`created_at`,`updated_at`) values (1,'root','root@admin.com','$2y$10$KgmAyXqiuUL6/nbpjrc0AuuItwArcqYifm4K59nongwl03hWrQrli','GZFYJo39PLMmetbfb1rt56lWK48KHIB2m7IfIOaUySiFlSahzmxqzw4xHEeE','2018-06-26 14:45:05','2018-06-26 14:45:05'),(2,'测试','test@qq.com','$2y$10$QrkjTh9HpBaGFV80OW39SuGwjR8mi9hoL/t1EL/lnSxnPB1iwOygO','BEE2Msn18oSLmVg3BdtxfBtHB3I80SAUCEJMtSUlUlWMaC86R18CRd3hX34b','2018-06-26 15:03:53','2018-06-26 15:03:53'),(7,'cest','test1234@qq.com','$2y$10$KgmAyXqiuUL6/nbpjrc0AuuItwArcqYifm4K59nongwl03hWrQrli','','2018-07-13 10:52:01','2018-07-13 10:52:01'),(8,'cest132','test12342@qq.com','$2y$10$BO4.Q1L/P2Uq8yj/TCPc/uVY6J2XD7eZut6qyqab5bteVSUH0pg/6','','2018-07-13 11:00:49','2018-07-13 11:00:49'),(10,'cest13234','test1234254@qq.com','$2y$10$jxpPGAQVNSuj2f59hP23buMY6NWRCxqMzKYCAROETaS.Ln12pUHAC','','2018-07-13 11:03:00','2018-07-13 11:03:00'),(11,'0123','afd@qq.com','$2y$10$RC.zaCm.3idKRK47L7ZV8Or/NXBb0n13P6rP.tui2W4uBjrn4p8m6','','2018-07-13 11:04:33','2018-07-13 11:04:33'),(12,'测试权限1234567','test1234567@qq.com','$2y$10$C//9JHN7otbZ1Bv.AHg1JeCr7qJib1jfatH68r3xer9HFn4P300bG','','2018-07-13 12:14:22','2018-07-13 12:14:22'),(13,'admini','abc@qq.com','$2y$10$TrnzorOO9jbNud8ECQ5fr.2m7dDxWmeyOlr2aukUr7ttQFZ03dQ2q','','2018-07-14 15:02:07','2018-07-14 15:02:07');

/*Table structure for table `fans` */

DROP TABLE IF EXISTS `fans`;

CREATE TABLE `fans` (
  `id` int(10) unsigned NOT NULL AUTO_INCREMENT COMMENT '粉丝表ID',
  `name` varchar(50) COLLATE utf8mb4_unicode_ci NOT NULL DEFAULT '' COMMENT '用户名',
  `mobile` varchar(20) COLLATE utf8mb4_unicode_ci NOT NULL DEFAULT '' COMMENT '手机号',
  `email` varchar(50) COLLATE utf8mb4_unicode_ci NOT NULL DEFAULT '' COMMENT '邮箱',
  `qq` varchar(20) COLLATE utf8mb4_unicode_ci DEFAULT '' COMMENT 'QQ',
  `password` varchar(100) COLLATE utf8mb4_unicode_ci NOT NULL DEFAULT '' COMMENT '密码',
  `truename` varchar(50) COLLATE utf8mb4_unicode_ci DEFAULT '' COMMENT '真实姓名',
  `remember_token` varchar(50) COLLATE utf8mb4_unicode_ci DEFAULT '' COMMENT 'token',
  `avatar` varchar(100) COLLATE utf8mb4_unicode_ci NOT NULL DEFAULT '' COMMENT '头像',
  `sex` tinyint(1) unsigned NOT NULL DEFAULT '0' COMMENT '性别（0：保密；1：男；2：女）',
  `birthday` date DEFAULT NULL COMMENT '出生日期',
  `score` int(10) unsigned NOT NULL DEFAULT '0' COMMENT '红人圈分值',
  `status` tinyint(1) unsigned NOT NULL DEFAULT '1' COMMENT '状态（0：冻结；1：正常）',
  `contacts_name` varchar(100) COLLATE utf8mb4_unicode_ci DEFAULT '' COMMENT '紧急联系人名字',
  `contacts_mobile` varchar(20) COLLATE utf8mb4_unicode_ci DEFAULT '' COMMENT '紧急联系人电话',
  `login_count` int(11) unsigned NOT NULL DEFAULT '0' COMMENT '登录次数',
  `last_login_at` timestamp NULL DEFAULT NULL COMMENT '最后登陆时间',
  `last_login_ip` varchar(50) COLLATE utf8mb4_unicode_ci NOT NULL DEFAULT '' COMMENT '最后登陆IP',
  `created_ip` varchar(50) COLLATE utf8mb4_unicode_ci NOT NULL DEFAULT '' COMMENT '注册IP',
  `create_time` datetime NOT NULL COMMENT '创建时间',
  `update_time` datetime NOT NULL COMMENT '更新时间',
  PRIMARY KEY (`id`),
  UNIQUE KEY `users_email_unique` (`email`),
  UNIQUE KEY `users_mobile_unique` (`mobile`),
  KEY `users_name_unique` (`name`)
) ENGINE=InnoDB AUTO_INCREMENT=36 DEFAULT CHARSET=utf8mb4 COLLATE=utf8mb4_unicode_ci COMMENT='粉丝表';

/*Data for the table `fans` */

insert  into `fans`(`id`,`name`,`mobile`,`email`,`qq`,`password`,`truename`,`remember_token`,`avatar`,`sex`,`birthday`,`score`,`status`,`contacts_name`,`contacts_mobile`,`login_count`,`last_login_at`,`last_login_ip`,`created_ip`,`create_time`,`update_time`) values (1,'粉丝 一','18668219910','fans1@qq.com','883838383','e10adc3949ba59abbe56e057f20f883e','李世龙','tet','/upload/image/fans/20180712/20180712114507.jpg',1,'1988-12-12',100,1,'李老师','15856445585',1,NULL,'','','2018-06-26 21:17:00','2018-07-12 11:45:28'),(2,'粉丝 二','18565234556','fans2@qq.com','751323225','e10adc3949ba59abbe56e057f20f883e','李世龙','test','/dist/img/default.jpg',2,'1988-12-13',197,1,'','',0,NULL,'','','2018-06-14 15:32:20','0000-00-00 00:00:00'),(3,'测试权限','18858287938','root@admin.com','12587344','e10adc3949ba59abbe56e057f20f883e','李世龙','','/dist/img/default.jpg',1,'1988-12-12',1,0,'李老师','15856445585',0,NULL,'','','2018-06-27 18:29:56','0000-00-00 00:00:00'),(4,'name1530095722','18858288888','1530095722@qq.com','1530095722','e10adc3949ba59abbe56e057f20f883e','name1530095722','','/dist/img/default.jpg',1,'2000-01-01',0,0,'李世龙','15858585858',0,NULL,'','','2018-05-24 18:35:34','0000-00-00 00:00:00'),(8,'name1530095876','15300958768','1530095876@qq.com','1530095876','e10adc3949ba59abbe56e057f20f883e','name1530095876','','/dist/img/default.jpg',1,'2000-01-01',0,1,'李世龙','15858585858',0,NULL,'','','2018-06-27 18:38:04','2018-07-05 17:42:08'),(10,'name1530096003','15300960038','1530096003@qq.com','1530096003','e10adc3949ba59abbe56e057f20f883e','name1530096003','','/upload/image/fans/20180712/20180712114647.jpg',1,'2000-01-01',0,1,'李世龙','15858585858',0,NULL,'','','2018-06-29 18:40:08','2018-07-12 11:46:48'),(11,'name1530096039','15300960398','1530096039@qq.com','1530096039','e10adc3949ba59abbe56e057f20f883e','粉丝-1530096039','','/dist/img/default.jpg',1,'2000-01-01',0,0,'李世龙','15858585858',0,NULL,'','','2018-06-27 18:40:43','2018-07-05 17:42:15'),(12,'name1530265297','15302652978','1530265297@qq.com','1530265297','e10adc3949ba59abbe56e057f20f883e','粉丝-1530265297','','/dist/img/default.jpg',1,'2000-01-01',0,0,'李世龙','15858585858',0,NULL,'','','2018-06-29 17:41:50','2018-07-05 17:30:40'),(13,'name1530597535','15305975358','1530597535@qq.com','1530597535','e10adc3949ba59abbe56e057f20f883e','粉丝-1530597535','','/dist/img/default.jpg',1,'2000-01-01',0,0,'李世龙','15858585858',0,NULL,'','','2018-07-03 13:59:04','2018-07-05 17:30:44'),(14,'name1530775409','15307754098','1530775409@qq.com','1530775409','e10adc3949ba59abbe56e057f20f883e','粉丝-1530775409','','/upload/image/fans/20180712/20180712114635.jpg',1,'2000-01-01',0,0,'李世龙','15858585858',0,NULL,'','','2018-07-05 15:23:47','2018-07-12 11:46:36'),(16,'昵称测试','18888458881','865196792@qq.com','865196792','e10adc3949ba59abbe56e057f20f883e','真实姓名','','/dist/img/default.jpg',2,'2015-10-15',0,0,'李世龙test','15858585858',0,NULL,'','','2018-07-05 17:10:57','2018-07-05 17:38:06'),(17,'测试','18858584876','1252555@qq.com','865196792','e10adc3949ba59abbe56e057f20f883e','测试','','/dist/img/default.jpg',2,'1988-12-12',0,0,'李老师','15855585581',0,NULL,'','','2018-07-03 17:14:27','2018-07-07 09:44:08'),(21,'红人链','18888888896','hongrenlian@qq.com','8651965445','e10adc3949ba59abbe56e057f20f883e','红人链','','/dist/img/default.jpg',1,'2015-12-12',0,1,'红人','15855585588',0,NULL,'','','2018-07-06 16:03:41','2018-07-06 16:03:41'),(22,'红人链','18888888891','hongrenlian123@qq.com','8651965445','e10adc3949ba59abbe56e057f20f883e','红人链','','/dist/img/default.jpg',1,'2015-12-12',0,1,'红人','15855585581',0,NULL,'','','2018-07-02 16:04:35','2018-07-06 16:04:35'),(24,'红人链','18888888841','hongrenlian123321@qq.com','8651965445','e10adc3949ba59abbe56e057f20f883e','红人链','','/upload/image/fans/20180712/20180712114623.jpg',2,'2015-12-12',0,1,'红人test','15855585531',0,NULL,'','','2018-07-06 16:05:38','2018-07-12 11:46:24'),(25,'网红','15858585858','2555@qq.com','865196792','e10adc3949ba59abbe56e057f20f883e','李旺华','','/upload/image/fans/20180712/20180712114538.jpg',1,'2015-12-12',0,1,'李老师','15855585588',0,NULL,'','','2018-07-06 20:06:40','2018-07-12 11:45:40'),(26,'小潘潘','15878945896','panjiu@qq.com','8651965445','e10adc3949ba59abbe56e057f20f883e','潘久久','','/upload/image/fans/20180712/20180712114549.jpg',2,'1988-12-12',0,1,'李老师','15856445585',0,NULL,'','','2018-07-06 20:48:43','2018-07-12 11:45:50'),(28,'昵称测试','18888888881','1252551235@qq.com','865196792','e10adc3949ba59abbe56e057f20f883e','真实姓名','','/upload/image/fans/20180712/20180712114558.jpg',1,'2018-07-16',0,0,'李世龙test','15855585581',0,NULL,'','','2018-07-09 18:53:17','2018-07-12 11:46:00'),(31,'测试权限','18888888800','testroot@admin.com','865196792','e10adc3949ba59abbe56e057f20f883e','真实姓名','','/upload/image/fans/20180712/20180712114608.jpg',2,'2018-07-10',0,1,'李老师','15855585581',0,NULL,'','','2018-07-10 16:10:56','2018-07-12 11:46:09'),(32,'粉丝测试','15962623333','145335@qq.com','12587344','e10adc3949ba59abbe56e057f20f883e','粉丝','','/upload/image/fans/20180711/20180711095805.jpg',1,'2018-07-11',0,0,'李世龙test',NULL,0,NULL,'','','2018-07-11 09:58:18','2018-07-11 09:58:39'),(33,'测试权限','18888888678','2555123@qq.com','865196792','e10adc3949ba59abbe56e057f20f883e','李世龙','','/upload/image/fans/20180712/20180712134157.jpg',1,'2018-07-12',0,0,'李世龙test','15856445585',0,NULL,'','','2018-07-12 13:42:23','2018-07-13 15:34:52'),(34,'root','19999999999','root@root.com','789987789','e10adc3949ba59abbe56e057f20f883e','梦涵','','/upload/image/fans/20180713/20180713153054.jpg',2,'2018-07-13',0,1,'红人','15855585530',0,NULL,'','','2018-07-13 15:32:51','2018-07-13 15:32:51'),(35,'admin','18888888888','admin@admin.com','12587344','e10adc3949ba59abbe56e057f20f883e','李世龙','','/upload/image/fans/20180716/20180716121752.jpg',2,'2018-07-16',0,1,'李老师','15855585581',0,NULL,'','','2018-07-16 12:18:15','2018-07-16 12:18:15');

/*Table structure for table `goods` */

DROP TABLE IF EXISTS `goods`;

CREATE TABLE `goods` (
  `goods_id` int(11) unsigned NOT NULL AUTO_INCREMENT,
  `cat_id` int(11) unsigned NOT NULL DEFAULT '0' COMMENT '分类id',
  `title` varchar(255) CHARACTER SET utf8 NOT NULL COMMENT '产品标题',
  `alias` varchar(255) CHARACTER SET utf8 DEFAULT NULL COMMENT '产品标题别名（应用于web端）',
  `indexpic` varchar(255) CHARACTER SET utf8 DEFAULT NULL COMMENT '标题图片',
  `goods_sn` varchar(255) CHARACTER SET utf8 NOT NULL COMMENT '商品唯一ID',
  `pictures` text CHARACTER SET utf8 NOT NULL COMMENT '图片地址',
  `price` decimal(9,2) unsigned NOT NULL DEFAULT '0.00' COMMENT '价格',
  `memprice` decimal(9,2) unsigned NOT NULL DEFAULT '0.00' COMMENT '红人圈',
  `kucun` int(11) unsigned DEFAULT '0' COMMENT '库存数量',
  `shouchu` int(11) unsigned NOT NULL DEFAULT '0' COMMENT '售出多少件',
  `attr` text COLLATE utf8mb4_unicode_ci COMMENT '规格属性',
  `intro` text CHARACTER SET utf8 NOT NULL COMMENT '商品详细信息',
  `status` tinyint(1) unsigned NOT NULL DEFAULT '1' COMMENT '0禁用；1为正常',
  `sj` tinyint(1) unsigned NOT NULL DEFAULT '0' COMMENT '0为下架；1为上架',
  `up_time` int(11) unsigned NOT NULL DEFAULT '0' COMMENT '商品上架时间',
  `down_time` int(11) unsigned NOT NULL DEFAULT '0' COMMENT '品商下架时间',
  `create_time` int(11) NOT NULL DEFAULT '0' COMMENT '商品添加时间',
  `update_time` int(11) DEFAULT '0' COMMENT '更新时间',
  PRIMARY KEY (`goods_id`),
  KEY `goods_id` (`goods_id`),
  KEY `title` (`title`),
  KEY `sj` (`sj`)
) ENGINE=InnoDB AUTO_INCREMENT=4 DEFAULT CHARSET=utf8mb4 COLLATE=utf8mb4_unicode_ci;

/*Data for the table `goods` */

insert  into `goods`(`goods_id`,`cat_id`,`title`,`alias`,`indexpic`,`goods_sn`,`pictures`,`price`,`memprice`,`kucun`,`shouchu`,`attr`,`intro`,`status`,`sj`,`up_time`,`down_time`,`create_time`,`update_time`) values (1,3,'iphone X','苹果手机iphoneX','/upload/image/goods/2018072513231415324961942110.png','H725962697449732','a:4:{i:0;s:52:\"/upload/image/goods/2018072513231415324961942110.png\";i:1;s:52:\"/upload/image/goods/2018072513231615324961964722.png\";i:2;s:52:\"/upload/image/goods/2018072513231915324961995511.png\";i:3;s:52:\"/upload/image/goods/2018072513232215324962027660.png\";}','6999.00','6999.00',100,0,'a:3:{i:0;a:2:{s:4:\"attr\";s:9:\"生产地\";s:3:\"val\";s:6:\"香港\";}i:1;a:2:{s:4:\"attr\";s:12:\"上市日期\";s:3:\"val\";s:7:\"2016年\";}i:2;a:2:{s:4:\"attr\";s:12:\"全国联保\";s:3:\"val\";s:4:\"1年\";}}','<img alt=\"\" class=\"\" src=\"https://img10.360buyimg.com/imgzone/jfs/t15079/323/2344529912/61849/ce9798d9/5a9cfa70N43f7357c.jpg\" width=\"750\" border=\"0\" height=\"277\" /> \r\n<div style=\"text-align:center;\">\r\n	<img alt=\"\" class=\"\" src=\"https://img30.360buyimg.com/jgsq-productsoa/jfs/t9724/59/1430591780/2138721/c72f6394/59e0726aN1edf23c4.jpg\" /> \r\n</div>',1,1,0,0,1532496269,0),(2,7,'MacBook Air','苹果笔记本128G','/upload/image/goods/2018072513285015324965307140.png','H725966155900837','a:5:{i:0;s:52:\"/upload/image/goods/2018072513285015324965307140.png\";i:1;s:52:\"/upload/image/goods/2018072513285115324965318396.png\";i:2;s:51:\"/upload/image/goods/201807251328511532496531481.png\";i:3;s:52:\"/upload/image/goods/2018072513285215324965324360.png\";i:4;s:51:\"/upload/image/goods/201807251328521532496532759.png\";}','12999.00','12999.00',22,0,'a:2:{i:0;a:2:{s:4:\"attr\";s:12:\"上市日期\";s:3:\"val\";s:4:\"2018\";}i:1;a:2:{s:4:\"attr\";s:12:\"全国联保\";s:3:\"val\";s:4:\"1年\";}}','<img alt=\"\" class=\"\" src=\"https://img10.360buyimg.com/imgzone/jfs/t16018/91/2301910231/60841/4b55d205/5a9f6f21N62632ac5.jpg\" width=\"750\" height=\"360\" /> \r\n<table id=\"__01\" class=\"ke-zeroborder\" width=\"750\" cellspacing=\"0\" cellpadding=\"0\" border=\"0\" align=\"center\" height=\"1024\">\r\n	<tbody>\r\n		<tr>\r\n			<td>\r\n				<br />\r\n			</td>\r\n		</tr>\r\n		<tr>\r\n			<td>\r\n				<img alt=\"\" class=\"\" src=\"https://img10.360buyimg.com/imgzone/jfs/t18643/24/2365700245/55768/a9c4be16/5af439caNd4d9688f.jpg\" width=\"750\" border=\"0\" height=\"416\" />\r\n			</td>\r\n		</tr>\r\n	</tbody>\r\n</table>\r\n<img alt=\"\" class=\"\" src=\"https://img13.360buyimg.com/cms/jfs/t15040/200/2066813059/148098/e28f0152/5a6aa3ccNc1031d28.jpg\" width=\"750\" height=\"1858\" />',1,1,0,0,1532496615,0),(3,4,'小米note3','小米布斯','/upload/image/goods/2018072717455415326847544087.png','A727849174528875','a:4:{i:0;s:52:\"/upload/image/goods/2018072717455415326847544087.png\";i:1;s:52:\"/upload/image/goods/2018072717455715326847572121.png\";i:2;s:52:\"/upload/image/goods/2018072717455815326847583163.png\";i:3;s:52:\"/upload/image/goods/2018072717455915326847597688.png\";}','1999.00','19999.00',1000,0,'a:2:{i:0;a:2:{s:4:\"attr\";s:6:\"产地\";s:3:\"val\";s:6:\"北京\";}i:1;a:2:{s:4:\"attr\";s:12:\"全国联保\";s:3:\"val\";s:4:\"1年\";}}','<img src=\"https://img30.360buyimg.com/sku/jfs/t8179/70/1413879873/209286/c663996f/59b93844Nd6cc1ba5.jpg\" alt=\"https://img30.360buyimg.com/sku/jfs/t8179/70/1413879873/209286/c663996f/59b93844Nd6cc1ba5.jpg\" />',1,0,0,0,1532684917,0);

/*Table structure for table `goods_cat` */

DROP TABLE IF EXISTS `goods_cat`;

CREATE TABLE `goods_cat` (
  `id` mediumint(8) unsigned NOT NULL AUTO_INCREMENT COMMENT '商品分类表主键ID',
  `title` varchar(100) NOT NULL DEFAULT '' COMMENT '分类名称',
  `desc` varchar(255) DEFAULT '' COMMENT '分类描述',
  `cat_path` varchar(100) DEFAULT ',' COMMENT '分类路径',
  `pid` mediumint(8) unsigned NOT NULL DEFAULT '0' COMMENT '父分类ID',
  `disabled` tinyint(1) unsigned NOT NULL DEFAULT '0' COMMENT '失效(有效;0;失效:1)',
  `icon` varchar(100) DEFAULT '' COMMENT '分类图标',
  `sex` tinyint(1) NOT NULL DEFAULT '0' COMMENT '性别（0：通用；1：男：2：女）',
  `is_hot` tinyint(1) unsigned NOT NULL DEFAULT '0' COMMENT '是否热门（0：不是；1：是）',
  `sort` mediumint(8) unsigned NOT NULL DEFAULT '0' COMMENT '排序（默认0,值小排序靠前）',
  `child_count` mediumint(8) unsigned NOT NULL DEFAULT '0' COMMENT '子分类数量',
  `goods_count` mediumint(8) unsigned NOT NULL DEFAULT '0' COMMENT '分类下商品数量',
  `type_id` mediumint(8) unsigned NOT NULL DEFAULT '0' COMMENT '类型ID(关联商品类型表)',
  `create_time` int(10) unsigned NOT NULL DEFAULT '0' COMMENT '添加时间',
  `update_time` int(10) unsigned NOT NULL DEFAULT '0' COMMENT '更新时间',
  PRIMARY KEY (`id`)
) ENGINE=MyISAM AUTO_INCREMENT=8 DEFAULT CHARSET=utf8 COMMENT='商品分类';

/*Data for the table `goods_cat` */

insert  into `goods_cat`(`id`,`title`,`desc`,`cat_path`,`pid`,`disabled`,`icon`,`sex`,`is_hot`,`sort`,`child_count`,`goods_count`,`type_id`,`create_time`,`update_time`) values (1,'数码产品','数码',',',0,0,'/upload/image/goods_cat/20180725/20180725131444.png',0,1,0,0,0,0,1532495692,0),(2,'手机','手机',',1',1,0,'/upload/image/goods_cat/20180725/20180725131525.png',0,0,0,0,0,0,1532495730,0),(3,'iphone','苹果手机',',1,2',2,0,'/upload/image/goods_cat/20180725/20180725131606.png',0,0,0,0,0,0,1532495773,0),(4,'国产手机','国产手机',',1,2',2,0,'/upload/image/goods_cat/20180725/20180725131656.png',0,0,0,0,0,0,1532495821,0),(5,'电脑','电脑',',1',1,0,'/upload/image/goods_cat/20180725/20180725131743.png',0,0,0,0,0,0,1532495868,0),(6,'台式电脑','台式电脑',',1,5',5,0,'/upload/image/goods_cat/20180725/20180725131829.png',0,0,0,0,0,0,1532495914,0),(7,'笔记本电脑','笔记本电脑',',1,5',5,0,'/upload/image/goods_cat/20180725/20180725131912.png',0,0,0,0,0,0,1532495958,0);

/*Table structure for table `goods_products` */

DROP TABLE IF EXISTS `goods_products`;

CREATE TABLE `goods_products` (
  `product_id` int(11) unsigned NOT NULL AUTO_INCREMENT,
  `product_sn` varchar(50) COLLATE utf8mb4_unicode_ci NOT NULL DEFAULT '' COMMENT '商品唯一编码',
  `jg` decimal(9,3) unsigned NOT NULL DEFAULT '0.000' COMMENT '价格',
  `kc` int(10) unsigned NOT NULL DEFAULT '0' COMMENT '库存',
  `sc` int(10) unsigned NOT NULL DEFAULT '0' COMMENT '售出',
  `ys` varchar(25) COLLATE utf8mb4_unicode_ci NOT NULL DEFAULT '' COMMENT '规格一：颜色',
  `cm` varchar(25) COLLATE utf8mb4_unicode_ci NOT NULL DEFAULT '' COMMENT '规格二：尺码',
  `status` tinyint(1) unsigned NOT NULL DEFAULT '1' COMMENT '状态（0：禁用；1：正常）',
  `create_time` int(11) unsigned NOT NULL DEFAULT '0' COMMENT '创建时间',
  `update_time` int(11) unsigned NOT NULL DEFAULT '0' COMMENT '更新时间',
  PRIMARY KEY (`product_id`)
) ENGINE=InnoDB AUTO_INCREMENT=14 DEFAULT CHARSET=utf8mb4 COLLATE=utf8mb4_unicode_ci;

/*Data for the table `goods_products` */

insert  into `goods_products`(`product_id`,`product_sn`,`jg`,`kc`,`sc`,`ys`,`cm`,`status`,`create_time`,`update_time`) values (1,'H725962697449732','6999.000',100,0,'亮黑色','16G',1,0,0),(2,'H725962697449732','6999.000',100,0,'深空灰','16G',1,0,0),(3,'H725962697449732','6999.000',100,0,'玫瑰金','16G',1,0,0),(4,'H725962697449732','6999.000',100,0,'亮黑色','64G',1,0,0),(5,'H725962697449732','6999.000',100,0,'深空灰','64G',1,0,0),(6,'H725962697449732','6999.000',100,0,'玫瑰金','64G',1,0,0),(7,'H725966155900837','12999.000',22,0,'深空灰','128',1,1532496615,0),(8,'H725966155900837','12999.000',22,0,'深空灰','256',1,1532496615,0),(9,'H725966155900837','12999.000',22,0,'玫瑰金','128',1,1532496615,0),(10,'H725966155900837','12999.000',22,0,'玫瑰金','256',1,1532496615,0),(11,'A727849174528875','333.000',10001,0,'红色','16G',1,1532684917,0),(12,'A727849174528875','334.000',10002,0,'黄色','16G',1,1532684917,0),(13,'A727849174528875','335.000',10003,0,'黑色','16G',1,1532684917,0);

/*Table structure for table `goods_spec` */

DROP TABLE IF EXISTS `goods_spec`;

CREATE TABLE `goods_spec` (
  `spec_id` int(11) unsigned NOT NULL AUTO_INCREMENT,
  `spec_title` varchar(50) COLLATE utf8mb4_unicode_ci NOT NULL DEFAULT '' COMMENT '规格名称',
  `spec_alias` varchar(100) COLLATE utf8mb4_unicode_ci DEFAULT '' COMMENT '规格别名',
  `status` tinyint(1) unsigned NOT NULL DEFAULT '1' COMMENT '规格状态',
  `create_time` int(11) unsigned NOT NULL DEFAULT '0' COMMENT '创建时间',
  `update_time` int(11) unsigned NOT NULL DEFAULT '0' COMMENT '更新时间',
  PRIMARY KEY (`spec_id`)
) ENGINE=InnoDB AUTO_INCREMENT=4 DEFAULT CHARSET=utf8mb4 COLLATE=utf8mb4_unicode_ci;

/*Data for the table `goods_spec` */

insert  into `goods_spec`(`spec_id`,`spec_title`,`spec_alias`,`status`,`create_time`,`update_time`) values (2,'颜色','color|颜色',1,1532432133,1532432248),(3,'尺码','尺码|chima',1,1532432523,1532432965);

/*Table structure for table `goods_spec_values` */

DROP TABLE IF EXISTS `goods_spec_values`;

CREATE TABLE `goods_spec_values` (
  `spec_value_id` int(11) unsigned NOT NULL AUTO_INCREMENT,
  `spec_id` int(11) unsigned NOT NULL DEFAULT '0' COMMENT '规格id',
  `spec_value` varchar(20) COLLATE utf8mb4_unicode_ci NOT NULL DEFAULT '' COMMENT '规格值',
  `spec_value_alias` varchar(50) COLLATE utf8mb4_unicode_ci DEFAULT '' COMMENT '规格值别名',
  `spec_value_sort` int(10) unsigned NOT NULL DEFAULT '0' COMMENT '规格值排序',
  `create_time` int(11) unsigned NOT NULL DEFAULT '0' COMMENT '创建时间',
  `update_time` int(11) unsigned NOT NULL DEFAULT '0' COMMENT '更新时间',
  PRIMARY KEY (`spec_value_id`)
) ENGINE=InnoDB AUTO_INCREMENT=16 DEFAULT CHARSET=utf8mb4 COLLATE=utf8mb4_unicode_ci;

/*Data for the table `goods_spec_values` */

insert  into `goods_spec_values`(`spec_value_id`,`spec_id`,`spec_value`,`spec_value_alias`,`spec_value_sort`,`create_time`,`update_time`) values (1,2,'红色','',1,1532432133,1532432248),(2,2,'橙色','',2,1532432133,1532432248),(3,2,'黄色','',3,1532432133,1532432222),(4,2,'绿色','',4,1532432133,1532432248),(5,2,'蓝色','',5,1532432133,1532432248),(6,2,'白色','',6,1532432222,1532432222),(7,2,'紫色','',7,1532432222,1532432222),(8,3,'S','',1,1532432523,1532432965),(9,3,'M','',2,1532432523,1532432965),(10,3,'L','',3,1532432523,1532432965),(11,3,'XL','',4,1532432576,1532432965),(12,3,'XXL','',5,1532432576,1532432965),(14,3,'XXXL','',6,1532432965,1532432965),(15,3,'XXXXL','',7,1532432965,1532432965);

/*Table structure for table `order` */

DROP TABLE IF EXISTS `order`;

CREATE TABLE `order` (
  `order_id` int(11) unsigned NOT NULL AUTO_INCREMENT,
  `order_sn` varchar(15) COLLATE utf8mb4_unicode_ci NOT NULL DEFAULT '' COMMENT '订单号',
  `user_id` int(11) unsigned NOT NULL DEFAULT '0' COMMENT '下单用户ID',
  `order_address` text CHARACTER SET utf8 COLLATE utf8_unicode_ci NOT NULL COMMENT '下单地址',
  `order_status` tinyint(1) unsigned zerofill NOT NULL DEFAULT '0' COMMENT '订单状态（0：待兑换；1：待发货；2：待收货；3：已完成；4：已取消）',
  `goods_products` text CHARACTER SET utf8 NOT NULL COMMENT '商品序列化存储',
  `sure_time` int(11) unsigned NOT NULL DEFAULT '0' COMMENT '确认日期',
  `fahuo_time` int(11) unsigned NOT NULL DEFAULT '0' COMMENT '发货时间',
  `wuliu_sn` varchar(255) CHARACTER SET utf8 DEFAULT NULL COMMENT '物流单号',
  `order_desc` varchar(255) CHARACTER SET utf8 NOT NULL DEFAULT '' COMMENT '订单备注',
  `type` tinyint(4) NOT NULL DEFAULT '0' COMMENT '订单配送方式（0：物流快递，1：上门自提）',
  `create_time` int(11) unsigned NOT NULL DEFAULT '0' COMMENT '创建时间',
  `update_time` int(11) unsigned NOT NULL DEFAULT '0' COMMENT '更新时间',
  PRIMARY KEY (`order_id`),
  UNIQUE KEY `UNIQUE` (`order_sn`)
) ENGINE=InnoDB AUTO_INCREMENT=3 DEFAULT CHARSET=utf8mb4 COLLATE=utf8mb4_unicode_ci;

/*Data for the table `order` */

insert  into `order`(`order_id`,`order_sn`,`user_id`,`order_address`,`order_status`,`goods_products`,`sure_time`,`fahuo_time`,`wuliu_sn`,`order_desc`,`type`,`create_time`,`update_time`) values (1,'A2147483647',7,'浙江省|杭州市|西湖区|东部软件园科技大厦909',1,'商品列表',0,0,'123456','周六日发货',0,0,0),(2,'A2173432343',7,'浙江省|杭州市|西湖区|东部软件园科技大厦909',0,'商品列表',0,0,'234567','test',0,0,0);

/*Table structure for table `region` */

DROP TABLE IF EXISTS `region`;

CREATE TABLE `region` (
  `Id` int(11) NOT NULL AUTO_INCREMENT,
  `Name` varchar(40) DEFAULT NULL,
  `ParentId` int(11) DEFAULT NULL,
  `ShortName` varchar(40) DEFAULT NULL,
  `LevelType` int(11) DEFAULT NULL,
  `CityCode` varchar(20) DEFAULT NULL,
  `ZipCode` varchar(20) DEFAULT NULL,
  `MergerName` varchar(100) DEFAULT NULL,
  `Lng` float DEFAULT NULL,
  `Lat` float DEFAULT NULL,
  `Pinyin` varchar(100) DEFAULT NULL,
  PRIMARY KEY (`Id`)
) ENGINE=InnoDB AUTO_INCREMENT=900002 DEFAULT CHARSET=utf8;

/*Data for the table `region` */

insert  into `region`(`Id`,`Name`,`ParentId`,`ShortName`,`LevelType`,`CityCode`,`ZipCode`,`MergerName`,`Lng`,`Lat`,`Pinyin`) values (110000,'北京',100000,'北京',1,'','','北京',116.405,39.905,'Beijing'),(110100,'北京市',110000,'北京市',2,'010','100000','北京市',116.405,39.905,'Beijing'),(110101,'东城区',110100,'东城区',3,'010','100010','东城区',116.41,39.9316,'Dongcheng'),(110102,'西城区',110100,'西城区',3,'010','100032','西城区',116.36,39.9305,'Xicheng'),(110105,'朝阳区',110100,'朝阳区',3,'010','100020','朝阳区',116.485,39.9484,'Chaoyang'),(110106,'丰台区',110100,'丰台区',3,'010','100071','丰台区',116.286,39.8585,'Fengtai'),(110107,'石景山区',110100,'石景山区',3,'010','100043','石景山区',116.223,39.9056,'Shijingshan'),(110108,'海淀区',110100,'海淀区',3,'010','100089','海淀区',116.298,39.9593,'Haidian'),(110109,'门头沟区',110100,'门头沟区',3,'010','102300','门头沟区',116.101,39.9404,'Mentougou'),(110111,'房山区',110100,'房山区',3,'010','102488','房山区',116.143,39.7479,'Fangshan'),(110112,'通州区',110100,'通州区',3,'010','101149','通州区',116.657,39.9097,'Tongzhou'),(110113,'顺义区',110100,'顺义区',3,'010','101300','顺义区',116.654,40.1302,'Shunyi'),(110114,'昌平区',110100,'昌平区',3,'010','102200','昌平区',116.231,40.2207,'Changping'),(110115,'大兴区',110100,'大兴区',3,'010','102600','大兴区',116.341,39.7267,'Daxing'),(110116,'怀柔区',110100,'怀柔区',3,'010','101400','怀柔区',116.632,40.316,'Huairou'),(110117,'平谷区',110100,'平谷区',3,'010','101200','平谷区',117.121,40.1406,'Pinggu'),(110228,'密云县',110100,'密云县',3,'010','101500','密云县',116.843,40.3762,'Miyun'),(110229,'延庆县',110100,'延庆县',3,'010','102100','延庆县',115.975,40.4567,'Yanqing'),(120000,'天津',100000,'天津',1,'','','天津',117.19,39.1256,'Tianjin'),(120100,'天津市',120000,'天津市',2,'022','300000','天津市',117.19,39.1256,'Tianjin'),(120101,'和平区',120100,'和平区',3,'022','300041','和平区',117.215,39.1172,'Heping'),(120102,'河东区',120100,'河东区',3,'022','300171','河东区',117.226,39.1232,'Hedong'),(120103,'河西区',120100,'河西区',3,'022','300202','河西区',117.223,39.1096,'Hexi'),(120104,'南开区',120100,'南开区',3,'022','300110','南开区',117.151,39.1382,'Nankai'),(120105,'河北区',120100,'河北区',3,'022','300143','河北区',117.197,39.1482,'Hebei'),(120106,'红桥区',120100,'红桥区',3,'022','300131','红桥区',117.151,39.1671,'Hongqiao'),(120110,'东丽区',120100,'东丽区',3,'022','300300','东丽区',117.314,39.0863,'Dongli'),(120111,'西青区',120100,'西青区',3,'022','300380','西青区',117.009,39.1412,'Xiqing'),(120112,'津南区',120100,'津南区',3,'022','300350','津南区',117.385,38.9914,'Jinnan'),(120113,'北辰区',120100,'北辰区',3,'022','300400','北辰区',117.132,39.2213,'Beichen'),(120114,'武清区',120100,'武清区',3,'022','301700','武清区',117.044,39.3842,'Wuqing'),(120115,'宝坻区',120100,'宝坻区',3,'022','301800','宝坻区',117.31,39.7176,'Baodi'),(120116,'滨海新区',120100,'滨海新区',3,'022','300451','滨海新区',117.702,39.0267,'Binhaixinqu'),(120221,'宁河县',120100,'宁河县',3,'022','301500','宁河县',117.826,39.3305,'Ninghe'),(120223,'静海县',120100,'静海县',3,'022','301600','静海县',116.974,38.9458,'Jinghai'),(120225,'蓟县',120100,'蓟县',3,'022','301900','蓟县',117.408,40.0457,'Jixian'),(130000,'河北省',100000,'河北省',1,'','','河北省',114.502,38.0455,'Hebei'),(130100,'石家庄市',130000,'石家庄市',2,'0311','050011','石家庄市',114.502,38.0455,'Shijiazhuang'),(130102,'长安区',130100,'长安区',3,'0311','050011','长安区',114.539,38.0367,'Chang\'an'),(130104,'桥西区',130100,'桥西区',3,'0311','050091','桥西区',114.47,38.0322,'Qiaoxi'),(130105,'新华区',130100,'新华区',3,'0311','050051','新华区',114.463,38.0509,'Xinhua'),(130107,'井陉矿区',130100,'井陉矿区',3,'0311','050100','井陉矿区',114.065,38.0671,'Jingxingkuangqu'),(130108,'裕华区',130100,'裕华区',3,'0311','050031','裕华区',114.531,38.006,'Yuhua'),(130109,'藁城区',130100,'藁城区',3,'0311','052160','藁城区',114.847,38.0216,'Gaocheng'),(130110,'鹿泉区',130100,'鹿泉区',3,'0311','050200','鹿泉区',114.313,38.0878,'Luquan'),(130111,'栾城区',130100,'栾城区',3,'0311','051430','栾城区',114.648,37.9002,'Luancheng'),(130121,'井陉县',130100,'井陉县',3,'0311','050300','井陉县',114.143,38.0369,'Jingxing'),(130123,'正定县',130100,'正定县',3,'0311','050800','正定县',114.573,38.1445,'Zhengding'),(130125,'行唐县',130100,'行唐县',3,'0311','050600','行唐县',114.553,38.4365,'Xingtang'),(130126,'灵寿县',130100,'灵寿县',3,'0311','050500','灵寿县',114.383,38.3084,'Lingshou'),(130127,'高邑县',130100,'高邑县',3,'0311','051330','高邑县',114.611,37.6156,'Gaoyi'),(130128,'深泽县',130100,'深泽县',3,'0311','052560','深泽县',115.204,38.1835,'Shenze'),(130129,'赞皇县',130100,'赞皇县',3,'0311','051230','赞皇县',114.388,37.6614,'Zanhuang'),(130130,'无极县',130100,'无极县',3,'0311','052460','无极县',114.975,38.1765,'Wuji'),(130131,'平山县',130100,'平山县',3,'0311','050400','平山县',114.186,38.2599,'Pingshan'),(130132,'元氏县',130100,'元氏县',3,'0311','051130','元氏县',114.525,37.7667,'Yuanshi'),(130133,'赵县',130100,'赵县',3,'0311','051530','赵县',114.776,37.7563,'Zhaoxian'),(130181,'辛集市',130100,'辛集市',3,'0311','052360','辛集市',115.206,37.9408,'Xinji'),(130183,'晋州市',130100,'晋州市',3,'0311','052260','晋州市',115.043,38.0313,'Jinzhou'),(130184,'新乐市',130100,'新乐市',3,'0311','050700','新乐市',114.69,38.3442,'Xinle'),(130200,'唐山市',130000,'唐山市',2,'0315','063000','唐山市',118.175,39.6351,'Tangshan'),(130202,'路南区',130200,'路南区',3,'0315','063000','路南区',118.154,39.625,'Lunan'),(130203,'路北区',130200,'路北区',3,'0315','063000','路北区',118.201,39.6244,'Lubei'),(130204,'古冶区',130200,'古冶区',3,'0315','063100','古冶区',118.458,39.7199,'Guye'),(130205,'开平区',130200,'开平区',3,'0315','063021','开平区',118.262,39.6713,'Kaiping'),(130207,'丰南区',130200,'丰南区',3,'0315','063300','丰南区',118.113,39.5648,'Fengnan'),(130208,'丰润区',130200,'丰润区',3,'0315','064000','丰润区',118.13,39.8244,'Fengrun'),(130209,'曹妃甸区',130200,'曹妃甸区',3,'0315','063200','曹妃甸区',118.46,39.2731,'Caofeidian'),(130223,'滦县',130200,'滦县',3,'0315','063700','滦县',118.703,39.7406,'Luanxian'),(130224,'滦南县',130200,'滦南县',3,'0315','063500','滦南县',118.674,39.5039,'Luannan'),(130225,'乐亭县',130200,'乐亭县',3,'0315','063600','乐亭县',118.912,39.4256,'Laoting'),(130227,'迁西县',130200,'迁西县',3,'0315','064300','迁西县',118.316,40.1459,'Qianxi'),(130229,'玉田县',130200,'玉田县',3,'0315','064100','玉田县',117.739,39.9005,'Yutian'),(130281,'遵化市',130200,'遵化市',3,'0315','064200','遵化市',117.964,40.1874,'Zunhua'),(130283,'迁安市',130200,'迁安市',3,'0315','064400','迁安市',118.701,39.9983,'Qian\'an'),(130300,'秦皇岛市',130000,'秦皇岛市',2,'0335','066000','秦皇岛市',119.587,39.9425,'Qinhuangdao'),(130302,'海港区',130300,'海港区',3,'0335','066000','海港区',119.61,39.9345,'Haigang'),(130303,'山海关区',130300,'山海关区',3,'0335','066200','山海关区',119.776,39.9787,'Shanhaiguan'),(130304,'北戴河区',130300,'北戴河区',3,'0335','066100','北戴河区',119.484,39.8341,'Beidaihe'),(130321,'青龙满族自治县',130300,'青龙满族自治县',3,'0335','066500','青龙满族自治县',118.952,40.4074,'Qinglong'),(130322,'昌黎县',130300,'昌黎县',3,'0335','066600','昌黎县',119.166,39.7088,'Changli'),(130323,'抚宁县',130300,'抚宁县',3,'0335','066300','抚宁县',119.245,39.8754,'Funing'),(130324,'卢龙县',130300,'卢龙县',3,'0335','066400','卢龙县',118.893,39.8918,'Lulong'),(130400,'邯郸市',130000,'邯郸市',2,'0310','056002','邯郸市',114.491,36.6123,'Handan'),(130402,'邯山区',130400,'邯山区',3,'0310','056001','邯山区',114.484,36.6001,'Hanshan'),(130403,'丛台区',130400,'丛台区',3,'0310','056002','丛台区',114.493,36.6185,'Congtai'),(130404,'复兴区',130400,'复兴区',3,'0310','056003','复兴区',114.459,36.6113,'Fuxing'),(130406,'峰峰矿区',130400,'峰峰矿区',3,'0310','056200','峰峰矿区',114.211,36.4194,'Fengfengkuangqu'),(130421,'邯郸县',130400,'邯郸县',3,'0310','056101','邯郸县',114.531,36.5938,'Handan'),(130423,'临漳县',130400,'临漳县',3,'0310','056600','临漳县',114.619,36.3346,'Linzhang'),(130424,'成安县',130400,'成安县',3,'0310','056700','成安县',114.67,36.4441,'Cheng\'an'),(130425,'大名县',130400,'大名县',3,'0310','056900','大名县',115.154,36.2799,'Daming'),(130426,'涉县',130400,'涉县',3,'0310','056400','涉县',113.692,36.5807,'Shexian'),(130427,'磁县',130400,'磁县',3,'0310','056500','磁县',114.374,36.3739,'Cixian'),(130428,'肥乡县',130400,'肥乡县',3,'0310','057550','肥乡县',114.8,36.5481,'Feixiang'),(130429,'永年县',130400,'永年县',3,'0310','057150','永年县',114.489,36.7836,'Yongnian'),(130430,'邱县',130400,'邱县',3,'0310','057450','邱县',115.174,36.8208,'Qiuxian'),(130431,'鸡泽县',130400,'鸡泽县',3,'0310','057350','鸡泽县',114.874,36.9237,'Jize'),(130432,'广平县',130400,'广平县',3,'0310','057650','广平县',114.947,36.4805,'Guangping'),(130433,'馆陶县',130400,'馆陶县',3,'0310','057750','馆陶县',115.299,36.5372,'Guantao'),(130434,'魏县',130400,'魏县',3,'0310','056800','魏县',114.935,36.3617,'Weixian'),(130435,'曲周县',130400,'曲周县',3,'0310','057250','曲周县',114.952,36.7767,'Quzhou'),(130481,'武安市',130400,'武安市',3,'0310','056300','武安市',114.202,36.6928,'Wu\'an'),(130500,'邢台市',130000,'邢台市',2,'0319','054001','邢台市',114.509,37.0682,'Xingtai'),(130502,'桥东区',130500,'桥东区',3,'0319','054001','桥东区',114.507,37.068,'Qiaodong'),(130503,'桥西区',130500,'桥西区',3,'0319','054000','桥西区',114.468,37.0598,'Qiaoxi'),(130521,'邢台县',130500,'邢台县',3,'0319','054001','邢台县',114.566,37.0456,'Xingtai'),(130522,'临城县',130500,'临城县',3,'0319','054300','临城县',114.504,37.4398,'Lincheng'),(130523,'内丘县',130500,'内丘县',3,'0319','054200','内丘县',114.512,37.2867,'Neiqiu'),(130524,'柏乡县',130500,'柏乡县',3,'0319','055450','柏乡县',114.693,37.4824,'Baixiang'),(130525,'隆尧县',130500,'隆尧县',3,'0319','055350','隆尧县',114.776,37.3535,'Longyao'),(130526,'任县',130500,'任县',3,'0319','055150','任县',114.684,37.1258,'Renxian'),(130527,'南和县',130500,'南和县',3,'0319','054400','南和县',114.684,37.0049,'Nanhe'),(130528,'宁晋县',130500,'宁晋县',3,'0319','055550','宁晋县',114.921,37.617,'Ningjin'),(130529,'巨鹿县',130500,'巨鹿县',3,'0319','055250','巨鹿县',115.035,37.218,'Julu'),(130530,'新河县',130500,'新河县',3,'0319','055650','新河县',115.25,37.5272,'Xinhe'),(130531,'广宗县',130500,'广宗县',3,'0319','054600','广宗县',115.143,37.0746,'Guangzong'),(130532,'平乡县',130500,'平乡县',3,'0319','054500','平乡县',115.03,37.0632,'Pingxiang'),(130533,'威县',130500,'威县',3,'0319','054700','威县',115.264,36.9768,'Weixian'),(130534,'清河县',130500,'清河县',3,'0319','054800','清河县',115.665,37.0712,'Qinghe'),(130535,'临西县',130500,'临西县',3,'0319','054900','临西县',115.501,36.8708,'Linxi'),(130581,'南宫市',130500,'南宫市',3,'0319','055750','南宫市',115.391,37.358,'Nangong'),(130582,'沙河市',130500,'沙河市',3,'0319','054100','沙河市',114.498,36.8577,'Shahe'),(130600,'保定市',130000,'保定市',2,'0312','071052','保定市',115.482,38.8677,'Baoding'),(130602,'新市区',130600,'新市区',3,'0312','071051','新市区',115.459,38.8775,'Xinshi'),(130603,'北市区',130600,'北市区',3,'0312','071000','北市区',115.497,38.8832,'Beishi'),(130604,'南市区',130600,'南市区',3,'0312','071001','南市区',115.529,38.8545,'Nanshi'),(130621,'满城县',130600,'满城县',3,'0312','072150','满城县',115.323,38.9497,'Mancheng'),(130622,'清苑县',130600,'清苑县',3,'0312','071100','清苑县',115.493,38.7671,'Qingyuan'),(130623,'涞水县',130600,'涞水县',3,'0312','074100','涞水县',115.715,39.394,'Laishui'),(130624,'阜平县',130600,'阜平县',3,'0312','073200','阜平县',114.197,38.8476,'Fuping'),(130625,'徐水县',130600,'徐水县',3,'0312','072550','徐水县',115.658,39.021,'Xushui'),(130626,'定兴县',130600,'定兴县',3,'0312','072650','定兴县',115.808,39.2631,'Dingxing'),(130627,'唐县',130600,'唐县',3,'0312','072350','唐县',114.985,38.7451,'Tangxian'),(130628,'高阳县',130600,'高阳县',3,'0312','071500','高阳县',115.779,38.7,'Gaoyang'),(130629,'容城县',130600,'容城县',3,'0312','071700','容城县',115.872,39.0535,'Rongcheng'),(130630,'涞源县',130600,'涞源县',3,'0312','074300','涞源县',114.691,39.3539,'Laiyuan'),(130631,'望都县',130600,'望都县',3,'0312','072450','望都县',115.157,38.71,'Wangdu'),(130632,'安新县',130600,'安新县',3,'0312','071600','安新县',115.936,38.9353,'Anxin'),(130633,'易县',130600,'易县',3,'0312','074200','易县',115.498,39.3489,'Yixian'),(130634,'曲阳县',130600,'曲阳县',3,'0312','073100','曲阳县',114.701,38.6215,'Quyang'),(130635,'蠡县',130600,'蠡县',3,'0312','071400','蠡县',115.577,38.4897,'Lixian'),(130636,'顺平县',130600,'顺平县',3,'0312','072250','顺平县',115.135,38.8385,'Shunping'),(130637,'博野县',130600,'博野县',3,'0312','071300','博野县',115.47,38.4564,'Boye'),(130638,'雄县',130600,'雄县',3,'0312','071800','雄县',116.109,38.9944,'Xiongxian'),(130681,'涿州市',130600,'涿州市',3,'0312','072750','涿州市',115.981,39.4862,'Zhuozhou'),(130682,'定州市',130600,'定州市',3,'0312','073000','定州市',114.99,38.5162,'Dingzhou'),(130683,'安国市',130600,'安国市',3,'0312','071200','安国市',115.323,38.4139,'Anguo'),(130684,'高碑店市',130600,'高碑店市',3,'0312','074000','高碑店市',115.874,39.3265,'Gaobeidian'),(130700,'张家口市',130000,'张家口市',2,'0313','075000','张家口市',114.884,40.8119,'Zhangjiakou'),(130702,'桥东区',130700,'桥东区',3,'0313','075000','桥东区',114.894,40.7884,'Qiaodong'),(130703,'桥西区',130700,'桥西区',3,'0313','075061','桥西区',114.87,40.8195,'Qiaoxi'),(130705,'宣化区',130700,'宣化区',3,'0313','075100','宣化区',115.065,40.6096,'Xuanhua'),(130706,'下花园区',130700,'下花园区',3,'0313','075300','下花园区',115.287,40.5024,'Xiahuayuan'),(130721,'宣化县',130700,'宣化县',3,'0313','075100','宣化县',115.155,40.5662,'Xuanhua'),(130722,'张北县',130700,'张北县',3,'0313','076450','张北县',114.714,41.1598,'Zhangbei'),(130723,'康保县',130700,'康保县',3,'0313','076650','康保县',114.6,41.8522,'Kangbao'),(130724,'沽源县',130700,'沽源县',3,'0313','076550','沽源县',115.689,41.6696,'Guyuan'),(130725,'尚义县',130700,'尚义县',3,'0313','076750','尚义县',113.971,41.0778,'Shangyi'),(130726,'蔚县',130700,'蔚县',3,'0313','075700','蔚县',114.589,39.8407,'Yuxian'),(130727,'阳原县',130700,'阳原县',3,'0313','075800','阳原县',114.151,40.1036,'Yangyuan'),(130728,'怀安县',130700,'怀安县',3,'0313','076150','怀安县',114.386,40.6743,'Huai\'an'),(130729,'万全县',130700,'万全县',3,'0313','076250','万全县',114.741,40.7669,'Wanquan'),(130730,'怀来县',130700,'怀来县',3,'0313','075400','怀来县',115.518,40.4154,'Huailai'),(130731,'涿鹿县',130700,'涿鹿县',3,'0313','075600','涿鹿县',115.224,40.3764,'Zhuolu'),(130732,'赤城县',130700,'赤城县',3,'0313','075500','赤城县',115.832,40.9144,'Chicheng'),(130733,'崇礼县',130700,'崇礼县',3,'0313','076350','崇礼县',115.28,40.9752,'Chongli'),(130800,'承德市',130000,'承德市',2,'0314','067000','承德市',117.939,40.9762,'Chengde'),(130802,'双桥区',130800,'双桥区',3,'0314','067000','双桥区',117.943,40.9747,'Shuangqiao'),(130803,'双滦区',130800,'双滦区',3,'0314','067001','双滦区',117.745,40.9538,'Shuangluan'),(130804,'鹰手营子矿区',130800,'鹰手营子矿区',3,'0314','067200','鹰手营子矿区',117.66,40.5474,'Yingshouyingzikuangqu'),(130821,'承德县',130800,'承德县',3,'0314','067400','承德县',118.176,40.7699,'Chengde'),(130822,'兴隆县',130800,'兴隆县',3,'0314','067300','兴隆县',117.501,40.4171,'Xinglong'),(130823,'平泉县',130800,'平泉县',3,'0314','067500','平泉县',118.702,41.0184,'Pingquan'),(130824,'滦平县',130800,'滦平县',3,'0314','068250','滦平县',117.333,40.9415,'Luanping'),(130825,'隆化县',130800,'隆化县',3,'0314','068150','隆化县',117.73,41.3141,'Longhua'),(130826,'丰宁满族自治县',130800,'丰宁满族自治县',3,'0314','068350','丰宁满族自治县',116.649,41.2048,'Fengning'),(130827,'宽城满族自治县',130800,'宽城满族自治县',3,'0314','067600','宽城满族自治县',118.492,40.6083,'Kuancheng'),(130828,'围场满族蒙古族自治县',130800,'围场满族蒙古族自治县',3,'0314','068450','围场满族蒙古族自治县',117.76,41.9437,'Weichang'),(130900,'沧州市',130000,'沧州市',2,'0317','061001','沧州市',116.857,38.3106,'Cangzhou'),(130902,'新华区',130900,'新华区',3,'0317','061000','新华区',116.866,38.3144,'Xinhua'),(130903,'运河区',130900,'运河区',3,'0317','061001','运河区',116.857,38.3135,'Yunhe'),(130921,'沧县',130900,'沧县',3,'0317','061000','沧县',116.878,38.2936,'Cangxian'),(130922,'青县',130900,'青县',3,'0317','062650','青县',116.803,38.5835,'Qingxian'),(130923,'东光县',130900,'东光县',3,'0317','061600','东光县',116.537,37.8857,'Dongguang'),(130924,'海兴县',130900,'海兴县',3,'0317','061200','海兴县',117.498,38.1396,'Haixing'),(130925,'盐山县',130900,'盐山县',3,'0317','061300','盐山县',117.231,38.0565,'Yanshan'),(130926,'肃宁县',130900,'肃宁县',3,'0317','062350','肃宁县',115.83,38.4227,'Suning'),(130927,'南皮县',130900,'南皮县',3,'0317','061500','南皮县',116.702,38.0411,'Nanpi'),(130928,'吴桥县',130900,'吴桥县',3,'0317','061800','吴桥县',116.385,37.6255,'Wuqiao'),(130929,'献县',130900,'献县',3,'0317','062250','献县',116.127,38.1923,'Xianxian'),(130930,'孟村回族自治县',130900,'孟村回族自治县',3,'0317','061400','孟村回族自治县',117.104,38.0534,'Mengcun'),(130981,'泊头市',130900,'泊头市',3,'0317','062150','泊头市',116.578,38.0836,'Botou'),(130982,'任丘市',130900,'任丘市',3,'0317','062550','任丘市',116.103,38.7112,'Renqiu'),(130983,'黄骅市',130900,'黄骅市',3,'0317','061100','黄骅市',117.339,38.3706,'Huanghua'),(130984,'河间市',130900,'河间市',3,'0317','062450','河间市',116.099,38.4455,'Hejian'),(131000,'廊坊市',130000,'廊坊市',2,'0316','065000','廊坊市',116.714,39.5292,'Langfang'),(131002,'安次区',131000,'安次区',3,'0316','065000','安次区',116.703,39.5206,'Anci'),(131003,'广阳区',131000,'广阳区',3,'0316','065000','广阳区',116.711,39.5228,'Guangyang'),(131022,'固安县',131000,'固安县',3,'0316','065500','固安县',116.299,39.4383,'Gu\'an'),(131023,'永清县',131000,'永清县',3,'0316','065600','永清县',116.501,39.3207,'Yongqing'),(131024,'香河县',131000,'香河县',3,'0316','065400','香河县',117.006,39.7613,'Xianghe'),(131025,'大城县',131000,'大城县',3,'0316','065900','大城县',116.654,38.7053,'Daicheng'),(131026,'文安县',131000,'文安县',3,'0316','065800','文安县',116.458,38.8732,'Wen\'an'),(131028,'大厂回族自治县',131000,'大厂回族自治县',3,'0316','065300','大厂回族自治县',116.989,39.8865,'Dachang'),(131081,'霸州市',131000,'霸州市',3,'0316','065700','霸州市',116.392,39.1257,'Bazhou'),(131082,'三河市',131000,'三河市',3,'0316','065200','三河市',117.072,39.9836,'Sanhe'),(131100,'衡水市',130000,'衡水市',2,'0318','053000','衡水市',115.666,37.7351,'Hengshui'),(131102,'桃城区',131100,'桃城区',3,'0318','053000','桃城区',115.675,37.735,'Taocheng'),(131121,'枣强县',131100,'枣强县',3,'0318','053100','枣强县',115.726,37.5103,'Zaoqiang'),(131122,'武邑县',131100,'武邑县',3,'0318','053400','武邑县',115.887,37.8018,'Wuyi'),(131123,'武强县',131100,'武强县',3,'0318','053300','武强县',115.982,38.0414,'Wuqiang'),(131124,'饶阳县',131100,'饶阳县',3,'0318','053900','饶阳县',115.726,38.2353,'Raoyang'),(131125,'安平县',131100,'安平县',3,'0318','053600','安平县',115.519,38.2339,'Anping'),(131126,'故城县',131100,'故城县',3,'0318','053800','故城县',115.971,37.3477,'Gucheng'),(131127,'景县',131100,'景县',3,'0318','053500','景县',116.269,37.6926,'Jingxian'),(131128,'阜城县',131100,'阜城县',3,'0318','053700','阜城县',116.144,37.8688,'Fucheng'),(131181,'冀州市',131100,'冀州市',3,'0318','053200','冀州市',115.579,37.5508,'Jizhou'),(131182,'深州市',131100,'深州市',3,'0318','053800','深州市',115.56,38.0011,'Shenzhou'),(140000,'山西省',100000,'山西省',1,'','','山西省',112.549,37.857,'Shanxi'),(140100,'太原市',140000,'太原市',2,'0351','030082','太原市',112.549,37.857,'Taiyuan'),(140105,'小店区',140100,'小店区',3,'0351','030032','小店区',112.569,37.7356,'Xiaodian'),(140106,'迎泽区',140100,'迎泽区',3,'0351','030002','迎泽区',112.563,37.8633,'Yingze'),(140107,'杏花岭区',140100,'杏花岭区',3,'0351','030009','杏花岭区',112.562,37.8843,'Xinghualing'),(140108,'尖草坪区',140100,'尖草坪区',3,'0351','030023','尖草坪区',112.487,37.9419,'Jiancaoping'),(140109,'万柏林区',140100,'万柏林区',3,'0351','030024','万柏林区',112.516,37.8592,'Wanbailin'),(140110,'晋源区',140100,'晋源区',3,'0351','030025','晋源区',112.48,37.7248,'Jinyuan'),(140121,'清徐县',140100,'清徐县',3,'0351','030400','清徐县',112.359,37.6076,'Qingxu'),(140122,'阳曲县',140100,'阳曲县',3,'0351','030100','阳曲县',112.679,38.0599,'Yangqu'),(140123,'娄烦县',140100,'娄烦县',3,'0351','030300','娄烦县',111.795,38.0669,'Loufan'),(140181,'古交市',140100,'古交市',3,'0351','030200','古交市',112.169,37.9098,'Gujiao'),(140200,'大同市',140000,'大同市',2,'0352','037008','大同市',113.295,40.0903,'Datong'),(140202,'城区',140200,'城区',3,'0352','037008','城区',113.298,40.0757,'Chengqu'),(140203,'矿区',140200,'矿区',3,'0352','037003','矿区',113.177,40.0368,'Kuangqu'),(140211,'南郊区',140200,'南郊区',3,'0352','037001','南郊区',113.149,40.0054,'Nanjiao'),(140212,'新荣区',140200,'新荣区',3,'0352','037002','新荣区',113.135,40.2562,'Xinrong'),(140221,'阳高县',140200,'阳高县',3,'0352','038100','阳高县',113.75,40.3626,'Yanggao'),(140222,'天镇县',140200,'天镇县',3,'0352','038200','天镇县',114.093,40.423,'Tianzhen'),(140223,'广灵县',140200,'广灵县',3,'0352','037500','广灵县',114.282,39.7608,'Guangling'),(140224,'灵丘县',140200,'灵丘县',3,'0352','034400','灵丘县',114.237,39.4404,'Lingqiu'),(140225,'浑源县',140200,'浑源县',3,'0352','037400','浑源县',113.696,39.6996,'Hunyuan'),(140226,'左云县',140200,'左云县',3,'0352','037100','左云县',112.703,40.0134,'Zuoyun'),(140227,'大同县',140200,'大同县',3,'0352','037300','大同县',113.612,40.0401,'Datong'),(140300,'阳泉市',140000,'阳泉市',2,'0353','045000','阳泉市',113.583,37.8612,'Yangquan'),(140302,'城区',140300,'城区',3,'0353','045000','城区',113.601,37.8474,'Chengqu'),(140303,'矿区',140300,'矿区',3,'0353','045000','矿区',113.557,37.8689,'Kuangqu'),(140311,'郊区',140300,'郊区',3,'0353','045011','郊区',113.585,37.9414,'Jiaoqu'),(140321,'平定县',140300,'平定县',3,'0353','045200','平定县',113.658,37.786,'Pingding'),(140322,'盂县',140300,'盂县',3,'0353','045100','盂县',113.412,38.0858,'Yuxian'),(140400,'长治市',140000,'长治市',2,'0355','046000','长治市',113.114,36.1911,'Changzhi'),(140402,'城区',140400,'城区',3,'0355','046011','城区',113.123,36.2035,'Chengqu'),(140411,'郊区',140400,'郊区',3,'0355','046011','郊区',113.127,36.1992,'Jiaoqu'),(140421,'长治县',140400,'长治县',3,'0355','047100','长治县',113.048,36.0472,'Changzhi'),(140423,'襄垣县',140400,'襄垣县',3,'0355','046200','襄垣县',113.052,36.5353,'Xiangyuan'),(140424,'屯留县',140400,'屯留县',3,'0355','046100','屯留县',112.892,36.3158,'Tunliu'),(140425,'平顺县',140400,'平顺县',3,'0355','047400','平顺县',113.436,36.2001,'Pingshun'),(140426,'黎城县',140400,'黎城县',3,'0355','047600','黎城县',113.388,36.503,'Licheng'),(140427,'壶关县',140400,'壶关县',3,'0355','047300','壶关县',113.207,36.113,'Huguan'),(140428,'长子县',140400,'长子县',3,'0355','046600','长子县',112.877,36.1213,'Zhangzi'),(140429,'武乡县',140400,'武乡县',3,'0355','046300','武乡县',112.863,36.8369,'Wuxiang'),(140430,'沁县',140400,'沁县',3,'0355','046400','沁县',112.699,36.7563,'Qinxian'),(140431,'沁源县',140400,'沁源县',3,'0355','046500','沁源县',112.338,36.5001,'Qinyuan'),(140481,'潞城市',140400,'潞城市',3,'0355','047500','潞城市',113.229,36.3341,'Lucheng'),(140500,'晋城市',140000,'晋城市',2,'0356','048000','晋城市',112.851,35.4976,'Jincheng'),(140502,'城区',140500,'城区',3,'0356','048000','城区',112.853,35.5018,'Chengqu'),(140521,'沁水县',140500,'沁水县',3,'0356','048200','沁水县',112.187,35.691,'Qinshui'),(140522,'阳城县',140500,'阳城县',3,'0356','048100','阳城县',112.415,35.4861,'Yangcheng'),(140524,'陵川县',140500,'陵川县',3,'0356','048300','陵川县',113.281,35.7753,'Lingchuan'),(140525,'泽州县',140500,'泽州县',3,'0356','048012','泽州县',112.839,35.5079,'Zezhou'),(140581,'高平市',140500,'高平市',3,'0356','048400','高平市',112.923,35.7971,'Gaoping'),(140600,'朔州市',140000,'朔州市',2,'0349','038500','朔州市',112.433,39.3313,'Shuozhou'),(140602,'朔城区',140600,'朔城区',3,'0349','036000','朔城区',112.432,39.3198,'Shuocheng'),(140603,'平鲁区',140600,'平鲁区',3,'0349','038600','平鲁区',112.288,39.5116,'Pinglu'),(140621,'山阴县',140600,'山阴县',3,'0349','036900','山阴县',112.817,39.527,'Shanyin'),(140622,'应县',140600,'应县',3,'0349','037600','应县',113.191,39.5528,'Yingxian'),(140623,'右玉县',140600,'右玉县',3,'0349','037200','右玉县',112.469,39.9901,'Youyu'),(140624,'怀仁县',140600,'怀仁县',3,'0349','038300','怀仁县',113.1,39.8281,'Huairen'),(140700,'晋中市',140000,'晋中市',2,'0354','030600','晋中市',112.736,37.6965,'Jinzhong'),(140702,'榆次区',140700,'榆次区',3,'0354','030600','榆次区',112.708,37.6978,'Yuci'),(140721,'榆社县',140700,'榆社县',3,'0354','031800','榆社县',112.976,37.0721,'Yushe'),(140722,'左权县',140700,'左权县',3,'0354','032600','左权县',113.379,37.0824,'Zuoquan'),(140723,'和顺县',140700,'和顺县',3,'0354','032700','和顺县',113.57,37.3296,'Heshun'),(140724,'昔阳县',140700,'昔阳县',3,'0354','045300','昔阳县',113.705,37.6186,'Xiyang'),(140725,'寿阳县',140700,'寿阳县',3,'0354','045400','寿阳县',113.175,37.889,'Shouyang'),(140726,'太谷县',140700,'太谷县',3,'0354','030800','太谷县',112.552,37.4216,'Taigu'),(140727,'祁县',140700,'祁县',3,'0354','030900','祁县',112.334,37.3579,'Qixian'),(140728,'平遥县',140700,'平遥县',3,'0354','031100','平遥县',112.176,37.1892,'Pingyao'),(140729,'灵石县',140700,'灵石县',3,'0354','031300','灵石县',111.777,36.8481,'Lingshi'),(140781,'介休市',140700,'介休市',3,'0354','032000','介休市',111.918,37.0277,'Jiexiu'),(140800,'运城市',140000,'运城市',2,'0359','044000','运城市',111.004,35.0228,'Yuncheng'),(140802,'盐湖区',140800,'盐湖区',3,'0359','044000','盐湖区',110.998,35.0151,'Yanhu'),(140821,'临猗县',140800,'临猗县',3,'0359','044100','临猗县',110.774,35.1446,'Linyi'),(140822,'万荣县',140800,'万荣县',3,'0359','044200','万荣县',110.837,35.4156,'Wanrong'),(140823,'闻喜县',140800,'闻喜县',3,'0359','043800','闻喜县',111.223,35.3555,'Wenxi'),(140824,'稷山县',140800,'稷山县',3,'0359','043200','稷山县',110.979,35.5999,'Jishan'),(140825,'新绛县',140800,'新绛县',3,'0359','043100','新绛县',111.225,35.6157,'Xinjiang'),(140826,'绛县',140800,'绛县',3,'0359','043600','绛县',111.567,35.491,'Jiangxian'),(140827,'垣曲县',140800,'垣曲县',3,'0359','043700','垣曲县',111.672,35.2992,'Yuanqu'),(140828,'夏县',140800,'夏县',3,'0359','044400','夏县',111.22,35.1412,'Xiaxian'),(140829,'平陆县',140800,'平陆县',3,'0359','044300','平陆县',111.217,34.8377,'Pinglu'),(140830,'芮城县',140800,'芮城县',3,'0359','044600','芮城县',110.695,34.6938,'Ruicheng'),(140881,'永济市',140800,'永济市',3,'0359','044500','永济市',110.445,34.8656,'Yongji'),(140882,'河津市',140800,'河津市',3,'0359','043300','河津市',110.712,35.5948,'Hejin'),(140900,'忻州市',140000,'忻州市',2,'0350','034000','忻州市',112.734,38.4177,'Xinzhou'),(140902,'忻府区',140900,'忻府区',3,'0350','034000','忻府区',112.746,38.4041,'Xinfu'),(140921,'定襄县',140900,'定襄县',3,'0350','035400','定襄县',112.957,38.4739,'Dingxiang'),(140922,'五台县',140900,'五台县',3,'0350','035500','五台县',113.253,38.7277,'Wutai'),(140923,'代县',140900,'代县',3,'0350','034200','代县',112.959,39.0672,'Daixian'),(140924,'繁峙县',140900,'繁峙县',3,'0350','034300','繁峙县',113.263,39.1889,'Fanshi'),(140925,'宁武县',140900,'宁武县',3,'0350','036700','宁武县',112.304,39.0021,'Ningwu'),(140926,'静乐县',140900,'静乐县',3,'0350','035100','静乐县',111.942,38.3602,'Jingle'),(140927,'神池县',140900,'神池县',3,'0350','036100','神池县',112.205,39.09,'Shenchi'),(140928,'五寨县',140900,'五寨县',3,'0350','036200','五寨县',111.849,38.9076,'Wuzhai'),(140929,'岢岚县',140900,'岢岚县',3,'0350','036300','岢岚县',111.574,38.7045,'Kelan'),(140930,'河曲县',140900,'河曲县',3,'0350','036500','河曲县',111.138,39.3844,'Hequ'),(140931,'保德县',140900,'保德县',3,'0350','036600','保德县',111.087,39.0225,'Baode'),(140932,'偏关县',140900,'偏关县',3,'0350','036400','偏关县',111.509,39.4361,'Pianguan'),(140981,'原平市',140900,'原平市',3,'0350','034100','原平市',112.706,38.7318,'Yuanping'),(141000,'临汾市',140000,'临汾市',2,'0357','041000','临汾市',111.518,36.0841,'Linfen'),(141002,'尧都区',141000,'尧都区',3,'0357','041000','尧都区',111.579,36.083,'Yaodu'),(141021,'曲沃县',141000,'曲沃县',3,'0357','043400','曲沃县',111.475,35.6412,'Quwo'),(141022,'翼城县',141000,'翼城县',3,'0357','043500','翼城县',111.718,35.7388,'Yicheng'),(141023,'襄汾县',141000,'襄汾县',3,'0357','041500','襄汾县',111.442,35.8771,'Xiangfen'),(141024,'洪洞县',141000,'洪洞县',3,'0357','041600','洪洞县',111.675,36.2542,'Hongtong'),(141025,'古县',141000,'古县',3,'0357','042400','古县',111.92,36.2669,'Guxian'),(141026,'安泽县',141000,'安泽县',3,'0357','042500','安泽县',112.25,36.148,'Anze'),(141027,'浮山县',141000,'浮山县',3,'0357','042600','浮山县',111.847,35.9685,'Fushan'),(141028,'吉县',141000,'吉县',3,'0357','042200','吉县',110.681,36.0987,'Jixian'),(141029,'乡宁县',141000,'乡宁县',3,'0357','042100','乡宁县',110.847,35.9707,'Xiangning'),(141030,'大宁县',141000,'大宁县',3,'0357','042300','大宁县',110.752,36.4662,'Daning'),(141031,'隰县',141000,'隰县',3,'0357','041300','隰县',110.939,36.6926,'Xixian'),(141032,'永和县',141000,'永和县',3,'0357','041400','永和县',110.632,36.7584,'Yonghe'),(141033,'蒲县',141000,'蒲县',3,'0357','041200','蒲县',111.097,36.4124,'Puxian'),(141034,'汾西县',141000,'汾西县',3,'0357','031500','汾西县',111.568,36.6506,'Fenxi'),(141081,'侯马市',141000,'侯马市',3,'0357','043000','侯马市',111.372,35.619,'Houma'),(141082,'霍州市',141000,'霍州市',3,'0357','031400','霍州市',111.755,36.5638,'Huozhou'),(141100,'吕梁市',140000,'吕梁市',2,'0358','033000','吕梁市',111.134,37.5244,'Lvliang'),(141102,'离石区',141100,'离石区',3,'0358','033000','离石区',111.151,37.5177,'Lishi'),(141121,'文水县',141100,'文水县',3,'0358','032100','文水县',112.028,37.4384,'Wenshui'),(141122,'交城县',141100,'交城县',3,'0358','030500','交城县',112.159,37.5512,'Jiaocheng'),(141123,'兴县',141100,'兴县',3,'0358','033600','兴县',111.127,38.4632,'Xingxian'),(141124,'临县',141100,'临县',3,'0358','033200','临县',110.993,37.9527,'Linxian'),(141125,'柳林县',141100,'柳林县',3,'0358','033300','柳林县',110.889,37.4293,'Liulin'),(141126,'石楼县',141100,'石楼县',3,'0358','032500','石楼县',110.835,36.9973,'Shilou'),(141127,'岚县',141100,'岚县',3,'0358','033500','岚县',111.676,38.2787,'Lanxian'),(141128,'方山县',141100,'方山县',3,'0358','033100','方山县',111.24,37.8898,'Fangshan'),(141129,'中阳县',141100,'中阳县',3,'0358','033400','中阳县',111.179,37.3572,'Zhongyang'),(141130,'交口县',141100,'交口县',3,'0358','032400','交口县',111.181,36.9821,'Jiaokou'),(141181,'孝义市',141100,'孝义市',3,'0358','032300','孝义市',111.774,37.1441,'Xiaoyi'),(141182,'汾阳市',141100,'汾阳市',3,'0358','032200','汾阳市',111.788,37.266,'Fenyang'),(150000,'内蒙古自治区',100000,'内蒙古自治区',1,'','','内蒙古自治区',111.671,40.8183,'Inner Mongolia'),(150100,'呼和浩特市',150000,'呼和浩特市',2,'0471','010000','呼和浩特市',111.671,40.8183,'Hohhot'),(150102,'新城区',150100,'新城区',3,'0471','010050','新城区',111.666,40.8583,'Xincheng'),(150103,'回民区',150100,'回民区',3,'0471','010030','回民区',111.624,40.8083,'Huimin'),(150104,'玉泉区',150100,'玉泉区',3,'0471','010020','玉泉区',111.675,40.7523,'Yuquan'),(150105,'赛罕区',150100,'赛罕区',3,'0471','010020','赛罕区',111.702,40.7921,'Saihan'),(150121,'土默特左旗',150100,'土默特左旗',3,'0471','010100','土默特左旗',111.149,40.7223,'Tumotezuoqi'),(150122,'托克托县',150100,'托克托县',3,'0471','010200','托克托县',111.191,40.2749,'Tuoketuo'),(150123,'和林格尔县',150100,'和林格尔县',3,'0471','011500','和林格尔县',111.822,40.3789,'Helingeer'),(150124,'清水河县',150100,'清水河县',3,'0471','011600','清水河县',111.683,39.9097,'Qingshuihe'),(150125,'武川县',150100,'武川县',3,'0471','011700','武川县',111.458,41.0929,'Wuchuan'),(150200,'包头市',150000,'包头市',2,'0472','014025','包头市',109.84,40.6582,'Baotou'),(150202,'东河区',150200,'东河区',3,'0472','014040','东河区',110.046,40.5824,'Donghe'),(150203,'昆都仑区',150200,'昆都仑区',3,'0472','014010','昆都仑区',109.839,40.6418,'Kundulun'),(150204,'青山区',150200,'青山区',3,'0472','014030','青山区',109.901,40.6433,'Qingshan'),(150205,'石拐区',150200,'石拐区',3,'0472','014070','石拐区',110.273,40.673,'Shiguai'),(150206,'白云鄂博矿区',150200,'白云鄂博矿区',3,'0472','014080','白云鄂博矿区',109.974,41.7697,'Baiyunebokuangqu'),(150207,'九原区',150200,'九原区',3,'0472','014060','九原区',109.965,40.6055,'Jiuyuan'),(150221,'土默特右旗',150200,'土默特右旗',3,'0472','014100','土默特右旗',110.524,40.5688,'Tumoteyouqi'),(150222,'固阳县',150200,'固阳县',3,'0472','014200','固阳县',110.064,41.0185,'Guyang'),(150223,'达尔罕茂明安联合旗',150200,'达尔罕茂明安联合旗',3,'0472','014500','达尔罕茂明安联合旗',110.433,41.6987,'Damaoqi'),(150300,'乌海市',150000,'乌海市',2,'0473','016000','乌海市',106.826,39.6737,'Wuhai'),(150302,'海勃湾区',150300,'海勃湾区',3,'0473','016000','海勃湾区',106.822,39.6696,'Haibowan'),(150303,'海南区',150300,'海南区',3,'0473','016030','海南区',106.887,39.4413,'Hainan'),(150304,'乌达区',150300,'乌达区',3,'0473','016040','乌达区',106.727,39.505,'Wuda'),(150400,'赤峰市',150000,'赤峰市',2,'0476','024000','赤峰市',118.957,42.2753,'Chifeng'),(150402,'红山区',150400,'红山区',3,'0476','024020','红山区',118.958,42.2431,'Hongshan'),(150403,'元宝山区',150400,'元宝山区',3,'0476','024076','元宝山区',119.289,42.0401,'Yuanbaoshan'),(150404,'松山区',150400,'松山区',3,'0476','024005','松山区',118.933,42.2861,'Songshan'),(150421,'阿鲁科尔沁旗',150400,'阿鲁科尔沁旗',3,'0476','025550','阿鲁科尔沁旗',120.065,43.8799,'Alukeerqinqi'),(150422,'巴林左旗',150400,'巴林左旗',3,'0476','025450','巴林左旗',119.38,43.9703,'Balinzuoqi'),(150423,'巴林右旗',150400,'巴林右旗',3,'0476','025150','巴林右旗',118.665,43.5339,'Balinyouqi'),(150424,'林西县',150400,'林西县',3,'0476','025250','林西县',118.047,43.6116,'Linxi'),(150425,'克什克腾旗',150400,'克什克腾旗',3,'0476','025350','克什克腾旗',117.546,43.265,'Keshiketengqi'),(150426,'翁牛特旗',150400,'翁牛特旗',3,'0476','024500','翁牛特旗',119.03,42.9315,'Wengniuteqi'),(150428,'喀喇沁旗',150400,'喀喇沁旗',3,'0476','024400','喀喇沁旗',118.701,41.9292,'Kalaqinqi'),(150429,'宁城县',150400,'宁城县',3,'0476','024200','宁城县',119.344,41.5966,'Ningcheng'),(150430,'敖汉旗',150400,'敖汉旗',3,'0476','024300','敖汉旗',119.922,42.2907,'Aohanqi'),(150500,'通辽市',150000,'通辽市',2,'0475','028000','通辽市',122.263,43.6174,'Tongliao'),(150502,'科尔沁区',150500,'科尔沁区',3,'0475','028000','科尔沁区',122.256,43.6226,'Keerqin'),(150521,'科尔沁左翼中旗',150500,'科尔沁左翼中旗',3,'0475','029300','科尔沁左翼中旗',123.319,44.1301,'Keerqinzuoyizhongqi'),(150522,'科尔沁左翼后旗',150500,'科尔沁左翼后旗',3,'0475','028100','科尔沁左翼后旗',122.357,42.949,'Keerqinzuoyihouqi'),(150523,'开鲁县',150500,'开鲁县',3,'0475','028400','开鲁县',121.319,43.6,'Kailu'),(150524,'库伦旗',150500,'库伦旗',3,'0475','028200','库伦旗',121.776,42.73,'Kulunqi'),(150525,'奈曼旗',150500,'奈曼旗',3,'0475','028300','奈曼旗',120.663,42.8453,'Naimanqi'),(150526,'扎鲁特旗',150500,'扎鲁特旗',3,'0475','029100','扎鲁特旗',120.915,44.5559,'Zhaluteqi'),(150581,'霍林郭勒市',150500,'霍林郭勒市',3,'0475','029200','霍林郭勒市',119.654,45.5345,'Huolinguole'),(150600,'鄂尔多斯市',150000,'鄂尔多斯市',2,'0477','017004','鄂尔多斯市',109.99,39.8172,'Ordos'),(150602,'东胜区',150600,'东胜区',3,'0477','017000','东胜区',109.963,39.8224,'Dongsheng'),(150621,'达拉特旗',150600,'达拉特旗',3,'0477','014300','达拉特旗',110.033,40.4001,'Dalateqi'),(150622,'准格尔旗',150600,'准格尔旗',3,'0477','017100','准格尔旗',111.236,39.8678,'Zhungeerqi'),(150623,'鄂托克前旗',150600,'鄂托克前旗',3,'0477','016200','鄂托克前旗',107.484,38.184,'Etuokeqianqi'),(150624,'鄂托克旗',150600,'鄂托克旗',3,'0477','016100','鄂托克旗',107.982,39.0946,'Etuokeqi'),(150625,'杭锦旗',150600,'杭锦旗',3,'0477','017400','杭锦旗',108.729,39.8402,'Hangjinqi'),(150626,'乌审旗',150600,'乌审旗',3,'0477','017300','乌审旗',108.846,38.5909,'Wushenqi'),(150627,'伊金霍洛旗',150600,'伊金霍洛旗',3,'0477','017200','伊金霍洛旗',109.749,39.5739,'Yijinhuoluoqi'),(150700,'呼伦贝尔市',150000,'呼伦贝尔市',2,'0470','021008','呼伦贝尔市',119.758,49.2153,'Hulunber'),(150702,'海拉尔区',150700,'海拉尔区',3,'0470','021000','海拉尔区',119.736,49.2122,'Hailaer'),(150703,'扎赉诺尔区',150700,'扎赉诺尔区',3,'0470','021410','扎赉诺尔区',117.793,49.4869,'Zhalainuoer'),(150721,'阿荣旗',150700,'阿荣旗',3,'0470','162750','阿荣旗',123.459,48.1258,'Arongqi'),(150722,'莫力达瓦达斡尔族自治旗',150700,'莫力达瓦达斡尔族自治旗',3,'0470','162850','莫力达瓦达斡尔族自治旗',124.515,48.4805,'Moqi'),(150723,'鄂伦春自治旗',150700,'鄂伦春自治旗',3,'0470','165450','鄂伦春自治旗',123.726,50.5978,'Elunchun'),(150724,'鄂温克族自治旗',150700,'鄂温克族自治旗',3,'0470','021100','鄂温克族自治旗',119.757,49.1428,'Ewen'),(150725,'陈巴尔虎旗',150700,'陈巴尔虎旗',3,'0470','021500','陈巴尔虎旗',119.424,49.3268,'Chenbaerhuqi'),(150726,'新巴尔虎左旗',150700,'新巴尔虎左旗',3,'0470','021200','新巴尔虎左旗',118.27,48.2184,'Xinbaerhuzuoqi'),(150727,'新巴尔虎右旗',150700,'新巴尔虎右旗',3,'0470','021300','新巴尔虎右旗',116.824,48.6647,'Xinbaerhuyouqi'),(150781,'满洲里市',150700,'满洲里市',3,'0470','021400','满洲里市',117.479,49.5827,'Manzhouli'),(150782,'牙克石市',150700,'牙克石市',3,'0470','022150','牙克石市',120.712,49.2856,'Yakeshi'),(150783,'扎兰屯市',150700,'扎兰屯市',3,'0470','162650','扎兰屯市',122.738,48.0136,'Zhalantun'),(150784,'额尔古纳市',150700,'额尔古纳市',3,'0470','022250','额尔古纳市',120.191,50.2425,'Eerguna'),(150785,'根河市',150700,'根河市',3,'0470','022350','根河市',121.522,50.78,'Genhe'),(150800,'巴彦淖尔市',150000,'巴彦淖尔市',2,'0478','015001','巴彦淖尔市',107.417,40.7574,'Bayan Nur'),(150802,'临河区',150800,'临河区',3,'0478','015001','临河区',107.427,40.7583,'Linhe'),(150821,'五原县',150800,'五原县',3,'0478','015100','五原县',108.269,41.0963,'Wuyuan'),(150822,'磴口县',150800,'磴口县',3,'0478','015200','磴口县',107.009,40.3306,'Dengkou'),(150823,'乌拉特前旗',150800,'乌拉特前旗',3,'0478','014400','乌拉特前旗',108.652,40.7365,'Wulateqianqi'),(150824,'乌拉特中旗',150800,'乌拉特中旗',3,'0478','015300','乌拉特中旗',108.526,41.5679,'Wulatezhongqi'),(150825,'乌拉特后旗',150800,'乌拉特后旗',3,'0478','015500','乌拉特后旗',106.99,41.4315,'Wulatehouqi'),(150826,'杭锦后旗',150800,'杭锦后旗',3,'0478','015400','杭锦后旗',107.151,40.8863,'Hangjinhouqi'),(150900,'乌兰察布市',150000,'乌兰察布市',2,'0474','012000','乌兰察布市',113.115,41.0341,'Ulanqab'),(150902,'集宁区',150900,'集宁区',3,'0474','012000','集宁区',113.115,41.0353,'Jining'),(150921,'卓资县',150900,'卓资县',3,'0474','012300','卓资县',112.578,40.8941,'Zhuozi'),(150922,'化德县',150900,'化德县',3,'0474','013350','化德县',114.011,41.9043,'Huade'),(150923,'商都县',150900,'商都县',3,'0474','013450','商都县',113.578,41.5621,'Shangdu'),(150924,'兴和县',150900,'兴和县',3,'0474','013650','兴和县',113.834,40.8719,'Xinghe'),(150925,'凉城县',150900,'凉城县',3,'0474','013750','凉城县',112.496,40.5335,'Liangcheng'),(150926,'察哈尔右翼前旗',150900,'察哈尔右翼前旗',3,'0474','012200','察哈尔右翼前旗',113.221,40.7788,'Chayouqianqi'),(150927,'察哈尔右翼中旗',150900,'察哈尔右翼中旗',3,'0474','013550','察哈尔右翼中旗',112.635,41.2774,'Chayouzhongqi'),(150928,'察哈尔右翼后旗',150900,'察哈尔右翼后旗',3,'0474','012400','察哈尔右翼后旗',113.192,41.4355,'Chayouhouqi'),(150929,'四子王旗',150900,'四子王旗',3,'0474','011800','四子王旗',111.707,41.5331,'Siziwangqi'),(150981,'丰镇市',150900,'丰镇市',3,'0474','012100','丰镇市',113.11,40.4369,'Fengzhen'),(152200,'兴安盟',150000,'兴安盟',2,'0482','137401','兴安盟',122.07,46.0763,'Hinggan'),(152201,'乌兰浩特市',152200,'乌兰浩特市',3,'0482','137401','乌兰浩特市',122.064,46.0624,'Wulanhaote'),(152202,'阿尔山市',152200,'阿尔山市',3,'0482','137800','阿尔山市',119.943,47.1772,'Aershan'),(152221,'科尔沁右翼前旗',152200,'科尔沁右翼前旗',3,'0482','137423','科尔沁右翼前旗',121.953,46.0795,'Keyouqianqi'),(152222,'科尔沁右翼中旗',152200,'科尔沁右翼中旗',3,'0482','029400','科尔沁右翼中旗',121.468,45.056,'Keyouzhongqi'),(152223,'扎赉特旗',152200,'扎赉特旗',3,'0482','137600','扎赉特旗',122.912,46.7267,'Zhalaiteqi'),(152224,'突泉县',152200,'突泉县',3,'0482','137500','突泉县',121.594,45.3819,'Tuquan'),(152500,'锡林郭勒盟',150000,'锡林郭勒盟',2,'0479','026000','锡林郭勒盟',116.091,43.944,'Xilin Gol'),(152501,'二连浩特市',152500,'二连浩特市',3,'0479','011100','二连浩特市',111.983,43.653,'Erlianhaote'),(152502,'锡林浩特市',152500,'锡林浩特市',3,'0479','026021','锡林浩特市',116.086,43.9334,'Xilinhaote'),(152522,'阿巴嘎旗',152500,'阿巴嘎旗',3,'0479','011400','阿巴嘎旗',114.968,44.0217,'Abagaqi'),(152523,'苏尼特左旗',152500,'苏尼特左旗',3,'0479','011300','苏尼特左旗',113.651,43.8569,'Sunitezuoqi'),(152524,'苏尼特右旗',152500,'苏尼特右旗',3,'0479','011200','苏尼特右旗',112.657,42.7469,'Suniteyouqi'),(152525,'东乌珠穆沁旗',152500,'东乌珠穆沁旗',3,'0479','026300','东乌珠穆沁旗',116.973,45.5111,'Dongwuqi'),(152526,'西乌珠穆沁旗',152500,'西乌珠穆沁旗',3,'0479','026200','西乌珠穆沁旗',117.61,44.5962,'Xiwuqi'),(152527,'太仆寺旗',152500,'太仆寺旗',3,'0479','027000','太仆寺旗',115.283,41.8773,'Taipusiqi'),(152528,'镶黄旗',152500,'镶黄旗',3,'0479','013250','镶黄旗',113.845,42.2393,'Xianghuangqi'),(152529,'正镶白旗',152500,'正镶白旗',3,'0479','013800','正镶白旗',115.001,42.3071,'Zhengxiangbaiqi'),(152530,'正蓝旗',152500,'正蓝旗',3,'0479','027200','正蓝旗',116.004,42.2523,'Zhenglanqi'),(152531,'多伦县',152500,'多伦县',3,'0479','027300','多伦县',116.486,42.203,'Duolun'),(152900,'阿拉善盟',150000,'阿拉善盟',2,'0483','750306','阿拉善盟',105.706,38.8448,'Alxa'),(152921,'阿拉善左旗',152900,'阿拉善左旗',3,'0483','750306','阿拉善左旗',105.675,38.8293,'Alashanzuoqi'),(152922,'阿拉善右旗',152900,'阿拉善右旗',3,'0483','737300','阿拉善右旗',101.667,39.2153,'Alashanyouqi'),(152923,'额济纳旗',152900,'额济纳旗',3,'0483','735400','额济纳旗',101.069,41.9675,'Ejinaqi'),(210000,'辽宁省',100000,'辽宁省',1,'','','辽宁省',123.429,41.7968,'Liaoning'),(210100,'沈阳市',210000,'沈阳市',2,'024','110013','沈阳市',123.429,41.7968,'Shenyang'),(210102,'和平区',210100,'和平区',3,'024','110001','和平区',123.42,41.79,'Heping'),(210103,'沈河区',210100,'沈河区',3,'024','110011','沈河区',123.459,41.7962,'Shenhe'),(210104,'大东区',210100,'大东区',3,'024','110041','大东区',123.47,41.8054,'Dadong'),(210105,'皇姑区',210100,'皇姑区',3,'024','110031','皇姑区',123.425,41.8204,'Huanggu'),(210106,'铁西区',210100,'铁西区',3,'024','110021','铁西区',123.377,41.8027,'Tiexi'),(210111,'苏家屯区',210100,'苏家屯区',3,'024','110101','苏家屯区',123.344,41.6647,'Sujiatun'),(210112,'浑南区',210100,'浑南区',3,'024','110015','浑南区',123.458,41.7195,'Hunnan'),(210113,'沈北新区',210100,'沈北新区',3,'024','110121','沈北新区',123.527,42.053,'Shenbeixinqu'),(210114,'于洪区',210100,'于洪区',3,'024','110141','于洪区',123.308,41.794,'Yuhong'),(210122,'辽中县',210100,'辽中县',3,'024','110200','辽中县',122.727,41.513,'Liaozhong'),(210123,'康平县',210100,'康平县',3,'024','110500','康平县',123.354,42.7508,'Kangping'),(210124,'法库县',210100,'法库县',3,'024','110400','法库县',123.412,42.5061,'Faku'),(210181,'新民市',210100,'新民市',3,'024','110300','新民市',122.829,41.9985,'Xinmin'),(210200,'大连市',210000,'大连市',2,'0411','116011','大连市',121.619,38.9146,'Dalian'),(210202,'中山区',210200,'中山区',3,'0411','116001','中山区',121.645,38.9186,'Zhongshan'),(210203,'西岗区',210200,'西岗区',3,'0411','116011','西岗区',121.612,38.9147,'Xigang'),(210204,'沙河口区',210200,'沙河口区',3,'0411','116021','沙河口区',121.58,38.9054,'Shahekou'),(210211,'甘井子区',210200,'甘井子区',3,'0411','116033','甘井子区',121.566,38.9502,'Ganjingzi'),(210212,'旅顺口区',210200,'旅顺口区',3,'0411','116041','旅顺口区',121.262,38.8512,'Lvshunkou'),(210213,'金州区',210200,'金州区',3,'0411','116100','金州区',121.719,39.1004,'Jinzhou'),(210224,'长海县',210200,'长海县',3,'0411','116500','长海县',122.589,39.2727,'Changhai'),(210281,'瓦房店市',210200,'瓦房店市',3,'0411','116300','瓦房店市',121.981,39.6284,'Wafangdian'),(210282,'普兰店市',210200,'普兰店市',3,'0411','116200','普兰店市',121.963,39.3946,'Pulandian'),(210283,'庄河市',210200,'庄河市',3,'0411','116400','庄河市',122.967,39.6881,'Zhuanghe'),(210300,'鞍山市',210000,'鞍山市',2,'0412','114001','鞍山市',122.996,41.1106,'Anshan'),(210302,'铁东区',210300,'铁东区',3,'0412','114001','铁东区',122.991,41.0897,'Tiedong'),(210303,'铁西区',210300,'铁西区',3,'0413','114013','铁西区',122.97,41.1198,'Tiexi'),(210304,'立山区',210300,'立山区',3,'0414','114031','立山区',123.029,41.1501,'Lishan'),(210311,'千山区',210300,'千山区',3,'0415','114041','千山区',122.96,41.0751,'Qianshan'),(210321,'台安县',210300,'台安县',3,'0417','114100','台安县',122.436,41.4127,'Tai\'an'),(210323,'岫岩满族自治县',210300,'岫岩满族自治县',3,'0418','114300','岫岩满族自治县',123.289,40.28,'Xiuyan'),(210381,'海城市',210300,'海城市',3,'0416','114200','海城市',122.685,40.8814,'Haicheng'),(210400,'抚顺市',210000,'抚顺市',2,'024','113008','抚顺市',123.921,41.876,'Fushun'),(210402,'新抚区',210400,'新抚区',3,'024','113008','新抚区',123.913,41.862,'Xinfu'),(210403,'东洲区',210400,'东洲区',3,'024','113003','东洲区',124.038,41.8519,'Dongzhou'),(210404,'望花区',210400,'望花区',3,'024','113001','望花区',123.783,41.8553,'Wanghua'),(210411,'顺城区',210400,'顺城区',3,'024','113006','顺城区',123.945,41.8832,'Shuncheng'),(210421,'抚顺县',210400,'抚顺县',3,'024','113006','抚顺县',124.178,41.7122,'Fushun'),(210422,'新宾满族自治县',210400,'新宾满族自治县',3,'024','113200','新宾满族自治县',125.04,41.7341,'Xinbin'),(210423,'清原满族自治县',210400,'清原满族自治县',3,'024','113300','清原满族自治县',124.928,42.1022,'Qingyuan'),(210500,'本溪市',210000,'本溪市',2,'0414','117000','本溪市',123.771,41.2979,'Benxi'),(210502,'平山区',210500,'平山区',3,'0414','117000','平山区',123.769,41.2997,'Pingshan'),(210503,'溪湖区',210500,'溪湖区',3,'0414','117002','溪湖区',123.768,41.3292,'Xihu'),(210504,'明山区',210500,'明山区',3,'0414','117021','明山区',123.817,41.3083,'Mingshan'),(210505,'南芬区',210500,'南芬区',3,'0414','117014','南芬区',123.745,41.1006,'Nanfen'),(210521,'本溪满族自治县',210500,'本溪满族自治县',3,'0414','117100','本溪满族自治县',124.127,41.3006,'Benxi'),(210522,'桓仁满族自治县',210500,'桓仁满族自治县',3,'0414','117200','桓仁满族自治县',125.361,41.268,'Huanren'),(210600,'丹东市',210000,'丹东市',2,'0415','118000','丹东市',124.383,40.1243,'Dandong'),(210602,'元宝区',210600,'元宝区',3,'0415','118000','元宝区',124.396,40.1365,'Yuanbao'),(210603,'振兴区',210600,'振兴区',3,'0415','118002','振兴区',124.36,40.1049,'Zhenxing'),(210604,'振安区',210600,'振安区',3,'0415','118001','振安区',124.428,40.1583,'Zhen\'an'),(210624,'宽甸满族自治县',210600,'宽甸满族自治县',3,'0415','118200','宽甸满族自治县',124.782,40.7319,'Kuandian'),(210681,'东港市',210600,'东港市',3,'0415','118300','东港市',124.163,39.8626,'Donggang'),(210682,'凤城市',210600,'凤城市',3,'0415','118100','凤城市',124.067,40.453,'Fengcheng'),(210700,'锦州市',210000,'锦州市',2,'0416','121000','锦州市',121.136,41.1193,'Jinzhou'),(210702,'古塔区',210700,'古塔区',3,'0416','121001','古塔区',121.128,41.1172,'Guta'),(210703,'凌河区',210700,'凌河区',3,'0416','121000','凌河区',121.151,41.115,'Linghe'),(210711,'太和区',210700,'太和区',3,'0416','121011','太和区',121.104,41.1093,'Taihe'),(210726,'黑山县',210700,'黑山县',3,'0416','121400','黑山县',122.121,41.6942,'Heishan'),(210727,'义县',210700,'义县',3,'0416','121100','义县',121.24,41.5346,'Yixian'),(210781,'凌海市',210700,'凌海市',3,'0416','121200','凌海市',121.357,41.1737,'Linghai'),(210782,'北镇市',210700,'北镇市',3,'0416','121300','北镇市',121.799,41.5954,'Beizhen'),(210800,'营口市',210000,'营口市',2,'0417','115003','营口市',122.235,40.6674,'Yingkou'),(210802,'站前区',210800,'站前区',3,'0417','115002','站前区',122.259,40.6727,'Zhanqian'),(210803,'西市区',210800,'西市区',3,'0417','115004','西市区',122.206,40.6664,'Xishi'),(210804,'鲅鱼圈区',210800,'鲅鱼圈区',3,'0417','115007','鲅鱼圈区',122.133,40.2687,'Bayuquan'),(210811,'老边区',210800,'老边区',3,'0417','115005','老边区',122.38,40.6803,'Laobian'),(210881,'盖州市',210800,'盖州市',3,'0417','115200','盖州市',122.355,40.4045,'Gaizhou'),(210882,'大石桥市',210800,'大石桥市',3,'0417','115100','大石桥市',122.509,40.6457,'Dashiqiao'),(210900,'阜新市',210000,'阜新市',2,'0418','123000','阜新市',121.649,42.0118,'Fuxin'),(210902,'海州区',210900,'海州区',3,'0418','123000','海州区',121.656,42.0134,'Haizhou'),(210903,'新邱区',210900,'新邱区',3,'0418','123005','新邱区',121.793,42.0918,'Xinqiu'),(210904,'太平区',210900,'太平区',3,'0418','123003','太平区',121.679,42.0107,'Taiping'),(210905,'清河门区',210900,'清河门区',3,'0418','123006','清河门区',121.416,41.7831,'Qinghemen'),(210911,'细河区',210900,'细河区',3,'0418','123000','细河区',121.68,42.0253,'Xihe'),(210921,'阜新蒙古族自治县',210900,'阜新蒙古族自治县',3,'0418','123100','阜新蒙古族自治县',121.758,42.0651,'Fuxin'),(210922,'彰武县',210900,'彰武县',3,'0418','123200','彰武县',122.54,42.3862,'Zhangwu'),(211000,'辽阳市',210000,'辽阳市',2,'0419','111000','辽阳市',123.182,41.2694,'Liaoyang'),(211002,'白塔区',211000,'白塔区',3,'0419','111000','白塔区',123.175,41.2702,'Baita'),(211003,'文圣区',211000,'文圣区',3,'0419','111000','文圣区',123.185,41.2627,'Wensheng'),(211004,'宏伟区',211000,'宏伟区',3,'0419','111003','宏伟区',123.193,41.2185,'Hongwei'),(211005,'弓长岭区',211000,'弓长岭区',3,'0419','111008','弓长岭区',123.42,41.1518,'Gongchangling'),(211011,'太子河区',211000,'太子河区',3,'0419','111000','太子河区',123.182,41.2534,'Taizihe'),(211021,'辽阳县',211000,'辽阳县',3,'0419','111200','辽阳县',123.106,41.2054,'Liaoyang'),(211081,'灯塔市',211000,'灯塔市',3,'0419','111300','灯塔市',123.339,41.4261,'Dengta'),(211100,'盘锦市',210000,'盘锦市',2,'0427','124010','盘锦市',122.07,41.1245,'Panjin'),(211102,'双台子区',211100,'双台子区',3,'0427','124000','双台子区',122.06,41.1906,'Shuangtaizi'),(211103,'兴隆台区',211100,'兴隆台区',3,'0427','124010','兴隆台区',122.075,41.124,'Xinglongtai'),(211121,'大洼县',211100,'大洼县',3,'0427','124200','大洼县',122.082,41.0024,'Dawa'),(211122,'盘山县',211100,'盘山县',3,'0427','124000','盘山县',121.998,41.238,'Panshan'),(211200,'铁岭市',210000,'铁岭市',2,'024','112000','铁岭市',123.844,42.2906,'Tieling'),(211202,'银州区',211200,'银州区',3,'024','112000','银州区',123.857,42.2951,'Yinzhou'),(211204,'清河区',211200,'清河区',3,'024','112003','清河区',124.159,42.5468,'Qinghe'),(211221,'铁岭县',211200,'铁岭县',3,'024','112000','铁岭县',123.773,42.225,'Tieling'),(211223,'西丰县',211200,'西丰县',3,'024','112400','西丰县',124.73,42.7376,'Xifeng'),(211224,'昌图县',211200,'昌图县',3,'024','112500','昌图县',124.112,42.7843,'Changtu'),(211281,'调兵山市',211200,'调兵山市',3,'024','112700','调兵山市',123.567,42.4675,'Diaobingshan'),(211282,'开原市',211200,'开原市',3,'024','112300','开原市',124.039,42.5458,'Kaiyuan'),(211300,'朝阳市',210000,'朝阳市',2,'0421','122000','朝阳市',120.451,41.5768,'Chaoyang'),(211302,'双塔区',211300,'双塔区',3,'0421','122000','双塔区',120.454,41.566,'Shuangta'),(211303,'龙城区',211300,'龙城区',3,'0421','122000','龙城区',120.437,41.5926,'Longcheng'),(211321,'朝阳县',211300,'朝阳县',3,'0421','122000','朝阳县',120.174,41.4324,'Chaoyang'),(211322,'建平县',211300,'建平县',3,'0421','122400','建平县',119.644,41.4031,'Jianping'),(211324,'喀喇沁左翼蒙古族自治县',211300,'喀喇沁左翼蒙古族自治县',3,'0421','122300','喀喇沁左翼蒙古族自治县',119.742,41.128,'Kalaqinzuoyi'),(211381,'北票市',211300,'北票市',3,'0421','122100','北票市',120.77,41.802,'Beipiao'),(211382,'凌源市',211300,'凌源市',3,'0421','122500','凌源市',119.401,41.2456,'Lingyuan'),(211400,'葫芦岛市',210000,'葫芦岛市',2,'0429','125000','葫芦岛市',120.856,40.7556,'Huludao'),(211402,'连山区',211400,'连山区',3,'0429','125001','连山区',120.864,40.7555,'Lianshan'),(211403,'龙港区',211400,'龙港区',3,'0429','125003','龙港区',120.949,40.7192,'Longgang'),(211404,'南票区',211400,'南票区',3,'0429','125027','南票区',120.75,41.1071,'Nanpiao'),(211421,'绥中县',211400,'绥中县',3,'0429','125200','绥中县',120.345,40.3255,'Suizhong'),(211422,'建昌县',211400,'建昌县',3,'0429','125300','建昌县',119.838,40.8245,'Jianchang'),(211481,'兴城市',211400,'兴城市',3,'0429','125100','兴城市',120.725,40.6149,'Xingcheng'),(211500,'金普新区',210000,'金普新区',2,'0411','116100','金普新区',121.79,39.0555,'Jinpuxinqu'),(211501,'金州新区',211500,'金州新区',3,'0411','116100','金州新区',121.785,39.0523,'Jinzhouxinqu'),(211502,'普湾新区',211500,'普湾新区',3,'0411','116200','普湾新区',121.813,39.3301,'Puwanxinqu'),(211503,'保税区',211500,'保税区',3,'0411','116100','保税区',121.943,39.2246,'Baoshuiqu'),(220000,'吉林省',100000,'吉林省',1,'','','吉林省',125.325,43.8868,'Jilin'),(220100,'长春市',220000,'长春市',2,'0431','130022','长春市',125.325,43.8868,'Changchun'),(220102,'南关区',220100,'南关区',3,'0431','130022','南关区',125.35,43.864,'Nanguan'),(220103,'宽城区',220100,'宽城区',3,'0431','130051','宽城区',125.326,43.9018,'Kuancheng'),(220104,'朝阳区',220100,'朝阳区',3,'0431','130012','朝阳区',125.288,43.8334,'Chaoyang'),(220105,'二道区',220100,'二道区',3,'0431','130031','二道区',125.374,43.865,'Erdao'),(220106,'绿园区',220100,'绿园区',3,'0431','130062','绿园区',125.256,43.8805,'Lvyuan'),(220112,'双阳区',220100,'双阳区',3,'0431','130600','双阳区',125.656,43.528,'Shuangyang'),(220113,'九台区',220100,'九台区',3,'0431','130500','九台区',125.84,44.1516,'Jiutai'),(220122,'农安县',220100,'农安县',3,'0431','130200','农安县',125.185,44.4327,'Nong\'an'),(220182,'榆树市',220100,'榆树市',3,'0431','130400','榆树市',126.557,44.8252,'Yushu'),(220183,'德惠市',220100,'德惠市',3,'0431','130300','德惠市',125.705,44.5372,'Dehui'),(220200,'吉林市',220000,'吉林市',2,'0432','132011','吉林市',126.553,43.8436,'Jilin'),(220202,'昌邑区',220200,'昌邑区',3,'0432','132002','昌邑区',126.574,43.8818,'Changyi'),(220203,'龙潭区',220200,'龙潭区',3,'0432','132021','龙潭区',126.562,43.9105,'Longtan'),(220204,'船营区',220200,'船营区',3,'0432','132011','船营区',126.541,43.8334,'Chuanying'),(220211,'丰满区',220200,'丰满区',3,'0432','132013','丰满区',126.562,43.8224,'Fengman'),(220221,'永吉县',220200,'永吉县',3,'0432','132200','永吉县',126.496,43.672,'Yongji'),(220281,'蛟河市',220200,'蛟河市',3,'0432','132500','蛟河市',127.344,43.727,'Jiaohe'),(220282,'桦甸市',220200,'桦甸市',3,'0432','132400','桦甸市',126.746,42.9721,'Huadian'),(220283,'舒兰市',220200,'舒兰市',3,'0432','132600','舒兰市',126.965,44.4058,'Shulan'),(220284,'磐石市',220200,'磐石市',3,'0432','132300','磐石市',126.062,42.9463,'Panshi'),(220300,'四平市',220000,'四平市',2,'0434','136000','四平市',124.371,43.1703,'Siping'),(220302,'铁西区',220300,'铁西区',3,'0434','136000','铁西区',124.374,43.1746,'Tiexi'),(220303,'铁东区',220300,'铁东区',3,'0434','136001','铁东区',124.41,43.1624,'Tiedong'),(220322,'梨树县',220300,'梨树县',3,'0434','136500','梨树县',124.336,43.3072,'Lishu'),(220323,'伊通满族自治县',220300,'伊通满族自治县',3,'0434','130700','伊通满族自治县',125.306,43.3443,'Yitong'),(220381,'公主岭市',220300,'公主岭市',3,'0434','136100','公主岭市',124.823,43.5045,'Gongzhuling'),(220382,'双辽市',220300,'双辽市',3,'0434','136400','双辽市',123.501,43.521,'Shuangliao'),(220400,'辽源市',220000,'辽源市',2,'0437','136200','辽源市',125.145,42.9027,'Liaoyuan'),(220402,'龙山区',220400,'龙山区',3,'0437','136200','龙山区',125.136,42.8971,'Longshan'),(220403,'西安区',220400,'西安区',3,'0437','136201','西安区',125.149,42.927,'Xi\'an'),(220421,'东丰县',220400,'东丰县',3,'0437','136300','东丰县',125.532,42.6783,'Dongfeng'),(220422,'东辽县',220400,'东辽县',3,'0437','136600','东辽县',124.986,42.9249,'Dongliao'),(220500,'通化市',220000,'通化市',2,'0435','134001','通化市',125.937,41.7212,'Tonghua'),(220502,'东昌区',220500,'东昌区',3,'0435','134001','东昌区',125.955,41.7285,'Dongchang'),(220503,'二道江区',220500,'二道江区',3,'0435','134003','二道江区',126.043,41.7741,'Erdaojiang'),(220521,'通化县',220500,'通化县',3,'0435','134100','通化县',125.759,41.6793,'Tonghua'),(220523,'辉南县',220500,'辉南县',3,'0435','135100','辉南县',126.047,42.685,'Huinan'),(220524,'柳河县',220500,'柳河县',3,'0435','135300','柳河县',125.745,42.2847,'Liuhe'),(220581,'梅河口市',220500,'梅河口市',3,'0435','135000','梅河口市',125.71,42.5383,'Meihekou'),(220582,'集安市',220500,'集安市',3,'0435','134200','集安市',126.188,41.1227,'Ji\'an'),(220600,'白山市',220000,'白山市',2,'0439','134300','白山市',126.428,41.9425,'Baishan'),(220602,'浑江区',220600,'浑江区',3,'0439','134300','浑江区',126.422,41.9457,'Hunjiang'),(220605,'江源区',220600,'江源区',3,'0439','134700','江源区',126.591,42.0566,'Jiangyuan'),(220621,'抚松县',220600,'抚松县',3,'0439','134500','抚松县',127.28,42.342,'Fusong'),(220622,'靖宇县',220600,'靖宇县',3,'0439','135200','靖宇县',126.813,42.3886,'Jingyu'),(220623,'长白朝鲜族自治县',220600,'长白朝鲜族自治县',3,'0439','134400','长白朝鲜族自治县',128.2,41.42,'Changbai'),(220681,'临江市',220600,'临江市',3,'0439','134600','临江市',126.918,41.8114,'Linjiang'),(220700,'松原市',220000,'松原市',2,'0438','138000','松原市',124.824,45.1182,'Songyuan'),(220702,'宁江区',220700,'宁江区',3,'0438','138000','宁江区',124.817,45.1717,'Ningjiang'),(220721,'前郭尔罗斯蒙古族自治县',220700,'前郭尔罗斯蒙古族自治县',3,'0438','138000','前郭尔罗斯蒙古族自治县',124.824,45.1173,'Qianguoerluosi'),(220722,'长岭县',220700,'长岭县',3,'0438','131500','长岭县',123.967,44.2758,'Changling'),(220723,'乾安县',220700,'乾安县',3,'0438','131400','乾安县',124.027,45.0107,'Qian\'an'),(220781,'扶余市',220700,'扶余市',3,'0438','131200','扶余市',126.043,44.9862,'Fuyu'),(220800,'白城市',220000,'白城市',2,'0436','137000','白城市',122.841,45.619,'Baicheng'),(220802,'洮北区',220800,'洮北区',3,'0436','137000','洮北区',122.851,45.6217,'Taobei'),(220821,'镇赉县',220800,'镇赉县',3,'0436','137300','镇赉县',123.199,45.8478,'Zhenlai'),(220822,'通榆县',220800,'通榆县',3,'0436','137200','通榆县',123.088,44.8139,'Tongyu'),(220881,'洮南市',220800,'洮南市',3,'0436','137100','洮南市',122.788,45.335,'Taonan'),(220882,'大安市',220800,'大安市',3,'0436','131300','大安市',124.295,45.5085,'Da\'an'),(222400,'延边朝鲜族自治州',220000,'延边朝鲜族自治州',2,'0433','133000','延边朝鲜族自治州',129.513,42.9048,'Yanbian'),(222401,'延吉市',222400,'延吉市',3,'0433','133000','延吉市',129.514,42.9068,'Yanji'),(222402,'图们市',222400,'图们市',3,'0433','133100','图们市',129.844,42.968,'Tumen'),(222403,'敦化市',222400,'敦化市',3,'0433','133700','敦化市',128.232,43.373,'Dunhua'),(222404,'珲春市',222400,'珲春市',3,'0433','133300','珲春市',130.366,42.8624,'Hunchun'),(222405,'龙井市',222400,'龙井市',3,'0433','133400','龙井市',129.426,42.768,'Longjing'),(222406,'和龙市',222400,'和龙市',3,'0433','133500','和龙市',129.011,42.5464,'Helong'),(222424,'汪清县',222400,'汪清县',3,'0433','133200','汪清县',129.771,43.3128,'Wangqing'),(222426,'安图县',222400,'安图县',3,'0433','133600','安图县',128.906,43.1153,'Antu'),(230000,'黑龙江省',100000,'黑龙江省',1,'','','黑龙江省',126.642,45.757,'Heilongjiang'),(230100,'哈尔滨市',230000,'哈尔滨市',2,'0451','150010','哈尔滨市',126.642,45.757,'Harbin'),(230102,'道里区',230100,'道里区',3,'0451','150010','道里区',126.617,45.7559,'Daoli'),(230103,'南岗区',230100,'南岗区',3,'0451','150006','南岗区',126.669,45.76,'Nangang'),(230104,'道外区',230100,'道外区',3,'0451','150020','道外区',126.649,45.7919,'Daowai'),(230108,'平房区',230100,'平房区',3,'0451','150060','平房区',126.637,45.5978,'Pingfang'),(230109,'松北区',230100,'松北区',3,'0451','150028','松北区',126.563,45.8083,'Songbei'),(230110,'香坊区',230100,'香坊区',3,'0451','150036','香坊区',126.68,45.7238,'Xiangfang'),(230111,'呼兰区',230100,'呼兰区',3,'0451','150500','呼兰区',126.588,45.889,'Hulan'),(230112,'阿城区',230100,'阿城区',3,'0451','150300','阿城区',126.975,45.5414,'A\'cheng'),(230113,'双城区',230100,'双城区',3,'0451','150100','双城区',126.309,45.3779,'Shuangcheng'),(230123,'依兰县',230100,'依兰县',3,'0451','154800','依兰县',129.568,46.3247,'Yilan'),(230124,'方正县',230100,'方正县',3,'0451','150800','方正县',128.83,45.8516,'Fangzheng'),(230125,'宾县',230100,'宾县',3,'0451','150400','宾县',127.487,45.755,'Binxian'),(230126,'巴彦县',230100,'巴彦县',3,'0451','151800','巴彦县',127.408,46.0815,'Bayan'),(230127,'木兰县',230100,'木兰县',3,'0451','151900','木兰县',128.045,45.9494,'Mulan'),(230128,'通河县',230100,'通河县',3,'0451','150900','通河县',128.746,45.9901,'Tonghe'),(230129,'延寿县',230100,'延寿县',3,'0451','150700','延寿县',128.334,45.4554,'Yanshou'),(230183,'尚志市',230100,'尚志市',3,'0451','150600','尚志市',127.962,45.2174,'Shangzhi'),(230184,'五常市',230100,'五常市',3,'0451','150200','五常市',127.168,44.9318,'Wuchang'),(230200,'齐齐哈尔市',230000,'齐齐哈尔市',2,'0452','161005','齐齐哈尔市',123.953,47.3481,'Qiqihar'),(230202,'龙沙区',230200,'龙沙区',3,'0452','161000','龙沙区',123.958,47.3178,'Longsha'),(230203,'建华区',230200,'建华区',3,'0452','161006','建华区',124.013,47.3672,'Jianhua'),(230204,'铁锋区',230200,'铁锋区',3,'0452','161000','铁锋区',123.978,47.3408,'Tiefeng'),(230205,'昂昂溪区',230200,'昂昂溪区',3,'0452','161031','昂昂溪区',123.822,47.1551,'Angangxi'),(230206,'富拉尔基区',230200,'富拉尔基区',3,'0452','161041','富拉尔基区',123.629,47.2088,'Fulaerji'),(230207,'碾子山区',230200,'碾子山区',3,'0452','161046','碾子山区',122.882,47.5166,'Nianzishan'),(230208,'梅里斯达斡尔族区',230200,'梅里斯达斡尔族区',3,'0452','161021','梅里斯达斡尔族区',123.753,47.3095,'Meilisi'),(230221,'龙江县',230200,'龙江县',3,'0452','161100','龙江县',123.205,47.3387,'Longjiang'),(230223,'依安县',230200,'依安县',3,'0452','161500','依安县',125.309,47.8931,'Yi\'an'),(230224,'泰来县',230200,'泰来县',3,'0452','162400','泰来县',123.423,46.3939,'Tailai'),(230225,'甘南县',230200,'甘南县',3,'0452','162100','甘南县',123.503,47.9244,'Gannan'),(230227,'富裕县',230200,'富裕县',3,'0452','161200','富裕县',124.475,47.7743,'Fuyu'),(230229,'克山县',230200,'克山县',3,'0452','161600','克山县',125.874,48.0326,'Keshan'),(230230,'克东县',230200,'克东县',3,'0452','164800','克东县',126.249,48.0383,'Kedong'),(230231,'拜泉县',230200,'拜泉县',3,'0452','164700','拜泉县',126.092,47.6082,'Baiquan'),(230281,'讷河市',230200,'讷河市',3,'0452','161300','讷河市',124.877,48.4839,'Nehe'),(230300,'鸡西市',230000,'鸡西市',2,'0467','158100','鸡西市',130.976,45.3,'Jixi'),(230302,'鸡冠区',230300,'鸡冠区',3,'0467','158100','鸡冠区',130.981,45.304,'Jiguan'),(230303,'恒山区',230300,'恒山区',3,'0467','158130','恒山区',130.905,45.2107,'Hengshan'),(230304,'滴道区',230300,'滴道区',3,'0467','158150','滴道区',130.848,45.3511,'Didao'),(230305,'梨树区',230300,'梨树区',3,'0467','158160','梨树区',130.698,45.0904,'Lishu'),(230306,'城子河区',230300,'城子河区',3,'0467','158170','城子河区',131.011,45.3369,'Chengzihe'),(230307,'麻山区',230300,'麻山区',3,'0467','158180','麻山区',130.478,45.2121,'Mashan'),(230321,'鸡东县',230300,'鸡东县',3,'0467','158200','鸡东县',131.124,45.2603,'Jidong'),(230381,'虎林市',230300,'虎林市',3,'0467','158400','虎林市',132.937,45.7629,'Hulin'),(230382,'密山市',230300,'密山市',3,'0467','158300','密山市',131.846,45.5297,'Mishan'),(230400,'鹤岗市',230000,'鹤岗市',2,'0468','154100','鹤岗市',130.277,47.3321,'Hegang'),(230402,'向阳区',230400,'向阳区',3,'0468','154100','向阳区',130.294,47.3425,'Xiangyang'),(230403,'工农区',230400,'工农区',3,'0468','154101','工农区',130.275,47.3187,'Gongnong'),(230404,'南山区',230400,'南山区',3,'0468','154104','南山区',130.277,47.314,'Nanshan'),(230405,'兴安区',230400,'兴安区',3,'0468','154102','兴安区',130.24,47.2526,'Xing\'an'),(230406,'东山区',230400,'东山区',3,'0468','154106','东山区',130.317,47.3385,'Dongshan'),(230407,'兴山区',230400,'兴山区',3,'0468','154105','兴山区',130.293,47.3578,'Xingshan'),(230421,'萝北县',230400,'萝北县',3,'0468','154200','萝北县',130.833,47.5796,'Luobei'),(230422,'绥滨县',230400,'绥滨县',3,'0468','156200','绥滨县',131.86,47.2903,'Suibin'),(230500,'双鸭山市',230000,'双鸭山市',2,'0469','155100','双鸭山市',131.157,46.6434,'Shuangyashan'),(230502,'尖山区',230500,'尖山区',3,'0469','155100','尖山区',131.158,46.6464,'Jianshan'),(230503,'岭东区',230500,'岭东区',3,'0469','155120','岭东区',131.165,46.5904,'Lingdong'),(230505,'四方台区',230500,'四方台区',3,'0469','155130','四方台区',131.336,46.595,'Sifangtai'),(230506,'宝山区',230500,'宝山区',3,'0469','155131','宝山区',131.402,46.5772,'Baoshan'),(230521,'集贤县',230500,'集贤县',3,'0469','155900','集贤县',131.141,46.7268,'Jixian'),(230522,'友谊县',230500,'友谊县',3,'0469','155800','友谊县',131.808,46.7674,'Youyi'),(230523,'宝清县',230500,'宝清县',3,'0469','155600','宝清县',132.197,46.3272,'Baoqing'),(230524,'饶河县',230500,'饶河县',3,'0469','155700','饶河县',134.02,46.799,'Raohe'),(230600,'大庆市',230000,'大庆市',2,'0459','163000','大庆市',125.113,46.5907,'Daqing'),(230602,'萨尔图区',230600,'萨尔图区',3,'0459','163001','萨尔图区',125.088,46.5936,'Saertu'),(230603,'龙凤区',230600,'龙凤区',3,'0459','163711','龙凤区',125.117,46.5327,'Longfeng'),(230604,'让胡路区',230600,'让胡路区',3,'0459','163712','让胡路区',124.871,46.6522,'Ranghulu'),(230605,'红岗区',230600,'红岗区',3,'0459','163511','红岗区',124.892,46.4013,'Honggang'),(230606,'大同区',230600,'大同区',3,'0459','163515','大同区',124.816,46.033,'Datong'),(230621,'肇州县',230600,'肇州县',3,'0459','166400','肇州县',125.271,45.7041,'Zhaozhou'),(230622,'肇源县',230600,'肇源县',3,'0459','166500','肇源县',125.085,45.5203,'Zhaoyuan'),(230623,'林甸县',230600,'林甸县',3,'0459','166300','林甸县',124.876,47.186,'Lindian'),(230624,'杜尔伯特蒙古族自治县',230600,'杜尔伯特蒙古族自治县',3,'0459','166200','杜尔伯特蒙古族自治县',124.449,46.8651,'Duerbote'),(230700,'伊春市',230000,'伊春市',2,'0458','153000','伊春市',128.899,47.7248,'Yichun'),(230702,'伊春区',230700,'伊春区',3,'0458','153000','伊春区',128.908,47.728,'Yichun'),(230703,'南岔区',230700,'南岔区',3,'0458','153100','南岔区',129.284,47.139,'Nancha'),(230704,'友好区',230700,'友好区',3,'0458','153031','友好区',128.84,47.8537,'Youhao'),(230705,'西林区',230700,'西林区',3,'0458','153025','西林区',129.312,47.481,'Xilin'),(230706,'翠峦区',230700,'翠峦区',3,'0458','153013','翠峦区',128.667,47.725,'Cuiluan'),(230707,'新青区',230700,'新青区',3,'0458','153036','新青区',129.537,48.2907,'Xinqing'),(230708,'美溪区',230700,'美溪区',3,'0458','153021','美溪区',129.137,47.6351,'Meixi'),(230709,'金山屯区',230700,'金山屯区',3,'0458','153026','金山屯区',129.438,47.4135,'Jinshantun'),(230710,'五营区',230700,'五营区',3,'0458','153033','五营区',129.245,48.1079,'Wuying'),(230711,'乌马河区',230700,'乌马河区',3,'0458','153011','乌马河区',128.797,47.728,'Wumahe'),(230712,'汤旺河区',230700,'汤旺河区',3,'0458','153037','汤旺河区',129.572,48.4518,'Tangwanghe'),(230713,'带岭区',230700,'带岭区',3,'0458','153106','带岭区',129.024,47.0255,'Dailing'),(230714,'乌伊岭区',230700,'乌伊岭区',3,'0458','153038','乌伊岭区',129.44,48.596,'Wuyiling'),(230715,'红星区',230700,'红星区',3,'0458','153035','红星区',129.389,48.2394,'Hongxing'),(230716,'上甘岭区',230700,'上甘岭区',3,'0458','153032','上甘岭区',129.024,47.9752,'Shangganling'),(230722,'嘉荫县',230700,'嘉荫县',3,'0458','153200','嘉荫县',130.398,48.8917,'Jiayin'),(230781,'铁力市',230700,'铁力市',3,'0458','152500','铁力市',128.032,46.9857,'Tieli'),(230800,'佳木斯市',230000,'佳木斯市',2,'0454','154002','佳木斯市',130.362,46.8096,'Jiamusi'),(230803,'向阳区',230800,'向阳区',3,'0454','154002','向阳区',130.365,46.8078,'Xiangyang'),(230804,'前进区',230800,'前进区',3,'0454','154002','前进区',130.375,46.814,'Qianjin'),(230805,'东风区',230800,'东风区',3,'0454','154005','东风区',130.404,46.8226,'Dongfeng'),(230811,'郊区',230800,'郊区',3,'0454','154004','郊区',130.327,46.8096,'Jiaoqu'),(230822,'桦南县',230800,'桦南县',3,'0454','154400','桦南县',130.554,46.2392,'Huanan'),(230826,'桦川县',230800,'桦川县',3,'0454','154300','桦川县',130.719,47.023,'Huachuan'),(230828,'汤原县',230800,'汤原县',3,'0454','154700','汤原县',129.91,46.7276,'Tangyuan'),(230833,'抚远县',230800,'抚远县',3,'0454','156500','抚远县',134.296,48.3679,'Fuyuan'),(230881,'同江市',230800,'同江市',3,'0454','156400','同江市',132.511,47.6421,'Tongjiang'),(230882,'富锦市',230800,'富锦市',3,'0454','156100','富锦市',132.037,47.2513,'Fujin'),(230900,'七台河市',230000,'七台河市',2,'0464','154600','七台河市',131.016,45.7713,'Qitaihe'),(230902,'新兴区',230900,'新兴区',3,'0464','154604','新兴区',130.932,45.8162,'Xinxing'),(230903,'桃山区',230900,'桃山区',3,'0464','154600','桃山区',131.018,45.7678,'Taoshan'),(230904,'茄子河区',230900,'茄子河区',3,'0464','154622','茄子河区',131.068,45.7852,'Qiezihe'),(230921,'勃利县',230900,'勃利县',3,'0464','154500','勃利县',130.592,45.755,'Boli'),(231000,'牡丹江市',230000,'牡丹江市',2,'0453','157000','牡丹江市',129.619,44.583,'Mudanjiang'),(231002,'东安区',231000,'东安区',3,'0453','157000','东安区',129.627,44.5813,'Dong\'an'),(231003,'阳明区',231000,'阳明区',3,'0453','157013','阳明区',129.635,44.596,'Yangming'),(231004,'爱民区',231000,'爱民区',3,'0453','157009','爱民区',129.591,44.5965,'Aimin'),(231005,'西安区',231000,'西安区',3,'0453','157000','西安区',129.616,44.5777,'Xi\'an'),(231024,'东宁县',231000,'东宁县',3,'0453','157200','东宁县',131.128,44.0661,'Dongning'),(231025,'林口县',231000,'林口县',3,'0453','157600','林口县',130.284,45.2781,'Linkou'),(231081,'绥芬河市',231000,'绥芬河市',3,'0453','157300','绥芬河市',131.151,44.4125,'Suifenhe'),(231083,'海林市',231000,'海林市',3,'0453','157100','海林市',129.382,44.59,'Hailin'),(231084,'宁安市',231000,'宁安市',3,'0453','157400','宁安市',129.483,44.3402,'Ning\'an'),(231085,'穆棱市',231000,'穆棱市',3,'0453','157500','穆棱市',130.525,44.919,'Muling'),(231100,'黑河市',230000,'黑河市',2,'0456','164300','黑河市',127.499,50.2496,'Heihe'),(231102,'爱辉区',231100,'爱辉区',3,'0456','164300','爱辉区',127.501,50.252,'Aihui'),(231121,'嫩江县',231100,'嫩江县',3,'0456','161400','嫩江县',125.226,49.1784,'Nenjiang'),(231123,'逊克县',231100,'逊克县',3,'0456','164400','逊克县',128.479,49.5798,'Xunke'),(231124,'孙吴县',231100,'孙吴县',3,'0456','164200','孙吴县',127.336,49.4254,'Sunwu'),(231181,'北安市',231100,'北安市',3,'0456','164000','北安市',126.482,48.2387,'Bei\'an'),(231182,'五大连池市',231100,'五大连池市',3,'0456','164100','五大连池市',126.203,48.5151,'Wudalianchi'),(231200,'绥化市',230000,'绥化市',2,'0455','152000','绥化市',126.993,46.6374,'Suihua'),(231202,'北林区',231200,'北林区',3,'0455','152000','北林区',126.986,46.6373,'Beilin'),(231221,'望奎县',231200,'望奎县',3,'0455','152100','望奎县',126.482,46.8308,'Wangkui'),(231222,'兰西县',231200,'兰西县',3,'0455','151500','兰西县',126.29,46.2525,'Lanxi'),(231223,'青冈县',231200,'青冈县',3,'0455','151600','青冈县',126.113,46.6853,'Qinggang'),(231224,'庆安县',231200,'庆安县',3,'0455','152400','庆安县',127.508,46.8802,'Qing\'an'),(231225,'明水县',231200,'明水县',3,'0455','151700','明水县',125.906,47.1733,'Mingshui'),(231226,'绥棱县',231200,'绥棱县',3,'0455','152200','绥棱县',127.116,47.2427,'Suileng'),(231281,'安达市',231200,'安达市',3,'0455','151400','安达市',125.344,46.4177,'Anda'),(231282,'肇东市',231200,'肇东市',3,'0455','151100','肇东市',125.962,46.0513,'Zhaodong'),(231283,'海伦市',231200,'海伦市',3,'0455','152300','海伦市',126.968,47.4609,'Hailun'),(232700,'大兴安岭地区',230000,'大兴安岭地区',2,'0457','165000','大兴安岭地区',124.712,52.3353,'DaXingAnLing'),(232701,'加格达奇区',232700,'加格达奇区',3,'0457','165000','加格达奇区',124.31,51.9814,'Jiagedaqi'),(232702,'新林区',232700,'新林区',3,'0457','165000','新林区',124.398,51.6734,'Xinlin'),(232703,'松岭区',232700,'松岭区',3,'0457','165000','松岭区',124.19,51.9855,'Songling'),(232704,'呼中区',232700,'呼中区',3,'0457','165000','呼中区',123.6,52.0335,'Huzhong'),(232721,'呼玛县',232700,'呼玛县',3,'0457','165100','呼玛县',126.662,51.7311,'Huma'),(232722,'塔河县',232700,'塔河县',3,'0457','165200','塔河县',124.71,52.3343,'Tahe'),(232723,'漠河县',232700,'漠河县',3,'0457','165300','漠河县',122.538,52.97,'Mohe'),(310000,'上海',100000,'上海',1,'','','上海',121.473,31.2317,'Shanghai'),(310100,'上海市',310000,'上海市',2,'021','200000','上海市',121.473,31.2317,'Shanghai'),(310101,'黄浦区',310100,'黄浦区',3,'021','200001','黄浦区',121.493,31.2234,'Huangpu'),(310104,'徐汇区',310100,'徐汇区',3,'021','200030','徐汇区',121.437,31.1883,'Xuhui'),(310105,'长宁区',310100,'长宁区',3,'021','200050','长宁区',121.425,31.2204,'Changning'),(310106,'静安区',310100,'静安区',3,'021','200040','静安区',121.444,31.2288,'Jing\'an'),(310107,'普陀区',310100,'普陀区',3,'021','200333','普陀区',121.397,31.2495,'Putuo'),(310108,'闸北区',310100,'闸北区',3,'021','200070','闸北区',121.446,31.2808,'Zhabei'),(310109,'虹口区',310100,'虹口区',3,'021','200086','虹口区',121.482,31.2779,'Hongkou'),(310110,'杨浦区',310100,'杨浦区',3,'021','200082','杨浦区',121.526,31.2595,'Yangpu'),(310112,'闵行区',310100,'闵行区',3,'021','201100','闵行区',121.382,31.1125,'Minhang'),(310113,'宝山区',310100,'宝山区',3,'021','201900','宝山区',121.489,31.4045,'Baoshan'),(310114,'嘉定区',310100,'嘉定区',3,'021','201800','嘉定区',121.266,31.3747,'Jiading'),(310115,'浦东新区',310100,'浦东新区',3,'021','200135','浦东新区',121.545,31.2225,'Pudong'),(310116,'金山区',310100,'金山区',3,'021','200540','金山区',121.342,30.7416,'Jinshan'),(310117,'松江区',310100,'松江区',3,'021','201600','松江区',121.229,31.0322,'Songjiang'),(310118,'青浦区',310100,'青浦区',3,'021','201700','青浦区',121.124,31.1497,'Qingpu'),(310120,'奉贤区',310100,'奉贤区',3,'021','201400','奉贤区',121.474,30.9179,'Fengxian'),(310230,'崇明县',310100,'崇明县',3,'021','202150','崇明县',121.398,31.6228,'Chongming'),(320000,'江苏省',100000,'江苏省',1,'','','江苏省',118.767,32.0415,'Jiangsu'),(320100,'南京市',320000,'南京市',2,'025','210008','南京市',118.767,32.0415,'Nanjing'),(320102,'玄武区',320100,'玄武区',3,'025','210018','玄武区',118.798,32.0486,'Xuanwu'),(320104,'秦淮区',320100,'秦淮区',3,'025','210001','秦淮区',118.798,32.0111,'Qinhuai'),(320105,'建邺区',320100,'建邺区',3,'025','210004','建邺区',118.766,32.031,'Jianye'),(320106,'鼓楼区',320100,'鼓楼区',3,'025','210009','鼓楼区',118.77,32.0663,'Gulou'),(320111,'浦口区',320100,'浦口区',3,'025','211800','浦口区',118.628,32.0588,'Pukou'),(320113,'栖霞区',320100,'栖霞区',3,'025','210046','栖霞区',118.881,32.1135,'Qixia'),(320114,'雨花台区',320100,'雨花台区',3,'025','210012','雨花台区',118.78,31.992,'Yuhuatai'),(320115,'江宁区',320100,'江宁区',3,'025','211100','江宁区',118.84,31.9526,'Jiangning'),(320116,'六合区',320100,'六合区',3,'025','211500','六合区',118.841,32.3422,'Luhe'),(320117,'溧水区',320100,'溧水区',3,'025','211200','溧水区',119.029,31.6531,'Lishui'),(320118,'高淳区',320100,'高淳区',3,'025','211300','高淳区',118.876,31.3271,'Gaochun'),(320200,'无锡市',320000,'无锡市',2,'0510','214000','无锡市',120.302,31.5747,'Wuxi'),(320202,'崇安区',320200,'崇安区',3,'0510','214001','崇安区',120.3,31.58,'Chong\'an'),(320203,'南长区',320200,'南长区',3,'0510','214021','南长区',120.309,31.5636,'Nanchang'),(320204,'北塘区',320200,'北塘区',3,'0510','214044','北塘区',120.294,31.6059,'Beitang'),(320205,'锡山区',320200,'锡山区',3,'0510','214101','锡山区',120.357,31.5886,'Xishan'),(320206,'惠山区',320200,'惠山区',3,'0510','214174','惠山区',120.298,31.6809,'Huishan'),(320211,'滨湖区',320200,'滨湖区',3,'0510','214123','滨湖区',120.295,31.5216,'Binhu'),(320281,'江阴市',320200,'江阴市',3,'0510','214431','江阴市',120.285,31.92,'Jiangyin'),(320282,'宜兴市',320200,'宜兴市',3,'0510','214200','宜兴市',119.824,31.3398,'Yixing'),(320300,'徐州市',320000,'徐州市',2,'0516','221003','徐州市',117.185,34.2618,'Xuzhou'),(320302,'鼓楼区',320300,'鼓楼区',3,'0516','221005','鼓楼区',117.186,34.2885,'Gulou'),(320303,'云龙区',320300,'云龙区',3,'0516','221007','云龙区',117.231,34.249,'Yunlong'),(320305,'贾汪区',320300,'贾汪区',3,'0516','221003','贾汪区',117.453,34.4426,'Jiawang'),(320311,'泉山区',320300,'泉山区',3,'0516','221006','泉山区',117.194,34.2442,'Quanshan'),(320312,'铜山区',320300,'铜山区',3,'0516','221106','铜山区',117.184,34.1929,'Tongshan'),(320321,'丰县',320300,'丰县',3,'0516','221700','丰县',116.6,34.6997,'Fengxian'),(320322,'沛县',320300,'沛县',3,'0516','221600','沛县',116.937,34.7216,'Peixian'),(320324,'睢宁县',320300,'睢宁县',3,'0516','221200','睢宁县',117.941,33.9127,'Suining'),(320381,'新沂市',320300,'新沂市',3,'0516','221400','新沂市',118.355,34.3694,'Xinyi'),(320382,'邳州市',320300,'邳州市',3,'0516','221300','邳州市',117.959,34.3333,'Pizhou'),(320400,'常州市',320000,'常州市',2,'0519','213000','常州市',119.947,31.7728,'Changzhou'),(320402,'天宁区',320400,'天宁区',3,'0519','213000','天宁区',119.951,31.7521,'Tianning'),(320404,'钟楼区',320400,'钟楼区',3,'0519','213023','钟楼区',119.902,31.8022,'Zhonglou'),(320405,'戚墅堰区',320400,'戚墅堰区',3,'0519','213025','戚墅堰区',120.061,31.7196,'Qishuyan'),(320411,'新北区',320400,'新北区',3,'0519','213022','新北区',119.971,31.8305,'Xinbei'),(320412,'武进区',320400,'武进区',3,'0519','213100','武进区',119.942,31.7009,'Wujin'),(320481,'溧阳市',320400,'溧阳市',3,'0519','213300','溧阳市',119.484,31.4154,'Liyang'),(320482,'金坛市',320400,'金坛市',3,'0519','213200','金坛市',119.578,31.7404,'Jintan'),(320500,'苏州市',320000,'苏州市',2,'0512','215002','苏州市',120.62,31.2994,'Suzhou'),(320505,'虎丘区',320500,'虎丘区',3,'0512','215004','虎丘区',120.573,31.2953,'Huqiu'),(320506,'吴中区',320500,'吴中区',3,'0512','215128','吴中区',120.632,31.2623,'Wuzhong'),(320507,'相城区',320500,'相城区',3,'0512','215131','相城区',120.642,31.3689,'Xiangcheng'),(320508,'姑苏区',320500,'姑苏区',3,'0512','215031','姑苏区',120.62,31.2994,'Gusu'),(320509,'吴江区',320500,'吴江区',3,'0512','215200','吴江区',120.638,31.1598,'Wujiang'),(320581,'常熟市',320500,'常熟市',3,'0512','215500','常熟市',120.752,31.6537,'Changshu'),(320582,'张家港市',320500,'张家港市',3,'0512','215600','张家港市',120.555,31.8753,'Zhangjiagang'),(320583,'昆山市',320500,'昆山市',3,'0512','215300','昆山市',120.981,31.3846,'Kunshan'),(320585,'太仓市',320500,'太仓市',3,'0512','215400','太仓市',121.109,31.4497,'Taicang'),(320600,'南通市',320000,'南通市',2,'0513','226001','南通市',120.865,32.0162,'Nantong'),(320602,'崇川区',320600,'崇川区',3,'0513','226001','崇川区',120.857,32.0098,'Chongchuan'),(320611,'港闸区',320600,'港闸区',3,'0513','226001','港闸区',120.818,32.0316,'Gangzha'),(320612,'通州区',320600,'通州区',3,'0513','226300','通州区',121.073,32.0676,'Tongzhou'),(320621,'海安县',320600,'海安县',3,'0513','226600','海安县',120.459,32.5451,'Hai\'an'),(320623,'如东县',320600,'如东县',3,'0513','226400','如东县',121.189,32.3144,'Rudong'),(320681,'启东市',320600,'启东市',3,'0513','226200','启东市',121.66,31.8108,'Qidong'),(320682,'如皋市',320600,'如皋市',3,'0513','226500','如皋市',120.56,32.376,'Rugao'),(320684,'海门市',320600,'海门市',3,'0513','226100','海门市',121.17,31.8942,'Haimen'),(320700,'连云港市',320000,'连云港市',2,'0518','222002','连云港市',119.179,34.6,'Lianyungang'),(320703,'连云区',320700,'连云区',3,'0518','222042','连云区',119.373,34.7529,'Lianyun'),(320706,'海州区',320700,'海州区',3,'0518','222003','海州区',119.131,34.5699,'Haizhou'),(320707,'赣榆区',320700,'赣榆区',3,'0518','222100','赣榆区',119.129,34.8392,'Ganyu'),(320722,'东海县',320700,'东海县',3,'0518','222300','东海县',118.771,34.5421,'Donghai'),(320723,'灌云县',320700,'灌云县',3,'0518','222200','灌云县',119.239,34.2839,'Guanyun'),(320724,'灌南县',320700,'灌南县',3,'0518','222500','灌南县',119.356,34.09,'Guannan'),(320800,'淮安市',320000,'淮安市',2,'0517','223001','淮安市',119.021,33.5975,'Huai\'an'),(320802,'清河区',320800,'清河区',3,'0517','223001','清河区',119.008,33.5995,'Qinghe'),(320803,'淮安区',320800,'淮安区',3,'0517','223200','淮安区',119.021,33.5975,'Huai\'an'),(320804,'淮阴区',320800,'淮阴区',3,'0517','223300','淮阴区',119.035,33.6317,'Huaiyin'),(320811,'清浦区',320800,'清浦区',3,'0517','223002','清浦区',119.026,33.5523,'Qingpu'),(320826,'涟水县',320800,'涟水县',3,'0517','223400','涟水县',119.261,33.7809,'Lianshui'),(320829,'洪泽县',320800,'洪泽县',3,'0517','223100','洪泽县',118.873,33.2943,'Hongze'),(320830,'盱眙县',320800,'盱眙县',3,'0517','211700','盱眙县',118.545,33.0109,'Xuyi'),(320831,'金湖县',320800,'金湖县',3,'0517','211600','金湖县',119.023,33.0222,'Jinhu'),(320900,'盐城市',320000,'盐城市',2,'0515','224005','盐城市',120.14,33.3776,'Yancheng'),(320902,'亭湖区',320900,'亭湖区',3,'0515','224005','亭湖区',120.166,33.3783,'Tinghu'),(320903,'盐都区',320900,'盐都区',3,'0515','224055','盐都区',120.154,33.3373,'Yandu'),(320921,'响水县',320900,'响水县',3,'0515','224600','响水县',119.57,34.2051,'Xiangshui'),(320922,'滨海县',320900,'滨海县',3,'0515','224500','滨海县',119.821,33.9897,'Binhai'),(320923,'阜宁县',320900,'阜宁县',3,'0515','224400','阜宁县',119.802,33.7823,'Funing'),(320924,'射阳县',320900,'射阳县',3,'0515','224300','射阳县',120.26,33.7764,'Sheyang'),(320925,'建湖县',320900,'建湖县',3,'0515','224700','建湖县',119.799,33.4724,'Jianhu'),(320981,'东台市',320900,'东台市',3,'0515','224200','东台市',120.324,32.8508,'Dongtai'),(320982,'大丰市',320900,'大丰市',3,'0515','224100','大丰市',120.466,33.1989,'Dafeng'),(321000,'扬州市',320000,'扬州市',2,'0514','225002','扬州市',119.421,32.3932,'Yangzhou'),(321002,'广陵区',321000,'广陵区',3,'0514','225002','广陵区',119.432,32.3947,'Guangling'),(321003,'邗江区',321000,'邗江区',3,'0514','225002','邗江区',119.398,32.3765,'Hanjiang'),(321012,'江都区',321000,'江都区',3,'0514','225200','江都区',119.567,32.4266,'Jiangdu'),(321023,'宝应县',321000,'宝应县',3,'0514','225800','宝应县',119.312,33.2355,'Baoying'),(321081,'仪征市',321000,'仪征市',3,'0514','211400','仪征市',119.184,32.272,'Yizheng'),(321084,'高邮市',321000,'高邮市',3,'0514','225600','高邮市',119.46,32.7813,'Gaoyou'),(321100,'镇江市',320000,'镇江市',2,'0511','212004','镇江市',119.453,32.2044,'Zhenjiang'),(321102,'京口区',321100,'京口区',3,'0511','212003','京口区',119.469,32.1981,'Jingkou'),(321111,'润州区',321100,'润州区',3,'0511','212005','润州区',119.411,32.1952,'Runzhou'),(321112,'丹徒区',321100,'丹徒区',3,'0511','212028','丹徒区',119.434,32.1318,'Dantu'),(321181,'丹阳市',321100,'丹阳市',3,'0511','212300','丹阳市',119.575,31.9912,'Danyang'),(321182,'扬中市',321100,'扬中市',3,'0511','212200','扬中市',119.797,32.2363,'Yangzhong'),(321183,'句容市',321100,'句容市',3,'0511','212400','句容市',119.165,31.9559,'Jurong'),(321200,'泰州市',320000,'泰州市',2,'0523','225300','泰州市',119.915,32.4849,'Taizhou'),(321202,'海陵区',321200,'海陵区',3,'0523','225300','海陵区',119.919,32.491,'Hailing'),(321203,'高港区',321200,'高港区',3,'0523','225321','高港区',119.881,32.3183,'Gaogang'),(321204,'姜堰区',321200,'姜堰区',3,'0523','225500','姜堰区',120.148,32.5085,'Jiangyan'),(321281,'兴化市',321200,'兴化市',3,'0523','225700','兴化市',119.852,32.9094,'Xinghua'),(321282,'靖江市',321200,'靖江市',3,'0523','214500','靖江市',120.273,32.0159,'Jingjiang'),(321283,'泰兴市',321200,'泰兴市',3,'0523','225400','泰兴市',120.052,32.1719,'Taixing'),(321300,'宿迁市',320000,'宿迁市',2,'0527','223800','宿迁市',118.293,33.9452,'Suqian'),(321302,'宿城区',321300,'宿城区',3,'0527','223800','宿城区',118.291,33.9422,'Sucheng'),(321311,'宿豫区',321300,'宿豫区',3,'0527','223800','宿豫区',118.329,33.9467,'Suyu'),(321322,'沭阳县',321300,'沭阳县',3,'0527','223600','沭阳县',118.769,34.1145,'Shuyang'),(321323,'泗阳县',321300,'泗阳县',3,'0527','223700','泗阳县',118.703,33.721,'Siyang'),(321324,'泗洪县',321300,'泗洪县',3,'0527','223900','泗洪县',118.217,33.46,'Sihong'),(330000,'浙江省',100000,'浙江省',1,'','','浙江省',120.154,30.2875,'Zhejiang'),(330100,'杭州市',330000,'杭州市',2,'0571','310026','杭州市',120.154,30.2875,'Hangzhou'),(330102,'上城区',330100,'上城区',3,'0571','310002','上城区',120.169,30.2425,'Shangcheng'),(330103,'下城区',330100,'下城区',3,'0571','310006','下城区',120.181,30.2815,'Xiacheng'),(330104,'江干区',330100,'江干区',3,'0571','310016','江干区',120.205,30.2572,'Jianggan'),(330105,'拱墅区',330100,'拱墅区',3,'0571','310011','拱墅区',120.142,30.3197,'Gongshu'),(330106,'西湖区',330100,'西湖区',3,'0571','310013','西湖区',120.13,30.2595,'Xihu'),(330108,'滨江区',330100,'滨江区',3,'0571','310051','滨江区',120.212,30.2083,'Binjiang'),(330109,'萧山区',330100,'萧山区',3,'0571','311200','萧山区',120.265,30.185,'Xiaoshan'),(330110,'余杭区',330100,'余杭区',3,'0571','311100','余杭区',120.3,30.4183,'Yuhang'),(330122,'桐庐县',330100,'桐庐县',3,'0571','311500','桐庐县',119.689,29.7978,'Tonglu'),(330127,'淳安县',330100,'淳安县',3,'0571','311700','淳安县',119.043,29.6099,'Chun\'an'),(330182,'建德市',330100,'建德市',3,'0571','311600','建德市',119.282,29.476,'Jiande'),(330183,'富阳区',330100,'富阳区',3,'0571','311400','富阳区',119.96,30.0488,'Fuyang'),(330185,'临安市',330100,'临安市',3,'0571','311300','临安市',119.725,30.2345,'Lin\'an'),(330200,'宁波市',330000,'宁波市',2,'0574','315000','宁波市',121.55,29.8684,'Ningbo'),(330203,'海曙区',330200,'海曙区',3,'0574','315000','海曙区',121.551,29.8598,'Haishu'),(330204,'江东区',330200,'江东区',3,'0574','315040','江东区',121.57,29.867,'Jiangdong'),(330205,'江北区',330200,'江北区',3,'0574','315020','江北区',121.557,29.8878,'Jiangbei'),(330206,'北仑区',330200,'北仑区',3,'0574','315800','北仑区',121.844,29.9007,'Beilun'),(330211,'镇海区',330200,'镇海区',3,'0574','315200','镇海区',121.716,29.9489,'Zhenhai'),(330212,'鄞州区',330200,'鄞州区',3,'0574','315100','鄞州区',121.548,29.8161,'Yinzhou'),(330225,'象山县',330200,'象山县',3,'0574','315700','象山县',121.869,29.4776,'Xiangshan'),(330226,'宁海县',330200,'宁海县',3,'0574','315600','宁海县',121.431,29.2889,'Ninghai'),(330281,'余姚市',330200,'余姚市',3,'0574','315400','余姚市',121.153,30.0387,'Yuyao'),(330282,'慈溪市',330200,'慈溪市',3,'0574','315300','慈溪市',121.266,30.1696,'Cixi'),(330283,'奉化市',330200,'奉化市',3,'0574','315500','奉化市',121.41,29.6554,'Fenghua'),(330300,'温州市',330000,'温州市',2,'0577','325000','温州市',120.672,28.0006,'Wenzhou'),(330302,'鹿城区',330300,'鹿城区',3,'0577','325000','鹿城区',120.655,28.0149,'Lucheng'),(330303,'龙湾区',330300,'龙湾区',3,'0577','325013','龙湾区',120.831,27.9128,'Longwan'),(330304,'瓯海区',330300,'瓯海区',3,'0577','325005','瓯海区',120.638,28.0071,'Ouhai'),(330322,'洞头县',330300,'洞头县',3,'0577','325700','洞头县',121.156,27.8363,'Dongtou'),(330324,'永嘉县',330300,'永嘉县',3,'0577','325100','永嘉县',120.693,28.1546,'Yongjia'),(330326,'平阳县',330300,'平阳县',3,'0577','325400','平阳县',120.565,27.6625,'Pingyang'),(330327,'苍南县',330300,'苍南县',3,'0577','325800','苍南县',120.426,27.5174,'Cangnan'),(330328,'文成县',330300,'文成县',3,'0577','325300','文成县',120.091,27.7868,'Wencheng'),(330329,'泰顺县',330300,'泰顺县',3,'0577','325500','泰顺县',119.718,27.5569,'Taishun'),(330381,'瑞安市',330300,'瑞安市',3,'0577','325200','瑞安市',120.655,27.7804,'Rui\'an'),(330382,'乐清市',330300,'乐清市',3,'0577','325600','乐清市',120.962,28.124,'Yueqing'),(330400,'嘉兴市',330000,'嘉兴市',2,'0573','314000','嘉兴市',120.751,30.7627,'Jiaxing'),(330402,'南湖区',330400,'南湖区',3,'0573','314051','南湖区',120.785,30.7486,'Nanhu'),(330411,'秀洲区',330400,'秀洲区',3,'0573','314031','秀洲区',120.709,30.7645,'Xiuzhou'),(330421,'嘉善县',330400,'嘉善县',3,'0573','314100','嘉善县',120.926,30.8299,'Jiashan'),(330424,'海盐县',330400,'海盐县',3,'0573','314300','海盐县',120.946,30.5255,'Haiyan'),(330481,'海宁市',330400,'海宁市',3,'0573','314400','海宁市',120.681,30.5097,'Haining'),(330482,'平湖市',330400,'平湖市',3,'0573','314200','平湖市',121.022,30.6962,'Pinghu'),(330483,'桐乡市',330400,'桐乡市',3,'0573','314500','桐乡市',120.565,30.6302,'Tongxiang'),(330500,'湖州市',330000,'湖州市',2,'0572','313000','湖州市',120.102,30.8672,'Huzhou'),(330502,'吴兴区',330500,'吴兴区',3,'0572','313000','吴兴区',120.125,30.8575,'Wuxing'),(330503,'南浔区',330500,'南浔区',3,'0572','313009','南浔区',120.42,30.8669,'Nanxun'),(330521,'德清县',330500,'德清县',3,'0572','313200','德清县',119.978,30.5337,'Deqing'),(330522,'长兴县',330500,'长兴县',3,'0572','313100','长兴县',119.908,31.0061,'Changxing'),(330523,'安吉县',330500,'安吉县',3,'0572','313300','安吉县',119.682,30.638,'Anji'),(330600,'绍兴市',330000,'绍兴市',2,'0575','312000','绍兴市',120.582,29.9971,'Shaoxing'),(330602,'越城区',330600,'越城区',3,'0575','312000','越城区',120.582,29.989,'Yuecheng'),(330603,'柯桥区',330600,'柯桥区',3,'0575','312030','柯桥区',120.493,30.0876,'Keqiao '),(330604,'上虞区',330600,'上虞区',3,'0575','312300','上虞区',120.476,30.078,'Shangyu'),(330624,'新昌县',330600,'新昌县',3,'0575','312500','新昌县',120.904,29.4999,'Xinchang'),(330681,'诸暨市',330600,'诸暨市',3,'0575','311800','诸暨市',120.236,29.7136,'Zhuji'),(330683,'嵊州市',330600,'嵊州市',3,'0575','312400','嵊州市',120.822,29.5885,'Shengzhou'),(330700,'金华市',330000,'金华市',2,'0579','321000','金华市',119.65,29.0895,'Jinhua'),(330702,'婺城区',330700,'婺城区',3,'0579','321000','婺城区',119.571,29.0952,'Wucheng'),(330703,'金东区',330700,'金东区',3,'0579','321000','金东区',119.693,29.0991,'Jindong'),(330723,'武义县',330700,'武义县',3,'0579','321200','武义县',119.816,28.8933,'Wuyi'),(330726,'浦江县',330700,'浦江县',3,'0579','322200','浦江县',119.892,29.4535,'Pujiang'),(330727,'磐安县',330700,'磐安县',3,'0579','322300','磐安县',120.45,29.0573,'Pan\'an'),(330781,'兰溪市',330700,'兰溪市',3,'0579','321100','兰溪市',119.46,29.2084,'Lanxi'),(330782,'义乌市',330700,'义乌市',3,'0579','322000','义乌市',120.074,29.3056,'Yiwu'),(330783,'东阳市',330700,'东阳市',3,'0579','322100','东阳市',120.242,29.2894,'Dongyang'),(330784,'永康市',330700,'永康市',3,'0579','321300','永康市',120.047,28.8884,'Yongkang'),(330800,'衢州市',330000,'衢州市',2,'0570','324002','衢州市',118.873,28.9417,'Quzhou'),(330802,'柯城区',330800,'柯城区',3,'0570','324100','柯城区',118.871,28.9686,'Kecheng'),(330803,'衢江区',330800,'衢江区',3,'0570','324022','衢江区',118.96,28.9798,'Qujiang'),(330822,'常山县',330800,'常山县',3,'0570','324200','常山县',118.51,28.9019,'Changshan'),(330824,'开化县',330800,'开化县',3,'0570','324300','开化县',118.416,29.1378,'Kaihua'),(330825,'龙游县',330800,'龙游县',3,'0570','324400','龙游县',119.172,29.0282,'Longyou'),(330881,'江山市',330800,'江山市',3,'0570','324100','江山市',118.627,28.7386,'Jiangshan'),(330900,'舟山市',330000,'舟山市',2,'0580','316000','舟山市',122.107,30.016,'Zhoushan'),(330902,'定海区',330900,'定海区',3,'0580','316000','定海区',122.107,30.0198,'Dinghai'),(330903,'普陀区',330900,'普陀区',3,'0580','316100','普陀区',122.303,29.9491,'Putuo'),(330921,'岱山县',330900,'岱山县',3,'0580','316200','岱山县',122.205,30.2439,'Daishan'),(330922,'嵊泗县',330900,'嵊泗县',3,'0580','202450','嵊泗县',122.451,30.7268,'Shengsi'),(331000,'台州市',330000,'台州市',2,'0576','318000','台州市',121.429,28.6614,'Taizhou'),(331002,'椒江区',331000,'椒江区',3,'0576','318000','椒江区',121.443,28.673,'Jiaojiang'),(331003,'黄岩区',331000,'黄岩区',3,'0576','318020','黄岩区',121.259,28.6508,'Huangyan'),(331004,'路桥区',331000,'路桥区',3,'0576','318050','路桥区',121.374,28.5802,'Luqiao'),(331021,'玉环县',331000,'玉环县',3,'0576','317600','玉环县',121.232,28.1364,'Yuhuan'),(331022,'三门县',331000,'三门县',3,'0576','317100','三门县',121.394,29.1051,'Sanmen'),(331023,'天台县',331000,'天台县',3,'0576','317200','天台县',121.008,29.1429,'Tiantai'),(331024,'仙居县',331000,'仙居县',3,'0576','317300','仙居县',120.729,28.8467,'Xianju'),(331081,'温岭市',331000,'温岭市',3,'0576','317500','温岭市',121.386,28.3718,'Wenling'),(331082,'临海市',331000,'临海市',3,'0576','317000','临海市',121.139,28.856,'Linhai'),(331100,'丽水市',330000,'丽水市',2,'0578','323000','丽水市',119.922,28.452,'Lishui'),(331102,'莲都区',331100,'莲都区',3,'0578','323000','莲都区',119.913,28.4458,'Liandu'),(331121,'青田县',331100,'青田县',3,'0578','323900','青田县',120.29,28.139,'Qingtian'),(331122,'缙云县',331100,'缙云县',3,'0578','321400','缙云县',120.09,28.6594,'Jinyun'),(331123,'遂昌县',331100,'遂昌县',3,'0578','323300','遂昌县',119.276,28.5929,'Suichang'),(331124,'松阳县',331100,'松阳县',3,'0578','323400','松阳县',119.482,28.4494,'Songyang'),(331125,'云和县',331100,'云和县',3,'0578','323600','云和县',119.573,28.1164,'Yunhe'),(331126,'庆元县',331100,'庆元县',3,'0578','323800','庆元县',119.063,27.6184,'Qingyuan'),(331127,'景宁畲族自治县',331100,'景宁畲族自治县',3,'0578','323500','景宁畲族自治县',119.638,27.9739,'Jingning'),(331181,'龙泉市',331100,'龙泉市',3,'0578','323700','龙泉市',119.142,28.0743,'Longquan'),(331200,'舟山群岛新区',330000,'舟山群岛新区',2,'0580','316000','舟山群岛新区',122.318,29.8132,'Zhoushan'),(331201,'金塘岛',331200,'金塘岛',3,'0580','316000','金塘岛',121.893,30.0406,'Jintang'),(331202,'六横岛',331200,'六横岛',3,'0580','316000','六横岛',122.143,29.6629,'Liuheng'),(331203,'衢山岛',331200,'衢山岛',3,'0580','316000','衢山岛',122.358,30.4426,'Qushan'),(331204,'舟山本岛西北部',331200,'舟山本岛西北部',3,'0580','316000','舟山本岛西北部',122.031,30.1404,'Zhoushan'),(331205,'岱山岛西南部',331200,'岱山岛西南部',3,'0580','316000','岱山岛西南部',122.18,30.2773,'Daishan'),(331206,'泗礁岛',331200,'泗礁岛',3,'0580','316000','泗礁岛',122.458,30.7251,'Sijiao'),(331207,'朱家尖岛',331200,'朱家尖岛',3,'0580','316000','朱家尖岛',122.391,29.9163,'Zhujiajian'),(331208,'洋山岛',331200,'洋山岛',3,'0580','316000','洋山岛',121.996,30.0946,'Yangshan'),(331209,'长涂岛',331200,'长涂岛',3,'0580','316000','长涂岛',122.285,30.2489,'Changtu'),(331210,'虾峙岛',331200,'虾峙岛',3,'0580','316000','虾峙岛',122.245,29.7529,'Xiazhi'),(340000,'安徽省',100000,'安徽省',1,'','','安徽省',117.283,31.8612,'Anhui'),(340100,'合肥市',340000,'合肥市',2,'0551','230001','合肥市',117.283,31.8612,'Hefei'),(340102,'瑶海区',340100,'瑶海区',3,'0551','230011','瑶海区',117.309,31.8581,'Yaohai'),(340103,'庐阳区',340100,'庐阳区',3,'0551','230001','庐阳区',117.265,31.8787,'Luyang'),(340104,'蜀山区',340100,'蜀山区',3,'0551','230031','蜀山区',117.261,31.8512,'Shushan'),(340111,'包河区',340100,'包河区',3,'0551','230041','包河区',117.31,31.795,'Baohe'),(340121,'长丰县',340100,'长丰县',3,'0551','231100','长丰县',117.165,32.4796,'Changfeng'),(340122,'肥东县',340100,'肥东县',3,'0551','231600','肥东县',117.471,31.8853,'Feidong'),(340123,'肥西县',340100,'肥西县',3,'0551','231200','肥西县',117.168,31.7214,'Feixi'),(340124,'庐江县',340100,'庐江县',3,'0565','231500','庐江县',117.29,31.2515,'Lujiang'),(340181,'巢湖市',340100,'巢湖市',3,'0565','238000','巢湖市',117.874,31.6005,'Chaohu'),(340200,'芜湖市',340000,'芜湖市',2,'0551','241000','芜湖市',118.376,31.3263,'Wuhu'),(340202,'镜湖区',340200,'镜湖区',3,'0553','241000','镜湖区',118.385,31.3404,'Jinghu'),(340203,'弋江区',340200,'弋江区',3,'0553','241000','弋江区',118.373,31.3118,'Yijiang'),(340207,'鸠江区',340200,'鸠江区',3,'0553','241000','鸠江区',118.392,31.3693,'Jiujiang'),(340208,'三山区',340200,'三山区',3,'0553','241000','三山区',118.225,31.207,'Sanshan'),(340221,'芜湖县',340200,'芜湖县',3,'0553','241100','芜湖县',118.575,31.1348,'Wuhu'),(340222,'繁昌县',340200,'繁昌县',3,'0553','241200','繁昌县',118.2,31.0832,'Fanchang'),(340223,'南陵县',340200,'南陵县',3,'0553','242400','南陵县',118.337,30.9197,'Nanling'),(340225,'无为县',340200,'无为县',3,'0565','238300','无为县',117.911,31.3031,'Wuwei'),(340300,'蚌埠市',340000,'蚌埠市',2,'0552','233000','蚌埠市',117.362,32.934,'Bengbu'),(340302,'龙子湖区',340300,'龙子湖区',3,'0552','233000','龙子湖区',117.394,32.943,'Longzihu'),(340303,'蚌山区',340300,'蚌山区',3,'0552','233000','蚌山区',117.368,32.9441,'Bengshan'),(340304,'禹会区',340300,'禹会区',3,'0552','233010','禹会区',117.353,32.9334,'Yuhui'),(340311,'淮上区',340300,'淮上区',3,'0552','233002','淮上区',117.36,32.9642,'Huaishang'),(340321,'怀远县',340300,'怀远县',3,'0552','233400','怀远县',117.205,32.9701,'Huaiyuan'),(340322,'五河县',340300,'五河县',3,'0552','233300','五河县',117.891,33.1446,'Wuhe'),(340323,'固镇县',340300,'固镇县',3,'0552','233700','固镇县',117.316,33.318,'Guzhen'),(340400,'淮南市',340000,'淮南市',2,'0554','232001','淮南市',117.025,32.6459,'Huainan'),(340402,'大通区',340400,'大通区',3,'0554','232033','大通区',117.053,32.6326,'Datong'),(340403,'田家庵区',340400,'田家庵区',3,'0554','232000','田家庵区',117.017,32.647,'Tianjiaan'),(340404,'谢家集区',340400,'谢家集区',3,'0554','232052','谢家集区',116.864,32.5982,'Xiejiaji'),(340405,'八公山区',340400,'八公山区',3,'0554','232072','八公山区',116.837,32.6294,'Bagongshan'),(340406,'潘集区',340400,'潘集区',3,'0554','232082','潘集区',116.816,32.7829,'Panji'),(340421,'凤台县',340400,'凤台县',3,'0554','232100','凤台县',116.716,32.7075,'Fengtai'),(340500,'马鞍山市',340000,'马鞍山市',2,'0555','243001','马鞍山市',118.508,31.6894,'Ma\'anshan'),(340503,'花山区',340500,'花山区',3,'0555','243000','花山区',118.512,31.7001,'Huashan'),(340504,'雨山区',340500,'雨山区',3,'0555','243071','雨山区',118.499,31.6822,'Yushan'),(340506,'博望区',340500,'博望区',3,'0555','243131','博望区',118.844,31.5619,'Bowang'),(340521,'当涂县',340500,'当涂县',3,'0555','243100','当涂县',118.498,31.571,'Dangtu'),(340522,'含山县',340500,'含山县',3,'0555','238100','含山县',118.106,31.7278,'Hanshan '),(340523,'和县',340500,'和县',3,'0555','238200','和县',118.351,31.7418,'Hexian'),(340600,'淮北市',340000,'淮北市',2,'0561','235000','淮北市',116.795,33.9717,'Huaibei'),(340602,'杜集区',340600,'杜集区',3,'0561','235000','杜集区',116.83,33.9936,'Duji'),(340603,'相山区',340600,'相山区',3,'0561','235000','相山区',116.795,33.9598,'Xiangshan'),(340604,'烈山区',340600,'烈山区',3,'0561','235000','烈山区',116.814,33.8936,'Lieshan'),(340621,'濉溪县',340600,'濉溪县',3,'0561','235100','濉溪县',116.768,33.9146,'Suixi'),(340700,'铜陵市',340000,'铜陵市',2,'0562','244000','铜陵市',117.817,30.9299,'Tongling'),(340702,'铜官山区',340700,'铜官山区',3,'0562','244000','铜官山区',117.815,30.9342,'Tongguanshan'),(340703,'狮子山区',340700,'狮子山区',3,'0562','244000','狮子山区',117.892,30.9263,'Shizishan'),(340711,'郊区',340700,'郊区',3,'0562','244000','郊区',117.809,30.9198,'Jiaoqu'),(340721,'铜陵县',340700,'铜陵县',3,'0562','244100','铜陵县',117.791,30.9536,'Tongling'),(340800,'安庆市',340000,'安庆市',2,'0556','246001','安庆市',117.054,30.5248,'Anqing'),(340802,'迎江区',340800,'迎江区',3,'0556','246001','迎江区',117.049,30.5042,'Yingjiang'),(340803,'大观区',340800,'大观区',3,'0556','246002','大观区',117.034,30.5122,'Daguan'),(340811,'宜秀区',340800,'宜秀区',3,'0556','246003','宜秀区',117.061,30.5078,'Yixiu'),(340822,'怀宁县',340800,'怀宁县',3,'0556','246100','怀宁县',116.83,30.7338,'Huaining'),(340823,'枞阳县',340800,'枞阳县',3,'0556','246700','枞阳县',117.22,30.6996,'Zongyang'),(340824,'潜山县',340800,'潜山县',3,'0556','246300','潜山县',116.576,30.6304,'Qianshan'),(340825,'太湖县',340800,'太湖县',3,'0556','246400','太湖县',116.309,30.4541,'Taihu'),(340826,'宿松县',340800,'宿松县',3,'0556','246500','宿松县',116.129,30.1536,'Susong'),(340827,'望江县',340800,'望江县',3,'0556','246200','望江县',116.688,30.1259,'Wangjiang'),(340828,'岳西县',340800,'岳西县',3,'0556','246600','岳西县',116.36,30.8498,'Yuexi'),(340881,'桐城市',340800,'桐城市',3,'0556','231400','桐城市',116.951,31.0522,'Tongcheng'),(341000,'黄山市',340000,'黄山市',2,'0559','245000','黄山市',118.317,29.7092,'Huangshan'),(341002,'屯溪区',341000,'屯溪区',3,'0559','245000','屯溪区',118.334,29.7114,'Tunxi'),(341003,'黄山区',341000,'黄山区',3,'0559','242700','黄山区',118.142,30.2729,'Huangshan'),(341004,'徽州区',341000,'徽州区',3,'0559','245061','徽州区',118.337,29.8278,'Huizhou'),(341021,'歙县',341000,'歙县',3,'0559','245200','歙县',118.437,29.8675,'Shexian'),(341022,'休宁县',341000,'休宁县',3,'0559','245400','休宁县',118.181,29.7861,'Xiuning'),(341023,'黟县',341000,'黟县',3,'0559','245500','黟县',117.941,29.9259,'Yixian'),(341024,'祁门县',341000,'祁门县',3,'0559','245600','祁门县',117.718,29.8572,'Qimen'),(341100,'滁州市',340000,'滁州市',2,'0550','239000','滁州市',118.316,32.3036,'Chuzhou'),(341102,'琅琊区',341100,'琅琊区',3,'0550','239000','琅琊区',118.305,32.2952,'Langya'),(341103,'南谯区',341100,'南谯区',3,'0550','239000','南谯区',118.312,32.3186,'Nanqiao'),(341122,'来安县',341100,'来安县',3,'0550','239200','来安县',118.434,32.4518,'Lai\'an'),(341124,'全椒县',341100,'全椒县',3,'0550','239500','全椒县',118.273,32.0852,'Quanjiao'),(341125,'定远县',341100,'定远县',3,'0550','233200','定远县',117.68,32.5249,'Dingyuan'),(341126,'凤阳县',341100,'凤阳县',3,'0550','233100','凤阳县',117.565,32.8651,'Fengyang'),(341181,'天长市',341100,'天长市',3,'0550','239300','天长市',118.999,32.6912,'Tianchang'),(341182,'明光市',341100,'明光市',3,'0550','239400','明光市',117.991,32.7782,'Mingguang'),(341200,'阜阳市',340000,'阜阳市',2,'0558','236033','阜阳市',115.82,32.897,'Fuyang'),(341202,'颍州区',341200,'颍州区',3,'0558','236001','颍州区',115.807,32.8835,'Yingzhou'),(341203,'颍东区',341200,'颍东区',3,'0558','236058','颍东区',115.857,32.913,'Yingdong'),(341204,'颍泉区',341200,'颍泉区',3,'0558','236045','颍泉区',115.807,32.9249,'Yingquan'),(341221,'临泉县',341200,'临泉县',3,'0558','236400','临泉县',115.262,33.0676,'Linquan'),(341222,'太和县',341200,'太和县',3,'0558','236600','太和县',115.622,33.1603,'Taihe'),(341225,'阜南县',341200,'阜南县',3,'0558','236300','阜南县',115.586,32.6355,'Funan'),(341226,'颍上县',341200,'颍上县',3,'0558','236200','颍上县',116.265,32.63,'Yingshang'),(341282,'界首市',341200,'界首市',3,'0558','236500','界首市',115.374,33.2571,'Jieshou'),(341300,'宿州市',340000,'宿州市',2,'0557','234000','宿州市',116.984,33.6339,'Suzhou'),(341302,'埇桥区',341300,'埇桥区',3,'0557','234000','埇桥区',116.977,33.6406,'Yongqiao'),(341321,'砀山县',341300,'砀山县',3,'0557','235300','砀山县',116.354,34.4236,'Dangshan'),(341322,'萧县',341300,'萧县',3,'0557','235200','萧县',116.945,34.1879,'Xiaoxian'),(341323,'灵璧县',341300,'灵璧县',3,'0557','234200','灵璧县',117.558,33.5434,'Lingbi'),(341324,'泗县',341300,'泗县',3,'0557','234300','泗县',117.91,33.4829,'Sixian'),(341500,'六安市',340000,'六安市',2,'0564','237000','六安市',116.508,31.7529,'Lu\'an'),(341502,'金安区',341500,'金安区',3,'0564','237005','金安区',116.509,31.7557,'Jin\'an'),(341503,'裕安区',341500,'裕安区',3,'0564','237010','裕安区',116.48,31.7379,'Yu\'an'),(341521,'寿县',341500,'寿县',3,'0564','232200','寿县',116.785,32.5765,'Shouxian'),(341522,'霍邱县',341500,'霍邱县',3,'0564','237400','霍邱县',116.278,32.353,'Huoqiu'),(341523,'舒城县',341500,'舒城县',3,'0564','231300','舒城县',116.945,31.4641,'Shucheng'),(341524,'金寨县',341500,'金寨县',3,'0564','237300','金寨县',115.935,31.7351,'Jinzhai'),(341525,'霍山县',341500,'霍山县',3,'0564','237200','霍山县',116.333,31.3929,'Huoshan'),(341600,'亳州市',340000,'亳州市',2,'0558','236802','亳州市',115.783,33.8693,'Bozhou'),(341602,'谯城区',341600,'谯城区',3,'0558','236800','谯城区',115.779,33.8753,'Qiaocheng'),(341621,'涡阳县',341600,'涡阳县',3,'0558','233600','涡阳县',116.217,33.5091,'Guoyang'),(341622,'蒙城县',341600,'蒙城县',3,'0558','233500','蒙城县',116.565,33.2648,'Mengcheng'),(341623,'利辛县',341600,'利辛县',3,'0558','236700','利辛县',116.208,33.142,'Lixin'),(341700,'池州市',340000,'池州市',2,'0566','247100','池州市',117.489,30.656,'Chizhou'),(341702,'贵池区',341700,'贵池区',3,'0566','247100','贵池区',117.487,30.6528,'Guichi'),(341721,'东至县',341700,'东至县',3,'0566','247200','东至县',117.027,30.0969,'Dongzhi'),(341722,'石台县',341700,'石台县',3,'0566','245100','石台县',117.487,30.2104,'Shitai'),(341723,'青阳县',341700,'青阳县',3,'0566','242800','青阳县',117.847,30.6393,'Qingyang'),(341800,'宣城市',340000,'宣城市',2,'0563','242000','宣城市',118.758,30.9457,'Xuancheng'),(341802,'宣州区',341800,'宣州区',3,'0563','242000','宣州区',118.755,30.9444,'Xuanzhou'),(341821,'郎溪县',341800,'郎溪县',3,'0563','242100','郎溪县',119.179,31.126,'Langxi'),(341822,'广德县',341800,'广德县',3,'0563','242200','广德县',119.418,30.8937,'Guangde'),(341823,'泾县',341800,'泾县',3,'0563','242500','泾县',118.42,30.695,'Jingxian'),(341824,'绩溪县',341800,'绩溪县',3,'0563','245300','绩溪县',118.598,30.0707,'Jixi'),(341825,'旌德县',341800,'旌德县',3,'0563','242600','旌德县',118.543,30.289,'Jingde'),(341881,'宁国市',341800,'宁国市',3,'0563','242300','宁国市',118.983,30.6238,'Ningguo'),(350000,'福建省',100000,'福建省',1,'','','福建省',119.306,26.0753,'Fujian'),(350100,'福州市',350000,'福州市',2,'0591','350001','福州市',119.306,26.0753,'Fuzhou'),(350102,'鼓楼区',350100,'鼓楼区',3,'0591','350001','鼓楼区',119.304,26.0823,'Gulou'),(350103,'台江区',350100,'台江区',3,'0591','350004','台江区',119.309,26.062,'Taijiang'),(350104,'仓山区',350100,'仓山区',3,'0591','350007','仓山区',119.315,26.0434,'Cangshan'),(350105,'马尾区',350100,'马尾区',3,'0591','350015','马尾区',119.455,25.9894,'Mawei'),(350111,'晋安区',350100,'晋安区',3,'0591','350011','晋安区',119.328,26.0818,'Jin\'an'),(350121,'闽侯县',350100,'闽侯县',3,'0591','350100','闽侯县',119.134,26.1501,'Minhou'),(350122,'连江县',350100,'连江县',3,'0591','350500','连江县',119.534,26.1947,'Lianjiang'),(350123,'罗源县',350100,'罗源县',3,'0591','350600','罗源县',119.551,26.4875,'Luoyuan'),(350124,'闽清县',350100,'闽清县',3,'0591','350800','闽清县',118.862,26.219,'Minqing'),(350125,'永泰县',350100,'永泰县',3,'0591','350700','永泰县',118.936,25.8682,'Yongtai'),(350128,'平潭县',350100,'平潭县',3,'0591','350400','平潭县',119.791,25.5037,'Pingtan'),(350181,'福清市',350100,'福清市',3,'0591','350300','福清市',119.385,25.7209,'Fuqing'),(350182,'长乐市',350100,'长乐市',3,'0591','350200','长乐市',119.523,25.9628,'Changle'),(350200,'厦门市',350000,'厦门市',2,'0592','361003','厦门市',118.11,24.4905,'Xiamen'),(350203,'思明区',350200,'思明区',3,'0592','361001','思明区',118.082,24.4454,'Siming'),(350205,'海沧区',350200,'海沧区',3,'0592','361026','海沧区',118.033,24.4846,'Haicang'),(350206,'湖里区',350200,'湖里区',3,'0592','361006','湖里区',118.146,24.5125,'Huli'),(350211,'集美区',350200,'集美区',3,'0592','361021','集美区',118.097,24.5758,'Jimei'),(350212,'同安区',350200,'同安区',3,'0592','361100','同安区',118.152,24.7231,'Tong\'an'),(350213,'翔安区',350200,'翔安区',3,'0592','361101','翔安区',118.248,24.6186,'Xiang\'an'),(350300,'莆田市',350000,'莆田市',2,'0594','351100','莆田市',119.008,25.431,'Putian'),(350302,'城厢区',350300,'城厢区',3,'0594','351100','城厢区',118.995,25.4187,'Chengxiang'),(350303,'涵江区',350300,'涵江区',3,'0594','351111','涵江区',119.116,25.4588,'Hanjiang'),(350304,'荔城区',350300,'荔城区',3,'0594','351100','荔城区',119.013,25.4337,'Licheng'),(350305,'秀屿区',350300,'秀屿区',3,'0594','351152','秀屿区',119.106,25.3183,'Xiuyu'),(350322,'仙游县',350300,'仙游县',3,'0594','351200','仙游县',118.692,25.3621,'Xianyou'),(350400,'三明市',350000,'三明市',2,'0598','365000','三明市',117.635,26.2654,'Sanming'),(350402,'梅列区',350400,'梅列区',3,'0598','365000','梅列区',117.646,26.2717,'Meilie'),(350403,'三元区',350400,'三元区',3,'0598','365001','三元区',117.608,26.2337,'Sanyuan'),(350421,'明溪县',350400,'明溪县',3,'0598','365200','明溪县',117.205,26.3529,'Mingxi'),(350423,'清流县',350400,'清流县',3,'0598','365300','清流县',116.815,26.1714,'Qingliu'),(350424,'宁化县',350400,'宁化县',3,'0598','365400','宁化县',116.661,26.2587,'Ninghua'),(350425,'大田县',350400,'大田县',3,'0598','366100','大田县',117.847,25.6926,'Datian'),(350426,'尤溪县',350400,'尤溪县',3,'0598','365100','尤溪县',118.19,26.17,'Youxi'),(350427,'沙县',350400,'沙县',3,'0598','365500','沙县',117.793,26.3962,'Shaxian'),(350428,'将乐县',350400,'将乐县',3,'0598','353300','将乐县',117.473,26.7284,'Jiangle'),(350429,'泰宁县',350400,'泰宁县',3,'0598','354400','泰宁县',117.176,26.9001,'Taining'),(350430,'建宁县',350400,'建宁县',3,'0598','354500','建宁县',116.846,26.8309,'Jianning'),(350481,'永安市',350400,'永安市',3,'0598','366000','永安市',117.365,25.9414,'Yong\'an'),(350500,'泉州市',350000,'泉州市',2,'0595','362000','泉州市',118.589,24.9089,'Quanzhou'),(350502,'鲤城区',350500,'鲤城区',3,'0595','362000','鲤城区',118.566,24.8874,'Licheng'),(350503,'丰泽区',350500,'丰泽区',3,'0595','362000','丰泽区',118.613,24.8912,'Fengze'),(350504,'洛江区',350500,'洛江区',3,'0595','362011','洛江区',118.671,24.9398,'Luojiang'),(350505,'泉港区',350500,'泉港区',3,'0595','362114','泉港区',118.916,25.1201,'Quangang'),(350521,'惠安县',350500,'惠安县',3,'0595','362100','惠安县',118.797,25.0306,'Hui\'an'),(350524,'安溪县',350500,'安溪县',3,'0595','362400','安溪县',118.187,25.0563,'Anxi'),(350525,'永春县',350500,'永春县',3,'0595','362600','永春县',118.294,25.3218,'Yongchun'),(350526,'德化县',350500,'德化县',3,'0595','362500','德化县',118.242,25.4922,'Dehua'),(350527,'金门县',350500,'金门县',3,'','','金门县',118.323,24.4292,'Jinmen'),(350581,'石狮市',350500,'石狮市',3,'0595','362700','石狮市',118.648,24.7324,'Shishi'),(350582,'晋江市',350500,'晋江市',3,'0595','362200','晋江市',118.552,24.7814,'Jinjiang'),(350583,'南安市',350500,'南安市',3,'0595','362300','南安市',118.386,24.9606,'Nan\'an'),(350600,'漳州市',350000,'漳州市',2,'0596','363005','漳州市',117.662,24.5109,'Zhangzhou'),(350602,'芗城区',350600,'芗城区',3,'0596','363000','芗城区',117.654,24.5108,'Xiangcheng'),(350603,'龙文区',350600,'龙文区',3,'0596','363005','龙文区',117.71,24.5032,'Longwen'),(350622,'云霄县',350600,'云霄县',3,'0596','363300','云霄县',117.341,23.9553,'Yunxiao'),(350623,'漳浦县',350600,'漳浦县',3,'0596','363200','漳浦县',117.614,24.1171,'Zhangpu'),(350624,'诏安县',350600,'诏安县',3,'0596','363500','诏安县',117.175,23.7115,'Zhao\'an'),(350625,'长泰县',350600,'长泰县',3,'0596','363900','长泰县',117.759,24.6253,'Changtai'),(350626,'东山县',350600,'东山县',3,'0596','363400','东山县',117.428,23.7011,'Dongshan'),(350627,'南靖县',350600,'南靖县',3,'0596','363600','南靖县',117.357,24.5145,'Nanjing'),(350628,'平和县',350600,'平和县',3,'0596','363700','平和县',117.312,24.364,'Pinghe'),(350629,'华安县',350600,'华安县',3,'0596','363800','华安县',117.541,25.0056,'Hua\'an'),(350681,'龙海市',350600,'龙海市',3,'0596','363100','龙海市',117.818,24.4466,'Longhai'),(350700,'南平市',350000,'南平市',2,'0599','353000','南平市',118.178,26.6356,'Nanping'),(350702,'延平区',350700,'延平区',3,'0600','353000','延平区',118.182,26.6374,'Yanping'),(350703,'建阳区',350700,'建阳区',3,'0599','354200','建阳区',118.123,27.3321,'Jianyang'),(350721,'顺昌县',350700,'顺昌县',3,'0605','353200','顺昌县',117.81,26.793,'Shunchang'),(350722,'浦城县',350700,'浦城县',3,'0606','353400','浦城县',118.54,27.9189,'Pucheng'),(350723,'光泽县',350700,'光泽县',3,'0607','354100','光泽县',117.333,27.5423,'Guangze'),(350724,'松溪县',350700,'松溪县',3,'0608','353500','松溪县',118.785,27.5262,'Songxi'),(350725,'政和县',350700,'政和县',3,'0609','353600','政和县',118.856,27.3677,'Zhenghe'),(350781,'邵武市',350700,'邵武市',3,'0601','354000','邵武市',117.492,27.3403,'Shaowu'),(350782,'武夷山市',350700,'武夷山市',3,'0602','354300','武夷山市',118.037,27.7554,'Wuyishan'),(350783,'建瓯市',350700,'建瓯市',3,'0603','353100','建瓯市',118.298,27.023,'Jianou'),(350800,'龙岩市',350000,'龙岩市',2,'0597','364000','龙岩市',117.03,25.0916,'Longyan'),(350802,'新罗区',350800,'新罗区',3,'0597','364000','新罗区',117.037,25.0983,'Xinluo'),(350821,'长汀县',350800,'长汀县',3,'0597','366300','长汀县',116.359,25.8277,'Changting'),(350822,'永定区',350800,'永定区',3,'0597','364100','永定区',116.732,24.723,'Yongding'),(350823,'上杭县',350800,'上杭县',3,'0597','364200','上杭县',116.42,25.0494,'Shanghang'),(350824,'武平县',350800,'武平县',3,'0597','364300','武平县',116.102,25.0924,'Wuping'),(350825,'连城县',350800,'连城县',3,'0597','366200','连城县',116.755,25.7103,'Liancheng'),(350881,'漳平市',350800,'漳平市',3,'0597','364400','漳平市',117.42,25.2911,'Zhangping'),(350900,'宁德市',350000,'宁德市',2,'0593','352100','宁德市',119.527,26.6592,'Ningde'),(350902,'蕉城区',350900,'蕉城区',3,'0593','352100','蕉城区',119.526,26.6605,'Jiaocheng'),(350921,'霞浦县',350900,'霞浦县',3,'0593','355100','霞浦县',119.999,26.8858,'Xiapu'),(350922,'古田县',350900,'古田县',3,'0593','352200','古田县',118.747,26.5768,'Gutian'),(350923,'屏南县',350900,'屏南县',3,'0593','352300','屏南县',118.989,26.911,'Pingnan'),(350924,'寿宁县',350900,'寿宁县',3,'0593','355500','寿宁县',119.504,27.46,'Shouning'),(350925,'周宁县',350900,'周宁县',3,'0593','355400','周宁县',119.338,27.1066,'Zhouning'),(350926,'柘荣县',350900,'柘荣县',3,'0593','355300','柘荣县',119.9,27.2354,'Zherong'),(350981,'福安市',350900,'福安市',3,'0593','355000','福安市',119.649,27.0867,'Fu\'an'),(350982,'福鼎市',350900,'福鼎市',3,'0593','355200','福鼎市',120.217,27.3243,'Fuding'),(360000,'江西省',100000,'江西省',1,'','','江西省',115.892,28.6765,'Jiangxi'),(360100,'南昌市',360000,'南昌市',2,'0791','330008','南昌市',115.892,28.6765,'Nanchang'),(360102,'东湖区',360100,'东湖区',3,'0791','330006','东湖区',115.899,28.685,'Donghu'),(360103,'西湖区',360100,'西湖区',3,'0791','330009','西湖区',115.877,28.6569,'Xihu'),(360104,'青云谱区',360100,'青云谱区',3,'0791','330001','青云谱区',115.915,28.632,'Qingyunpu'),(360105,'湾里区',360100,'湾里区',3,'0791','330004','湾里区',115.731,28.7153,'Wanli'),(360111,'青山湖区',360100,'青山湖区',3,'0791','330029','青山湖区',115.962,28.6821,'Qingshanhu'),(360121,'南昌县',360100,'南昌县',3,'0791','330200','南昌县',115.944,28.5456,'Nanchang'),(360122,'新建县',360100,'新建县',3,'0791','330100','新建县',115.815,28.6925,'Xinjian'),(360123,'安义县',360100,'安义县',3,'0791','330500','安义县',115.549,28.846,'Anyi'),(360124,'进贤县',360100,'进贤县',3,'0791','331700','进贤县',116.241,28.3768,'Jinxian'),(360200,'景德镇市',360000,'景德镇市',2,'0798','333000','景德镇市',117.215,29.2926,'Jingdezhen'),(360202,'昌江区',360200,'昌江区',3,'0799','333000','昌江区',117.184,29.2732,'Changjiang'),(360203,'珠山区',360200,'珠山区',3,'0800','333000','珠山区',117.202,29.3013,'Zhushan'),(360222,'浮梁县',360200,'浮梁县',3,'0802','333400','浮梁县',117.215,29.3516,'Fuliang'),(360281,'乐平市',360200,'乐平市',3,'0801','333300','乐平市',117.129,28.9629,'Leping'),(360300,'萍乡市',360000,'萍乡市',2,'0799','337000','萍乡市',113.852,27.6229,'Pingxiang'),(360302,'安源区',360300,'安源区',3,'0800','337000','安源区',113.891,27.6165,'Anyuan'),(360313,'湘东区',360300,'湘东区',3,'0801','337016','湘东区',113.733,27.6401,'Xiangdong'),(360321,'莲花县',360300,'莲花县',3,'0802','337100','莲花县',113.961,27.1287,'Lianhua'),(360322,'上栗县',360300,'上栗县',3,'0803','337009','上栗县',113.794,27.8747,'Shangli'),(360323,'芦溪县',360300,'芦溪县',3,'0804','337053','芦溪县',114.03,27.6306,'Luxi'),(360400,'九江市',360000,'九江市',2,'0792','332000','九江市',115.993,29.712,'Jiujiang'),(360402,'庐山区',360400,'庐山区',3,'0792','332005','庐山区',115.989,29.6718,'Lushan'),(360403,'浔阳区',360400,'浔阳区',3,'0792','332000','浔阳区',115.99,29.7279,'Xunyang'),(360421,'九江县',360400,'九江县',3,'0792','332100','九江县',115.911,29.6085,'Jiujiang'),(360423,'武宁县',360400,'武宁县',3,'0792','332300','武宁县',115.101,29.2584,'Wuning'),(360424,'修水县',360400,'修水县',3,'0792','332400','修水县',114.547,29.0254,'Xiushui'),(360425,'永修县',360400,'永修县',3,'0792','330300','永修县',115.809,29.0209,'Yongxiu'),(360426,'德安县',360400,'德安县',3,'0792','330400','德安县',115.756,29.3134,'De\'an'),(360427,'星子县',360400,'星子县',3,'0792','332800','星子县',116.045,29.4461,'Xingzi'),(360428,'都昌县',360400,'都昌县',3,'0792','332600','都昌县',116.204,29.2733,'Duchang'),(360429,'湖口县',360400,'湖口县',3,'0792','332500','湖口县',116.219,29.7382,'Hukou'),(360430,'彭泽县',360400,'彭泽县',3,'0792','332700','彭泽县',116.55,29.8959,'Pengze'),(360481,'瑞昌市',360400,'瑞昌市',3,'0792','332200','瑞昌市',115.667,29.6718,'Ruichang'),(360482,'共青城市',360400,'共青城市',3,'0792','332020','共青城市',115.802,29.2388,'Gongqingcheng'),(360500,'新余市',360000,'新余市',2,'0790','338025','新余市',114.931,27.8108,'Xinyu'),(360502,'渝水区',360500,'渝水区',3,'0790','338025','渝水区',114.944,27.801,'Yushui'),(360521,'分宜县',360500,'分宜县',3,'0790','336600','分宜县',114.692,27.8148,'Fenyi'),(360600,'鹰潭市',360000,'鹰潭市',2,'0701','335000','鹰潭市',117.034,28.2386,'Yingtan'),(360602,'月湖区',360600,'月湖区',3,'0701','335000','月湖区',117.037,28.2391,'Yuehu'),(360622,'余江县',360600,'余江县',3,'0701','335200','余江县',116.819,28.2103,'Yujiang'),(360681,'贵溪市',360600,'贵溪市',3,'0701','335400','贵溪市',117.242,28.2926,'Guixi'),(360700,'赣州市',360000,'赣州市',2,'0797','341000','赣州市',114.94,25.851,'Ganzhou'),(360702,'章贡区',360700,'章贡区',3,'0797','341000','章贡区',114.943,25.8624,'Zhanggong'),(360703,'南康区',360700,'南康区',3,'0797','341400','南康区',114.757,25.6617,'Nankang'),(360721,'赣县',360700,'赣县',3,'0797','341100','赣县',115.012,25.8615,'Ganxian'),(360722,'信丰县',360700,'信丰县',3,'0797','341600','信丰县',114.923,25.3861,'Xinfeng'),(360723,'大余县',360700,'大余县',3,'0797','341500','大余县',114.358,25.3956,'Dayu'),(360724,'上犹县',360700,'上犹县',3,'0797','341200','上犹县',114.541,25.7957,'Shangyou'),(360725,'崇义县',360700,'崇义县',3,'0797','341300','崇义县',114.308,25.6819,'Chongyi'),(360726,'安远县',360700,'安远县',3,'0797','342100','安远县',115.395,25.1371,'Anyuan'),(360727,'龙南县',360700,'龙南县',3,'0797','341700','龙南县',114.79,24.9109,'Longnan'),(360728,'定南县',360700,'定南县',3,'0797','341900','定南县',115.027,24.784,'Dingnan'),(360729,'全南县',360700,'全南县',3,'0797','341800','全南县',114.529,24.7432,'Quannan'),(360730,'宁都县',360700,'宁都县',3,'0797','342800','宁都县',116.016,26.4723,'Ningdu'),(360731,'于都县',360700,'于都县',3,'0797','342300','于都县',115.414,25.9526,'Yudu'),(360732,'兴国县',360700,'兴国县',3,'0797','342400','兴国县',115.363,26.3378,'Xingguo'),(360733,'会昌县',360700,'会昌县',3,'0797','342600','会昌县',115.786,25.6007,'Huichang'),(360734,'寻乌县',360700,'寻乌县',3,'0797','342200','寻乌县',115.649,24.9551,'Xunwu'),(360735,'石城县',360700,'石城县',3,'0797','342700','石城县',116.344,26.3262,'Shicheng'),(360781,'瑞金市',360700,'瑞金市',3,'0797','342500','瑞金市',116.027,25.8856,'Ruijin'),(360800,'吉安市',360000,'吉安市',2,'0796','343000','吉安市',114.986,27.1117,'Ji\'an'),(360802,'吉州区',360800,'吉州区',3,'0796','343000','吉州区',114.976,27.1067,'Jizhou'),(360803,'青原区',360800,'青原区',3,'0796','343009','青原区',115.017,27.1058,'Qingyuan'),(360821,'吉安县',360800,'吉安县',3,'0796','343100','吉安县',114.907,27.0405,'Ji\'an'),(360822,'吉水县',360800,'吉水县',3,'0796','331600','吉水县',115.134,27.2107,'Jishui'),(360823,'峡江县',360800,'峡江县',3,'0796','331409','峡江县',115.317,27.576,'Xiajiang'),(360824,'新干县',360800,'新干县',3,'0796','331300','新干县',115.393,27.7409,'Xingan'),(360825,'永丰县',360800,'永丰县',3,'0796','331500','永丰县',115.442,27.3179,'Yongfeng'),(360826,'泰和县',360800,'泰和县',3,'0796','343700','泰和县',114.908,26.7911,'Taihe'),(360827,'遂川县',360800,'遂川县',3,'0796','343900','遂川县',114.516,26.326,'Suichuan'),(360828,'万安县',360800,'万安县',3,'0796','343800','万安县',114.787,26.4593,'Wan\'an'),(360829,'安福县',360800,'安福县',3,'0796','343200','安福县',114.62,27.3928,'Anfu'),(360830,'永新县',360800,'永新县',3,'0796','343400','永新县',114.242,26.9449,'Yongxin'),(360881,'井冈山市',360800,'井冈山市',3,'0796','343600','井冈山市',114.289,26.748,'Jinggangshan'),(360900,'宜春市',360000,'宜春市',2,'0795','336000','宜春市',114.391,27.8043,'Yichun'),(360902,'袁州区',360900,'袁州区',3,'0795','336000','袁州区',114.382,27.7965,'Yuanzhou'),(360921,'奉新县',360900,'奉新县',3,'0795','330700','奉新县',115.4,28.6879,'Fengxin'),(360922,'万载县',360900,'万载县',3,'0795','336100','万载县',114.446,28.1066,'Wanzai'),(360923,'上高县',360900,'上高县',3,'0795','336400','上高县',114.925,28.2342,'Shanggao'),(360924,'宜丰县',360900,'宜丰县',3,'0795','336300','宜丰县',114.78,28.3855,'Yifeng'),(360925,'靖安县',360900,'靖安县',3,'0795','330600','靖安县',115.363,28.8617,'Jing\'an'),(360926,'铜鼓县',360900,'铜鼓县',3,'0795','336200','铜鼓县',114.37,28.5231,'Tonggu'),(360981,'丰城市',360900,'丰城市',3,'0795','331100','丰城市',115.771,28.1592,'Fengcheng'),(360982,'樟树市',360900,'樟树市',3,'0795','331200','樟树市',115.547,28.0533,'Zhangshu'),(360983,'高安市',360900,'高安市',3,'0795','330800','高安市',115.375,28.4178,'Gao\'an'),(361000,'抚州市',360000,'抚州市',2,'0794','344000','抚州市',116.358,27.9839,'Fuzhou'),(361002,'临川区',361000,'临川区',3,'0794','344000','临川区',116.359,27.9772,'Linchuan'),(361021,'南城县',361000,'南城县',3,'0794','344700','南城县',116.644,27.5538,'Nancheng'),(361022,'黎川县',361000,'黎川县',3,'0794','344600','黎川县',116.908,27.2823,'Lichuan'),(361023,'南丰县',361000,'南丰县',3,'0794','344500','南丰县',116.526,27.2184,'Nanfeng'),(361024,'崇仁县',361000,'崇仁县',3,'0794','344200','崇仁县',116.06,27.7596,'Chongren'),(361025,'乐安县',361000,'乐安县',3,'0794','344300','乐安县',115.831,27.4281,'Le\'an'),(361026,'宜黄县',361000,'宜黄县',3,'0794','344400','宜黄县',116.236,27.5549,'Yihuang'),(361027,'金溪县',361000,'金溪县',3,'0794','344800','金溪县',116.774,27.9075,'Jinxi'),(361028,'资溪县',361000,'资溪县',3,'0794','335300','资溪县',117.069,27.7049,'Zixi'),(361029,'东乡县',361000,'东乡县',3,'0794','331800','东乡县',116.59,28.2361,'Dongxiang'),(361030,'广昌县',361000,'广昌县',3,'0794','344900','广昌县',116.325,26.8341,'Guangchang'),(361100,'上饶市',360000,'上饶市',2,'0793','334000','上饶市',117.971,28.4444,'Shangrao'),(361102,'信州区',361100,'信州区',3,'0793','334000','信州区',117.967,28.4312,'Xinzhou'),(361121,'上饶县',361100,'上饶县',3,'0793','334100','上饶县',117.909,28.4486,'Shangrao'),(361122,'广丰县',361100,'广丰县',3,'0793','334600','广丰县',118.192,28.4377,'Guangfeng'),(361123,'玉山县',361100,'玉山县',3,'0793','334700','玉山县',118.245,28.6818,'Yushan'),(361124,'铅山县',361100,'铅山县',3,'0793','334500','铅山县',117.71,28.3155,'Yanshan'),(361125,'横峰县',361100,'横峰县',3,'0793','334300','横峰县',117.596,28.4072,'Hengfeng'),(361126,'弋阳县',361100,'弋阳县',3,'0793','334400','弋阳县',117.459,28.3745,'Yiyang'),(361127,'余干县',361100,'余干县',3,'0793','335100','余干县',116.696,28.7021,'Yugan'),(361128,'鄱阳县',361100,'鄱阳县',3,'0793','333100','鄱阳县',116.7,29.0118,'Poyang'),(361129,'万年县',361100,'万年县',3,'0793','335500','万年县',117.069,28.6954,'Wannian'),(361130,'婺源县',361100,'婺源县',3,'0793','333200','婺源县',117.861,29.2484,'Wuyuan'),(361181,'德兴市',361100,'德兴市',3,'0793','334200','德兴市',117.579,28.9474,'Dexing'),(370000,'山东省',100000,'山东省',1,'','','山东省',117.001,36.6758,'Shandong'),(370100,'济南市',370000,'济南市',2,'0531','250001','济南市',117.001,36.6758,'Jinan'),(370102,'历下区',370100,'历下区',3,'0531','250014','历下区',117.077,36.6666,'Lixia'),(370103,'市中区',370100,'市中区',3,'0531','250001','市中区',116.997,36.651,'Shizhongqu'),(370104,'槐荫区',370100,'槐荫区',3,'0531','250117','槐荫区',116.901,36.6514,'Huaiyin'),(370105,'天桥区',370100,'天桥区',3,'0531','250031','天桥区',116.987,36.678,'Tianqiao'),(370112,'历城区',370100,'历城区',3,'0531','250100','历城区',117.065,36.68,'Licheng'),(370113,'长清区',370100,'长清区',3,'0531','250300','长清区',116.752,36.5535,'Changqing'),(370124,'平阴县',370100,'平阴县',3,'0531','250400','平阴县',116.456,36.2896,'Pingyin'),(370125,'济阳县',370100,'济阳县',3,'0531','251400','济阳县',117.173,36.9785,'Jiyang'),(370126,'商河县',370100,'商河县',3,'0531','251600','商河县',117.157,37.3112,'Shanghe'),(370181,'章丘市',370100,'章丘市',3,'0531','250200','章丘市',117.537,36.7139,'Zhangqiu'),(370200,'青岛市',370000,'青岛市',2,'0532','266001','青岛市',120.37,36.0944,'Qingdao'),(370202,'市南区',370200,'市南区',3,'0532','266001','市南区',120.388,36.0667,'Shinan'),(370203,'市北区',370200,'市北区',3,'0532','266011','市北区',120.375,36.0873,'Shibei'),(370211,'黄岛区',370200,'黄岛区',3,'0532','266500','黄岛区',120.198,35.9607,'Huangdao'),(370212,'崂山区',370200,'崂山区',3,'0532','266100','崂山区',120.469,36.1072,'Laoshan'),(370213,'李沧区',370200,'李沧区',3,'0532','266021','李沧区',120.433,36.145,'Licang'),(370214,'城阳区',370200,'城阳区',3,'0532','266041','城阳区',120.396,36.3074,'Chengyang'),(370281,'胶州市',370200,'胶州市',3,'0532','266300','胶州市',120.034,36.2644,'Jiaozhou'),(370282,'即墨市',370200,'即墨市',3,'0532','266200','即墨市',120.447,36.3891,'Jimo'),(370283,'平度市',370200,'平度市',3,'0532','266700','平度市',119.96,36.7869,'Pingdu'),(370285,'莱西市',370200,'莱西市',3,'0532','266600','莱西市',120.518,36.888,'Laixi'),(370286,'西海岸新区',370200,'西海岸新区',3,'0532','266500','西海岸新区',120.198,35.9607,'Xihai\'an'),(370300,'淄博市',370000,'淄博市',2,'0533','255039','淄博市',118.048,36.8149,'Zibo'),(370302,'淄川区',370300,'淄川区',3,'0533','255100','淄川区',117.967,36.6434,'Zichuan'),(370303,'张店区',370300,'张店区',3,'0533','255022','张店区',118.018,36.8068,'Zhangdian'),(370304,'博山区',370300,'博山区',3,'0533','255200','博山区',117.862,36.4947,'Boshan'),(370305,'临淄区',370300,'临淄区',3,'0533','255400','临淄区',118.31,36.8259,'Linzi'),(370306,'周村区',370300,'周村区',3,'0533','255300','周村区',117.87,36.8032,'Zhoucun'),(370321,'桓台县',370300,'桓台县',3,'0533','256400','桓台县',118.097,36.9604,'Huantai'),(370322,'高青县',370300,'高青县',3,'0533','256300','高青县',117.827,37.172,'Gaoqing'),(370323,'沂源县',370300,'沂源县',3,'0533','256100','沂源县',118.171,36.1854,'Yiyuan'),(370400,'枣庄市',370000,'枣庄市',2,'0632','277101','枣庄市',117.558,34.8564,'Zaozhuang'),(370402,'市中区',370400,'市中区',3,'0632','277101','市中区',117.556,34.8639,'Shizhongqu'),(370403,'薛城区',370400,'薛城区',3,'0632','277000','薛城区',117.263,34.795,'Xuecheng'),(370404,'峄城区',370400,'峄城区',3,'0632','277300','峄城区',117.591,34.7723,'Yicheng'),(370405,'台儿庄区',370400,'台儿庄区',3,'0632','277400','台儿庄区',117.735,34.5636,'Taierzhuang'),(370406,'山亭区',370400,'山亭区',3,'0632','277200','山亭区',117.466,35.0954,'Shanting'),(370481,'滕州市',370400,'滕州市',3,'0632','277500','滕州市',117.165,35.1053,'Tengzhou'),(370500,'东营市',370000,'东营市',2,'0546','257093','东营市',118.496,37.4613,'Dongying'),(370502,'东营区',370500,'东营区',3,'0546','257029','东营区',118.582,37.4487,'Dongying'),(370503,'河口区',370500,'河口区',3,'0546','257200','河口区',118.525,37.8854,'Hekou'),(370521,'垦利县',370500,'垦利县',3,'0546','257500','垦利县',118.548,37.5882,'Kenli'),(370522,'利津县',370500,'利津县',3,'0546','257400','利津县',118.256,37.4916,'Lijin'),(370523,'广饶县',370500,'广饶县',3,'0546','257300','广饶县',118.407,37.0538,'Guangrao'),(370600,'烟台市',370000,'烟台市',2,'0635','264010','烟台市',121.391,37.5393,'Yantai'),(370602,'芝罘区',370600,'芝罘区',3,'0635','264001','芝罘区',121.4,37.5406,'Zhifu'),(370611,'福山区',370600,'福山区',3,'0635','265500','福山区',121.268,37.4984,'Fushan'),(370612,'牟平区',370600,'牟平区',3,'0635','264100','牟平区',121.601,37.3885,'Muping'),(370613,'莱山区',370600,'莱山区',3,'0635','264600','莱山区',121.445,37.5117,'Laishan'),(370634,'长岛县',370600,'长岛县',3,'0635','265800','长岛县',120.738,37.9175,'Changdao'),(370681,'龙口市',370600,'龙口市',3,'0635','265700','龙口市',120.506,37.6406,'Longkou'),(370682,'莱阳市',370600,'莱阳市',3,'0635','265200','莱阳市',120.711,36.9801,'Laiyang'),(370683,'莱州市',370600,'莱州市',3,'0635','261400','莱州市',119.941,37.1781,'Laizhou'),(370684,'蓬莱市',370600,'蓬莱市',3,'0635','265600','蓬莱市',120.76,37.8112,'Penglai'),(370685,'招远市',370600,'招远市',3,'0635','265400','招远市',120.405,37.3627,'Zhaoyuan'),(370686,'栖霞市',370600,'栖霞市',3,'0635','265300','栖霞市',120.85,37.3357,'Qixia'),(370687,'海阳市',370600,'海阳市',3,'0635','265100','海阳市',121.16,36.7762,'Haiyang'),(370700,'潍坊市',370000,'潍坊市',2,'0536','261041','潍坊市',119.107,36.7093,'Weifang'),(370702,'潍城区',370700,'潍城区',3,'0536','261021','潍城区',119.106,36.7139,'Weicheng'),(370703,'寒亭区',370700,'寒亭区',3,'0536','261100','寒亭区',119.218,36.775,'Hanting'),(370704,'坊子区',370700,'坊子区',3,'0536','261200','坊子区',119.165,36.6522,'Fangzi'),(370705,'奎文区',370700,'奎文区',3,'0536','261031','奎文区',119.125,36.7072,'Kuiwen'),(370724,'临朐县',370700,'临朐县',3,'0536','262600','临朐县',118.544,36.5122,'Linqu'),(370725,'昌乐县',370700,'昌乐县',3,'0536','262400','昌乐县',118.83,36.7078,'Changle'),(370781,'青州市',370700,'青州市',3,'0536','262500','青州市',118.479,36.6851,'Qingzhou'),(370782,'诸城市',370700,'诸城市',3,'0536','262200','诸城市',119.41,35.9966,'Zhucheng'),(370783,'寿光市',370700,'寿光市',3,'0536','262700','寿光市',118.74,36.8813,'Shouguang'),(370784,'安丘市',370700,'安丘市',3,'0536','262100','安丘市',119.219,36.4785,'Anqiu'),(370785,'高密市',370700,'高密市',3,'0536','261500','高密市',119.757,36.384,'Gaomi'),(370786,'昌邑市',370700,'昌邑市',3,'0536','261300','昌邑市',119.398,36.8601,'Changyi'),(370800,'济宁市',370000,'济宁市',2,'0537','272119','济宁市',116.587,35.4154,'Jining'),(370811,'任城区',370800,'任城区',3,'0537','272113','任城区',116.595,35.4066,'Rencheng'),(370812,'兖州区',370800,'兖州区',3,'0537','272000','兖州区',116.827,35.5523,'Yanzhou '),(370826,'微山县',370800,'微山县',3,'0537','277600','微山县',117.129,34.8071,'Weishan'),(370827,'鱼台县',370800,'鱼台县',3,'0537','272300','鱼台县',116.648,34.9967,'Yutai'),(370828,'金乡县',370800,'金乡县',3,'0537','272200','金乡县',116.311,35.065,'Jinxiang'),(370829,'嘉祥县',370800,'嘉祥县',3,'0537','272400','嘉祥县',116.342,35.4084,'Jiaxiang'),(370830,'汶上县',370800,'汶上县',3,'0537','272501','汶上县',116.487,35.7329,'Wenshang'),(370831,'泗水县',370800,'泗水县',3,'0537','273200','泗水县',117.279,35.6611,'Sishui'),(370832,'梁山县',370800,'梁山县',3,'0537','272600','梁山县',116.097,35.8032,'Liangshan'),(370881,'曲阜市',370800,'曲阜市',3,'0537','273100','曲阜市',116.986,35.5809,'Qufu'),(370883,'邹城市',370800,'邹城市',3,'0537','273500','邹城市',116.973,35.4053,'Zoucheng'),(370900,'泰安市',370000,'泰安市',2,'0538','271000','泰安市',117.129,36.195,'Tai\'an'),(370902,'泰山区',370900,'泰山区',3,'0538','271000','泰山区',117.134,36.1941,'Taishan'),(370911,'岱岳区',370900,'岱岳区',3,'0538','271000','岱岳区',117.042,36.1875,'Daiyue'),(370921,'宁阳县',370900,'宁阳县',3,'0538','271400','宁阳县',116.805,35.7599,'Ningyang'),(370923,'东平县',370900,'东平县',3,'0538','271500','东平县',116.471,35.9379,'Dongping'),(370982,'新泰市',370900,'新泰市',3,'0538','271200','新泰市',117.77,35.9089,'Xintai'),(370983,'肥城市',370900,'肥城市',3,'0538','271600','肥城市',116.768,36.1825,'Feicheng'),(371000,'威海市',370000,'威海市',2,'0631','264200','威海市',122.116,37.5097,'Weihai'),(371002,'环翠区',371000,'环翠区',3,'0631','264200','环翠区',122.123,37.502,'Huancui'),(371003,'文登区',371000,'文登区',3,'0631','266440','文登区',122.057,37.1962,'Wendeng'),(371082,'荣成市',371000,'荣成市',3,'0631','264300','荣成市',122.488,37.1652,'Rongcheng'),(371083,'乳山市',371000,'乳山市',3,'0631','264500','乳山市',121.538,36.9192,'Rushan'),(371100,'日照市',370000,'日照市',2,'0633','276800','日照市',119.461,35.4286,'Rizhao'),(371102,'东港区',371100,'东港区',3,'0633','276800','东港区',119.462,35.4254,'Donggang'),(371103,'岚山区',371100,'岚山区',3,'0633','276808','岚山区',119.319,35.122,'Lanshan'),(371121,'五莲县',371100,'五莲县',3,'0633','262300','五莲县',119.207,35.75,'Wulian'),(371122,'莒县',371100,'莒县',3,'0633','276500','莒县',118.838,35.5805,'Juxian'),(371200,'莱芜市',370000,'莱芜市',2,'0634','271100','莱芜市',117.678,36.2144,'Laiwu'),(371202,'莱城区',371200,'莱城区',3,'0634','271199','莱城区',117.66,36.2032,'Laicheng'),(371203,'钢城区',371200,'钢城区',3,'0634','271100','钢城区',117.805,36.0632,'Gangcheng'),(371300,'临沂市',370000,'临沂市',2,'0539','253000','临沂市',118.326,35.0653,'Linyi'),(371302,'兰山区',371300,'兰山区',3,'0539','276002','兰山区',118.348,35.0687,'Lanshan'),(371311,'罗庄区',371300,'罗庄区',3,'0539','276022','罗庄区',118.285,34.9963,'Luozhuang'),(371312,'河东区',371300,'河东区',3,'0539','276034','河东区',118.411,35.088,'Hedong'),(371321,'沂南县',371300,'沂南县',3,'0539','276300','沂南县',118.471,35.5513,'Yinan'),(371322,'郯城县',371300,'郯城县',3,'0539','276100','郯城县',118.367,34.6135,'Tancheng'),(371323,'沂水县',371300,'沂水县',3,'0539','276400','沂水县',118.63,35.7873,'Yishui'),(371324,'兰陵县',371300,'兰陵县',3,'0539','277700','兰陵县',117.857,34.7383,'Lanling'),(371325,'费县',371300,'费县',3,'0539','273400','费县',117.978,35.2656,'Feixian'),(371326,'平邑县',371300,'平邑县',3,'0539','273300','平邑县',117.639,35.5057,'Pingyi'),(371327,'莒南县',371300,'莒南县',3,'0539','276600','莒南县',118.832,35.1754,'Junan'),(371328,'蒙阴县',371300,'蒙阴县',3,'0539','276200','蒙阴县',117.946,35.71,'Mengyin'),(371329,'临沭县',371300,'临沭县',3,'0539','276700','临沭县',118.653,34.9209,'Linshu'),(371400,'德州市',370000,'德州市',2,'0534','253000','德州市',116.307,37.454,'Dezhou'),(371402,'德城区',371400,'德城区',3,'0534','253012','德城区',116.299,37.4513,'Decheng'),(371403,'陵城区',371400,'陵城区',3,'0534','253500','陵城区',116.576,37.3357,'Lingcheng'),(371422,'宁津县',371400,'宁津县',3,'0534','253400','宁津县',116.797,37.653,'Ningjin'),(371423,'庆云县',371400,'庆云县',3,'0534','253700','庆云县',117.386,37.7762,'Qingyun'),(371424,'临邑县',371400,'临邑县',3,'0534','251500','临邑县',116.865,37.1905,'Linyi'),(371425,'齐河县',371400,'齐河县',3,'0534','251100','齐河县',116.755,36.7953,'Qihe'),(371426,'平原县',371400,'平原县',3,'0534','253100','平原县',116.434,37.1663,'Pingyuan'),(371427,'夏津县',371400,'夏津县',3,'0534','253200','夏津县',116.002,36.9485,'Xiajin'),(371428,'武城县',371400,'武城县',3,'0534','253300','武城县',116.07,37.214,'Wucheng'),(371481,'乐陵市',371400,'乐陵市',3,'0534','253600','乐陵市',117.231,37.7316,'Leling'),(371482,'禹城市',371400,'禹城市',3,'0534','251200','禹城市',116.643,36.9344,'Yucheng'),(371500,'聊城市',370000,'聊城市',2,'0635','252052','聊城市',115.98,36.456,'Liaocheng'),(371502,'东昌府区',371500,'东昌府区',3,'0635','252000','东昌府区',115.974,36.4446,'Dongchangfu'),(371521,'阳谷县',371500,'阳谷县',3,'0635','252300','阳谷县',115.791,36.1144,'Yanggu'),(371522,'莘县',371500,'莘县',3,'0635','252400','莘县',115.67,36.2342,'Shenxian'),(371523,'茌平县',371500,'茌平县',3,'0635','252100','茌平县',116.255,36.5797,'Chiping'),(371524,'东阿县',371500,'东阿县',3,'0635','252200','东阿县',116.25,36.3321,'Dong\'e'),(371525,'冠县',371500,'冠县',3,'0635','252500','冠县',115.442,36.4843,'Guanxian'),(371526,'高唐县',371500,'高唐县',3,'0635','252800','高唐县',116.232,36.8653,'Gaotang'),(371581,'临清市',371500,'临清市',3,'0635','252600','临清市',115.706,36.8395,'Linqing'),(371600,'滨州市',370000,'滨州市',2,'0543','256619','滨州市',118.017,37.3835,'Binzhou'),(371602,'滨城区',371600,'滨城区',3,'0543','256613','滨城区',118.02,37.3852,'Bincheng'),(371603,'沾化区',371600,'沾化区',3,'0543','256800','沾化区',118.132,37.6983,'Zhanhua'),(371621,'惠民县',371600,'惠民县',3,'0543','251700','惠民县',117.511,37.4901,'Huimin'),(371622,'阳信县',371600,'阳信县',3,'0543','251800','阳信县',117.581,37.642,'Yangxin'),(371623,'无棣县',371600,'无棣县',3,'0543','251900','无棣县',117.614,37.7401,'Wudi'),(371625,'博兴县',371600,'博兴县',3,'0543','256500','博兴县',118.134,37.1432,'Boxing'),(371626,'邹平县',371600,'邹平县',3,'0543','256200','邹平县',117.743,36.8629,'Zouping'),(371627,'北海新区',371600,'北海新区',3,'0543','256200','北海新区',118.017,37.3835,'Beihaixinqu'),(371700,'菏泽市',370000,'菏泽市',2,'0530','274020','菏泽市',115.469,35.2465,'Heze'),(371702,'牡丹区',371700,'牡丹区',3,'0530','274009','牡丹区',115.417,35.2509,'Mudan'),(371721,'曹县',371700,'曹县',3,'0530','274400','曹县',115.542,34.8266,'Caoxian'),(371722,'单县',371700,'单县',3,'0530','273700','单县',116.087,34.7951,'Shanxian'),(371723,'成武县',371700,'成武县',3,'0530','274200','成武县',115.89,34.9533,'Chengwu'),(371724,'巨野县',371700,'巨野县',3,'0530','274900','巨野县',116.095,35.3979,'Juye'),(371725,'郓城县',371700,'郓城县',3,'0530','274700','郓城县',115.944,35.6004,'Yuncheng'),(371726,'鄄城县',371700,'鄄城县',3,'0530','274600','鄄城县',115.51,35.5641,'Juancheng'),(371727,'定陶县',371700,'定陶县',3,'0530','274100','定陶县',115.573,35.0712,'Dingtao'),(371728,'东明县',371700,'东明县',3,'0530','274500','东明县',115.091,35.2891,'Dongming'),(410000,'河南省',100000,'河南省',1,'','','河南省',113.665,34.758,'Henan'),(410100,'郑州市',410000,'郑州市',2,'0371','450000','郑州市',113.665,34.758,'Zhengzhou'),(410102,'中原区',410100,'中原区',3,'0371','450007','中原区',113.613,34.7483,'Zhongyuan'),(410103,'二七区',410100,'二七区',3,'0371','450052','二七区',113.639,34.7234,'Erqi'),(410104,'管城回族区',410100,'管城回族区',3,'0371','450000','管城回族区',113.677,34.7538,'Guancheng'),(410105,'金水区',410100,'金水区',3,'0371','450003','金水区',113.661,34.8003,'Jinshui'),(410106,'上街区',410100,'上街区',3,'0371','450041','上街区',113.309,34.8028,'Shangjie'),(410108,'惠济区',410100,'惠济区',3,'0371','450053','惠济区',113.617,34.8674,'Huiji'),(410122,'中牟县',410100,'中牟县',3,'0371','451450','中牟县',113.976,34.719,'Zhongmu'),(410181,'巩义市',410100,'巩义市',3,'0371','451200','巩义市',113.022,34.7479,'Gongyi'),(410182,'荥阳市',410100,'荥阳市',3,'0371','450100','荥阳市',113.383,34.7876,'Xingyang'),(410183,'新密市',410100,'新密市',3,'0371','452300','新密市',113.387,34.537,'Xinmi'),(410184,'新郑市',410100,'新郑市',3,'0371','451100','新郑市',113.736,34.3955,'Xinzheng'),(410185,'登封市',410100,'登封市',3,'0371','452470','登封市',113.05,34.4534,'Dengfeng'),(410200,'开封市',410000,'开封市',2,'0378','475001','开封市',114.341,34.7971,'Kaifeng'),(410202,'龙亭区',410200,'龙亭区',3,'0378','475100','龙亭区',114.355,34.7999,'Longting'),(410203,'顺河回族区',410200,'顺河回族区',3,'0378','475000','顺河回族区',114.361,34.7959,'Shunhe'),(410204,'鼓楼区',410200,'鼓楼区',3,'0378','475000','鼓楼区',114.356,34.7952,'Gulou'),(410205,'禹王台区',410200,'禹王台区',3,'0378','475003','禹王台区',114.348,34.7769,'Yuwangtai'),(410212,'祥符区',410200,'祥符区',3,'0378','475100','祥符区',114.439,34.7587,'Xiangfu'),(410221,'杞县',410200,'杞县',3,'0378','475200','杞县',114.783,34.5503,'Qixian'),(410222,'通许县',410200,'通许县',3,'0378','475400','通许县',114.467,34.4752,'Tongxu'),(410223,'尉氏县',410200,'尉氏县',3,'0378','475500','尉氏县',114.193,34.4122,'Weishi'),(410225,'兰考县',410200,'兰考县',3,'0378','475300','兰考县',114.82,34.8235,'Lankao'),(410300,'洛阳市',410000,'洛阳市',2,'0379','471000','洛阳市',112.434,34.663,'Luoyang'),(410302,'老城区',410300,'老城区',3,'0379','471002','老城区',112.469,34.6836,'Laocheng'),(410303,'西工区',410300,'西工区',3,'0379','471000','西工区',112.437,34.67,'Xigong'),(410304,'瀍河回族区',410300,'瀍河回族区',3,'0379','471002','瀍河回族区',112.5,34.6799,'Chanhe'),(410305,'涧西区',410300,'涧西区',3,'0379','471003','涧西区',112.396,34.6582,'Jianxi'),(410306,'吉利区',410300,'吉利区',3,'0379','471012','吉利区',112.589,34.9009,'Jili'),(410311,'洛龙区',410300,'洛龙区',3,'0379','471000','洛龙区',112.464,34.6187,'Luolong'),(410322,'孟津县',410300,'孟津县',3,'0379','471100','孟津县',112.444,34.826,'Mengjin'),(410323,'新安县',410300,'新安县',3,'0379','471800','新安县',112.132,34.7281,'Xin\'an'),(410324,'栾川县',410300,'栾川县',3,'0379','471500','栾川县',111.618,33.7858,'Luanchuan'),(410325,'嵩县',410300,'嵩县',3,'0379','471400','嵩县',112.085,34.1347,'Songxian'),(410326,'汝阳县',410300,'汝阳县',3,'0379','471200','汝阳县',112.473,34.1539,'Ruyang'),(410327,'宜阳县',410300,'宜阳县',3,'0379','471600','宜阳县',112.179,34.5152,'Yiyang'),(410328,'洛宁县',410300,'洛宁县',3,'0379','471700','洛宁县',111.651,34.3891,'Luoning'),(410329,'伊川县',410300,'伊川县',3,'0379','471300','伊川县',112.429,34.4221,'Yichuan'),(410381,'偃师市',410300,'偃师市',3,'0379','471900','偃师市',112.792,34.7281,'Yanshi'),(410400,'平顶山市',410000,'平顶山市',2,'0375','467000','平顶山市',113.308,33.7352,'Pingdingshan'),(410402,'新华区',410400,'新华区',3,'0375','467002','新华区',113.294,33.7373,'Xinhua'),(410403,'卫东区',410400,'卫东区',3,'0375','467021','卫东区',113.335,33.7347,'Weidong'),(410404,'石龙区',410400,'石龙区',3,'0375','467045','石龙区',112.899,33.8988,'Shilong'),(410411,'湛河区',410400,'湛河区',3,'0375','467000','湛河区',113.293,33.7362,'Zhanhe'),(410421,'宝丰县',410400,'宝丰县',3,'0375','467400','宝丰县',113.055,33.8692,'Baofeng'),(410422,'叶县',410400,'叶县',3,'0375','467200','叶县',113.351,33.6222,'Yexian'),(410423,'鲁山县',410400,'鲁山县',3,'0375','467300','鲁山县',112.906,33.7388,'Lushan'),(410425,'郏县',410400,'郏县',3,'0375','467100','郏县',113.216,33.9707,'Jiaxian'),(410481,'舞钢市',410400,'舞钢市',3,'0375','462500','舞钢市',113.524,33.2938,'Wugang'),(410482,'汝州市',410400,'汝州市',3,'0375','467500','汝州市',112.843,34.1614,'Ruzhou'),(410500,'安阳市',410000,'安阳市',2,'0372','455000','安阳市',114.352,36.1034,'Anyang'),(410502,'文峰区',410500,'文峰区',3,'0372','455000','文峰区',114.357,36.0905,'Wenfeng'),(410503,'北关区',410500,'北关区',3,'0372','455001','北关区',114.357,36.1187,'Beiguan'),(410505,'殷都区',410500,'殷都区',3,'0372','455004','殷都区',114.303,36.1099,'Yindu'),(410506,'龙安区',410500,'龙安区',3,'0372','455001','龙安区',114.348,36.119,'Long\'an'),(410522,'安阳县',410500,'安阳县',3,'0372','455000','安阳县',114.366,36.067,'Anyang'),(410523,'汤阴县',410500,'汤阴县',3,'0372','456150','汤阴县',114.358,35.9215,'Tangyin'),(410526,'滑县',410500,'滑县',3,'0372','456400','滑县',114.521,35.5807,'Huaxian'),(410527,'内黄县',410500,'内黄县',3,'0372','456350','内黄县',114.907,35.9527,'Neihuang'),(410581,'林州市',410500,'林州市',3,'0372','456550','林州市',113.816,36.078,'Linzhou'),(410600,'鹤壁市',410000,'鹤壁市',2,'0392','458030','鹤壁市',114.295,35.7482,'Hebi'),(410602,'鹤山区',410600,'鹤山区',3,'0392','458010','鹤山区',114.163,35.9546,'Heshan'),(410603,'山城区',410600,'山城区',3,'0392','458000','山城区',114.184,35.8977,'Shancheng'),(410611,'淇滨区',410600,'淇滨区',3,'0392','458000','淇滨区',114.299,35.7413,'Qibin'),(410621,'浚县',410600,'浚县',3,'0392','456250','浚县',114.549,35.6708,'Xunxian'),(410622,'淇县',410600,'淇县',3,'0392','456750','淇县',114.198,35.6078,'Qixian'),(410700,'新乡市',410000,'新乡市',2,'0373','453000','新乡市',113.884,35.3026,'Xinxiang'),(410702,'红旗区',410700,'红旗区',3,'0373','453000','红旗区',113.875,35.3037,'Hongqi'),(410703,'卫滨区',410700,'卫滨区',3,'0373','453000','卫滨区',113.866,35.3021,'Weibin'),(410704,'凤泉区',410700,'凤泉区',3,'0373','453011','凤泉区',113.915,35.384,'Fengquan'),(410711,'牧野区',410700,'牧野区',3,'0373','453002','牧野区',113.909,35.3149,'Muye'),(410721,'新乡县',410700,'新乡县',3,'0373','453700','新乡县',113.805,35.1908,'Xinxiang'),(410724,'获嘉县',410700,'获嘉县',3,'0373','453800','获嘉县',113.662,35.2652,'Huojia'),(410725,'原阳县',410700,'原阳县',3,'0373','453500','原阳县',113.94,35.0657,'Yuanyang'),(410726,'延津县',410700,'延津县',3,'0373','453200','延津县',114.203,35.1433,'Yanjin'),(410727,'封丘县',410700,'封丘县',3,'0373','453300','封丘县',114.419,35.0417,'Fengqiu'),(410728,'长垣县',410700,'长垣县',3,'0373','453400','长垣县',114.669,35.2005,'Changyuan'),(410781,'卫辉市',410700,'卫辉市',3,'0373','453100','卫辉市',114.065,35.3984,'Weihui'),(410782,'辉县市',410700,'辉县市',3,'0373','453600','辉县市',113.807,35.4631,'Huixian'),(410800,'焦作市',410000,'焦作市',2,'0391','454002','焦作市',113.238,35.239,'Jiaozuo'),(410802,'解放区',410800,'解放区',3,'0391','454000','解放区',113.229,35.2402,'Jiefang'),(410803,'中站区',410800,'中站区',3,'0391','454191','中站区',113.183,35.2366,'Zhongzhan'),(410804,'马村区',410800,'马村区',3,'0391','454171','马村区',113.319,35.2691,'Macun'),(410811,'山阳区',410800,'山阳区',3,'0391','454002','山阳区',113.255,35.2144,'Shanyang'),(410821,'修武县',410800,'修武县',3,'0391','454350','修武县',113.448,35.2236,'Xiuwu'),(410822,'博爱县',410800,'博爱县',3,'0391','454450','博爱县',113.067,35.1694,'Boai'),(410823,'武陟县',410800,'武陟县',3,'0391','454950','武陟县',113.397,35.0951,'Wuzhi'),(410825,'温县',410800,'温县',3,'0391','454850','温县',113.081,34.9402,'Wenxian'),(410882,'沁阳市',410800,'沁阳市',3,'0391','454550','沁阳市',112.945,35.0894,'Qinyang'),(410883,'孟州市',410800,'孟州市',3,'0391','454750','孟州市',112.791,34.9071,'Mengzhou'),(410900,'濮阳市',410000,'濮阳市',2,'0393','457000','濮阳市',115.041,35.7682,'Puyang'),(410902,'华龙区',410900,'华龙区',3,'0393','457001','华龙区',115.074,35.7774,'Hualong'),(410922,'清丰县',410900,'清丰县',3,'0393','457300','清丰县',115.104,35.8851,'Qingfeng'),(410923,'南乐县',410900,'南乐县',3,'0393','457400','南乐县',115.206,36.0769,'Nanle'),(410926,'范县',410900,'范县',3,'0393','457500','范县',115.504,35.8518,'Fanxian'),(410927,'台前县',410900,'台前县',3,'0393','457600','台前县',115.872,35.9692,'Taiqian'),(410928,'濮阳县',410900,'濮阳县',3,'0393','457100','濮阳县',115.031,35.7075,'Puyang'),(411000,'许昌市',410000,'许昌市',2,'0374','461000','许昌市',113.826,34.023,'Xuchang'),(411002,'魏都区',411000,'魏都区',3,'0374','461000','魏都区',113.823,34.0254,'Weidu'),(411023,'许昌县',411000,'许昌县',3,'0374','461100','许昌县',113.847,34.0041,'Xuchang'),(411024,'鄢陵县',411000,'鄢陵县',3,'0374','461200','鄢陵县',114.188,34.1032,'Yanling'),(411025,'襄城县',411000,'襄城县',3,'0374','461700','襄城县',113.482,33.8493,'Xiangcheng'),(411081,'禹州市',411000,'禹州市',3,'0374','461670','禹州市',113.488,34.1405,'Yuzhou'),(411082,'长葛市',411000,'长葛市',3,'0374','461500','长葛市',113.773,34.2185,'Changge'),(411100,'漯河市',410000,'漯河市',2,'0395','462000','漯河市',114.026,33.5759,'Luohe'),(411102,'源汇区',411100,'源汇区',3,'0395','462000','源汇区',114.006,33.5563,'Yuanhui'),(411103,'郾城区',411100,'郾城区',3,'0395','462300','郾城区',114.007,33.5872,'Yancheng'),(411104,'召陵区',411100,'召陵区',3,'0395','462300','召陵区',114.094,33.586,'Zhaoling'),(411121,'舞阳县',411100,'舞阳县',3,'0395','462400','舞阳县',113.598,33.4324,'Wuyang'),(411122,'临颍县',411100,'临颍县',3,'0395','462600','临颍县',113.937,33.8112,'Linying'),(411200,'三门峡市',410000,'三门峡市',2,'0398','472000','三门峡市',111.194,34.7773,'Sanmenxia'),(411202,'湖滨区',411200,'湖滨区',3,'0398','472000','湖滨区',111.2,34.7787,'Hubin'),(411221,'渑池县',411200,'渑池县',3,'0398','472400','渑池县',111.762,34.7673,'Mianchi'),(411222,'陕县',411200,'陕县',3,'0398','472100','陕县',111.103,34.7205,'Shanxian'),(411224,'卢氏县',411200,'卢氏县',3,'0398','472200','卢氏县',111.048,34.0544,'Lushi'),(411281,'义马市',411200,'义马市',3,'0398','472300','义马市',111.874,34.7472,'Yima'),(411282,'灵宝市',411200,'灵宝市',3,'0398','472500','灵宝市',110.895,34.5168,'Lingbao'),(411300,'南阳市',410000,'南阳市',2,'0377','473002','南阳市',112.541,32.9991,'Nanyang'),(411302,'宛城区',411300,'宛城区',3,'0377','473001','宛城区',112.54,33.0038,'Wancheng'),(411303,'卧龙区',411300,'卧龙区',3,'0377','473003','卧龙区',112.535,32.9861,'Wolong'),(411321,'南召县',411300,'南召县',3,'0377','474650','南召县',112.432,33.491,'Nanzhao'),(411322,'方城县',411300,'方城县',3,'0377','473200','方城县',113.013,33.2545,'Fangcheng'),(411323,'西峡县',411300,'西峡县',3,'0377','474550','西峡县',111.482,33.2977,'Xixia'),(411324,'镇平县',411300,'镇平县',3,'0377','474250','镇平县',112.24,33.0363,'Zhenping'),(411325,'内乡县',411300,'内乡县',3,'0377','474350','内乡县',111.85,33.0467,'Neixiang'),(411326,'淅川县',411300,'淅川县',3,'0377','474450','淅川县',111.487,33.1371,'Xichuan'),(411327,'社旗县',411300,'社旗县',3,'0377','473300','社旗县',112.947,33.055,'Sheqi'),(411328,'唐河县',411300,'唐河县',3,'0377','473400','唐河县',112.836,32.6945,'Tanghe'),(411329,'新野县',411300,'新野县',3,'0377','473500','新野县',112.362,32.517,'Xinye'),(411330,'桐柏县',411300,'桐柏县',3,'0377','474750','桐柏县',113.429,32.3792,'Tongbai'),(411381,'邓州市',411300,'邓州市',3,'0377','474150','邓州市',112.09,32.6858,'Dengzhou'),(411400,'商丘市',410000,'商丘市',2,'0370','476000','商丘市',115.65,34.4371,'Shangqiu'),(411402,'梁园区',411400,'梁园区',3,'0370','476000','梁园区',115.645,34.4434,'Liangyuan'),(411403,'睢阳区',411400,'睢阳区',3,'0370','476100','睢阳区',115.653,34.388,'Suiyang'),(411421,'民权县',411400,'民权县',3,'0370','476800','民权县',115.146,34.6493,'Minquan'),(411422,'睢县',411400,'睢县',3,'0370','476900','睢县',115.072,34.4454,'Suixian'),(411423,'宁陵县',411400,'宁陵县',3,'0370','476700','宁陵县',115.305,34.4546,'Ningling'),(411424,'柘城县',411400,'柘城县',3,'0370','476200','柘城县',115.305,34.0911,'Zhecheng'),(411425,'虞城县',411400,'虞城县',3,'0370','476300','虞城县',115.863,34.4019,'Yucheng'),(411426,'夏邑县',411400,'夏邑县',3,'0370','476400','夏邑县',116.133,34.2324,'Xiayi'),(411481,'永城市',411400,'永城市',3,'0370','476600','永城市',116.449,33.9291,'Yongcheng'),(411500,'信阳市',410000,'信阳市',2,'0376','464000','信阳市',114.075,32.1233,'Xinyang'),(411502,'浉河区',411500,'浉河区',3,'0376','464000','浉河区',114.059,32.1168,'Shihe'),(411503,'平桥区',411500,'平桥区',3,'0376','464100','平桥区',114.124,32.1009,'Pingqiao'),(411521,'罗山县',411500,'罗山县',3,'0376','464200','罗山县',114.531,32.2028,'Luoshan'),(411522,'光山县',411500,'光山县',3,'0376','465450','光山县',114.919,32.0099,'Guangshan'),(411523,'新县',411500,'新县',3,'0376','465550','新县',114.879,31.6439,'Xinxian'),(411524,'商城县',411500,'商城县',3,'0376','465350','商城县',115.409,31.7999,'Shangcheng'),(411525,'固始县',411500,'固始县',3,'0376','465250','固始县',115.683,32.1801,'Gushi'),(411526,'潢川县',411500,'潢川县',3,'0376','465150','潢川县',115.047,32.1376,'Huangchuan'),(411527,'淮滨县',411500,'淮滨县',3,'0376','464400','淮滨县',115.421,32.4661,'Huaibin'),(411528,'息县',411500,'息县',3,'0376','464300','息县',114.74,32.3428,'Xixian'),(411600,'周口市',410000,'周口市',2,'0394','466000','周口市',114.65,33.6204,'Zhoukou'),(411602,'川汇区',411600,'川汇区',3,'0394','466000','川汇区',114.642,33.6256,'Chuanhui'),(411621,'扶沟县',411600,'扶沟县',3,'0394','461300','扶沟县',114.395,34.06,'Fugou'),(411622,'西华县',411600,'西华县',3,'0394','466600','西华县',114.523,33.7855,'Xihua'),(411623,'商水县',411600,'商水县',3,'0394','466100','商水县',114.606,33.5391,'Shangshui'),(411624,'沈丘县',411600,'沈丘县',3,'0394','466300','沈丘县',115.099,33.4094,'Shenqiu'),(411625,'郸城县',411600,'郸城县',3,'0394','477150','郸城县',115.177,33.6449,'Dancheng'),(411626,'淮阳县',411600,'淮阳县',3,'0394','466700','淮阳县',114.888,33.7321,'Huaiyang'),(411627,'太康县',411600,'太康县',3,'0394','461400','太康县',114.838,34.0638,'Taikang'),(411628,'鹿邑县',411600,'鹿邑县',3,'0394','477200','鹿邑县',115.486,33.8593,'Luyi'),(411681,'项城市',411600,'项城市',3,'0394','466200','项城市',114.876,33.4672,'Xiangcheng'),(411700,'驻马店市',410000,'驻马店市',2,'0396','463000','驻马店市',114.025,32.9802,'Zhumadian'),(411702,'驿城区',411700,'驿城区',3,'0396','463000','驿城区',113.994,32.9732,'Yicheng'),(411721,'西平县',411700,'西平县',3,'0396','463900','西平县',114.023,33.3845,'Xiping'),(411722,'上蔡县',411700,'上蔡县',3,'0396','463800','上蔡县',114.268,33.2682,'Shangcai'),(411723,'平舆县',411700,'平舆县',3,'0396','463400','平舆县',114.636,32.9573,'Pingyu'),(411724,'正阳县',411700,'正阳县',3,'0396','463600','正阳县',114.39,32.6039,'Zhengyang'),(411725,'确山县',411700,'确山县',3,'0396','463200','确山县',114.029,32.8028,'Queshan'),(411726,'泌阳县',411700,'泌阳县',3,'0396','463700','泌阳县',113.327,32.7178,'Biyang'),(411727,'汝南县',411700,'汝南县',3,'0396','463300','汝南县',114.361,33.0046,'Runan'),(411728,'遂平县',411700,'遂平县',3,'0396','463100','遂平县',114.013,33.1457,'Suiping'),(411729,'新蔡县',411700,'新蔡县',3,'0396','463500','新蔡县',114.982,32.7502,'Xincai'),(419000,'直辖县级',410000,'直辖县级',2,'','','直辖县级',113.665,34.758,''),(419001,'济源市',419000,'济源市',3,'0391','454650','济源市',112.59,35.0904,'Jiyuan'),(420000,'湖北省',100000,'湖北省',1,'','','湖北省',114.299,30.5844,'Hubei'),(420100,'武汉市',420000,'武汉市',2,'','430014','武汉市',114.299,30.5844,'Wuhan'),(420102,'江岸区',420100,'江岸区',3,'027','430014','江岸区',114.309,30.5998,'Jiang\'an'),(420103,'江汉区',420100,'江汉区',3,'027','430021','江汉区',114.271,30.6015,'Jianghan'),(420104,'硚口区',420100,'硚口区',3,'027','430033','硚口区',114.264,30.5695,'Qiaokou'),(420105,'汉阳区',420100,'汉阳区',3,'027','430050','汉阳区',114.275,30.5492,'Hanyang'),(420106,'武昌区',420100,'武昌区',3,'027','430061','武昌区',114.316,30.5539,'Wuchang'),(420107,'青山区',420100,'青山区',3,'027','430080','青山区',114.391,30.6343,'Qingshan'),(420111,'洪山区',420100,'洪山区',3,'027','430070','洪山区',114.344,30.4999,'Hongshan'),(420112,'东西湖区',420100,'东西湖区',3,'027','430040','东西湖区',114.137,30.6199,'Dongxihu'),(420113,'汉南区',420100,'汉南区',3,'027','430090','汉南区',114.085,30.3088,'Hannan'),(420114,'蔡甸区',420100,'蔡甸区',3,'027','430100','蔡甸区',114.029,30.582,'Caidian'),(420115,'江夏区',420100,'江夏区',3,'027','430200','江夏区',114.313,30.3465,'Jiangxia'),(420116,'黄陂区',420100,'黄陂区',3,'027','432200','黄陂区',114.375,30.8815,'Huangpi'),(420117,'新洲区',420100,'新洲区',3,'027','431400','新洲区',114.801,30.8414,'Xinzhou'),(420200,'黄石市',420000,'黄石市',2,'0714','435003','黄石市',115.077,30.2201,'Huangshi'),(420202,'黄石港区',420200,'黄石港区',3,'0714','435000','黄石港区',115.066,30.2228,'Huangshigang'),(420203,'西塞山区',420200,'西塞山区',3,'0714','435001','西塞山区',115.11,30.2049,'Xisaishan'),(420204,'下陆区',420200,'下陆区',3,'0714','435005','下陆区',114.961,30.1737,'Xialu'),(420205,'铁山区',420200,'铁山区',3,'0714','435006','铁山区',114.901,30.2068,'Tieshan'),(420222,'阳新县',420200,'阳新县',3,'0714','435200','阳新县',115.215,29.8304,'Yangxin'),(420281,'大冶市',420200,'大冶市',3,'0714','435100','大冶市',114.972,30.0944,'Daye'),(420300,'十堰市',420000,'十堰市',2,'0719','442000','十堰市',110.785,32.647,'Shiyan'),(420302,'茅箭区',420300,'茅箭区',3,'0719','442012','茅箭区',110.813,32.5915,'Maojian'),(420303,'张湾区',420300,'张湾区',3,'0719','442001','张湾区',110.771,32.652,'Zhangwan'),(420304,'郧阳区',420300,'郧阳区',3,'0719','442500','郧阳区',110.819,32.8359,'Yunyang'),(420322,'郧西县',420300,'郧西县',3,'0719','442600','郧西县',110.426,32.9935,'Yunxi'),(420323,'竹山县',420300,'竹山县',3,'0719','442200','竹山县',110.231,32.2254,'Zhushan'),(420324,'竹溪县',420300,'竹溪县',3,'0719','442300','竹溪县',109.718,32.319,'Zhuxi'),(420325,'房县',420300,'房县',3,'0719','442100','房县',110.744,32.0579,'Fangxian'),(420381,'丹江口市',420300,'丹江口市',3,'0719','442700','丹江口市',111.515,32.5409,'Danjiangkou'),(420500,'宜昌市',420000,'宜昌市',2,'0717','443000','宜昌市',111.291,30.7026,'Yichang'),(420502,'西陵区',420500,'西陵区',3,'0717','443000','西陵区',111.286,30.7108,'Xiling'),(420503,'伍家岗区',420500,'伍家岗区',3,'0717','443001','伍家岗区',111.361,30.6443,'Wujiagang'),(420504,'点军区',420500,'点军区',3,'0717','443006','点军区',111.268,30.6934,'Dianjun'),(420505,'猇亭区',420500,'猇亭区',3,'0717','443007','猇亭区',111.441,30.5266,'Xiaoting'),(420506,'夷陵区',420500,'夷陵区',3,'0717','443100','夷陵区',111.326,30.7688,'Yiling'),(420525,'远安县',420500,'远安县',3,'0717','444200','远安县',111.642,31.0599,'Yuan\'an'),(420526,'兴山县',420500,'兴山县',3,'0717','443711','兴山县',110.75,31.3469,'Xingshan'),(420527,'秭归县',420500,'秭归县',3,'0717','443600','秭归县',110.982,30.827,'Zigui'),(420528,'长阳土家族自治县',420500,'长阳土家族自治县',3,'0717','443500','长阳土家族自治县',111.201,30.4705,'Changyang'),(420529,'五峰土家族自治县',420500,'五峰土家族自治县',3,'0717','443413','五峰土家族自治县',110.675,30.1986,'Wufeng'),(420581,'宜都市',420500,'宜都市',3,'0717','443300','宜都市',111.45,30.3781,'Yidu'),(420582,'当阳市',420500,'当阳市',3,'0717','444100','当阳市',111.789,30.8208,'Dangyang'),(420583,'枝江市',420500,'枝江市',3,'0717','443200','枝江市',111.769,30.4261,'Zhijiang'),(420600,'襄阳市',420000,'襄阳市',2,'0710','441021','襄阳市',112.144,32.0424,'Xiangyang'),(420602,'襄城区',420600,'襄城区',3,'0710','441021','襄城区',112.134,32.0102,'Xiangcheng'),(420606,'樊城区',420600,'樊城区',3,'0710','441001','樊城区',112.135,32.0448,'Fancheng'),(420607,'襄州区',420600,'襄州区',3,'0710','441100','襄州区',112.15,32.0151,'Xiangzhou'),(420624,'南漳县',420600,'南漳县',3,'0710','441500','南漳县',111.846,31.7765,'Nanzhang'),(420625,'谷城县',420600,'谷城县',3,'0710','441700','谷城县',111.653,32.2638,'Gucheng'),(420626,'保康县',420600,'保康县',3,'0710','441600','保康县',111.261,31.8787,'Baokang'),(420682,'老河口市',420600,'老河口市',3,'0710','441800','老河口市',111.671,32.3848,'Laohekou'),(420683,'枣阳市',420600,'枣阳市',3,'0710','441200','枣阳市',112.774,32.1314,'Zaoyang'),(420684,'宜城市',420600,'宜城市',3,'0710','441400','宜城市',112.258,31.7197,'Yicheng'),(420700,'鄂州市',420000,'鄂州市',2,'0711','436000','鄂州市',114.891,30.3965,'Ezhou'),(420702,'梁子湖区',420700,'梁子湖区',3,'0711','436064','梁子湖区',114.685,30.1,'Liangzihu'),(420703,'华容区',420700,'华容区',3,'0711','436030','华容区',114.736,30.5333,'Huarong'),(420704,'鄂城区',420700,'鄂城区',3,'0711','436000','鄂城区',114.892,30.4002,'Echeng'),(420800,'荆门市',420000,'荆门市',2,'0724','448000','荆门市',112.204,31.0354,'Jingmen'),(420802,'东宝区',420800,'东宝区',3,'0724','448004','东宝区',112.201,31.0519,'Dongbao'),(420804,'掇刀区',420800,'掇刀区',3,'0724','448124','掇刀区',112.208,30.9732,'Duodao'),(420821,'京山县',420800,'京山县',3,'0724','431800','京山县',113.111,31.0224,'Jingshan'),(420822,'沙洋县',420800,'沙洋县',3,'0724','448200','沙洋县',112.589,30.7092,'Shayang'),(420881,'钟祥市',420800,'钟祥市',3,'0724','431900','钟祥市',112.589,31.1678,'Zhongxiang'),(420900,'孝感市',420000,'孝感市',2,'0712','432100','孝感市',113.927,30.9264,'Xiaogan'),(420902,'孝南区',420900,'孝南区',3,'0712','432100','孝南区',113.911,30.9168,'Xiaonan'),(420921,'孝昌县',420900,'孝昌县',3,'0712','432900','孝昌县',113.998,31.258,'Xiaochang'),(420922,'大悟县',420900,'大悟县',3,'0712','432800','大悟县',114.126,31.5618,'Dawu'),(420923,'云梦县',420900,'云梦县',3,'0712','432500','云梦县',113.753,31.0209,'Yunmeng'),(420981,'应城市',420900,'应城市',3,'0712','432400','应城市',113.573,30.9283,'Yingcheng'),(420982,'安陆市',420900,'安陆市',3,'0712','432600','安陆市',113.686,31.2569,'Anlu'),(420984,'汉川市',420900,'汉川市',3,'0712','432300','汉川市',113.839,30.6612,'Hanchuan'),(421000,'荆州市',420000,'荆州市',2,'0716','434000','荆州市',112.238,30.3269,'Jingzhou'),(421002,'沙市区',421000,'沙市区',3,'0716','434000','沙市区',112.255,30.3111,'Shashi'),(421003,'荆州区',421000,'荆州区',3,'0716','434020','荆州区',112.19,30.3526,'Jingzhou'),(421022,'公安县',421000,'公安县',3,'0716','434300','公安县',112.232,30.059,'Gong\'an'),(421023,'监利县',421000,'监利县',3,'0716','433300','监利县',112.895,29.8149,'Jianli'),(421024,'江陵县',421000,'江陵县',3,'0716','434101','江陵县',112.425,30.0417,'Jiangling'),(421081,'石首市',421000,'石首市',3,'0716','434400','石首市',112.426,29.7213,'Shishou'),(421083,'洪湖市',421000,'洪湖市',3,'0716','433200','洪湖市',113.476,29.827,'Honghu'),(421087,'松滋市',421000,'松滋市',3,'0716','434200','松滋市',111.767,30.1696,'Songzi'),(421100,'黄冈市',420000,'黄冈市',2,'0713','438000','黄冈市',114.879,30.4477,'Huanggang'),(421102,'黄州区',421100,'黄州区',3,'0713','438000','黄州区',114.88,30.4344,'Huangzhou'),(421121,'团风县',421100,'团风县',3,'0713','438800','团风县',114.872,30.6436,'Tuanfeng'),(421122,'红安县',421100,'红安县',3,'0713','438401','红安县',114.622,31.2867,'Hong\'an'),(421123,'罗田县',421100,'罗田县',3,'0713','438600','罗田县',115.4,30.7826,'Luotian'),(421124,'英山县',421100,'英山县',3,'0713','438700','英山县',115.681,30.7352,'Yingshan'),(421125,'浠水县',421100,'浠水县',3,'0713','438200','浠水县',115.269,30.4527,'Xishui'),(421126,'蕲春县',421100,'蕲春县',3,'0713','435300','蕲春县',115.436,30.2261,'Qichun'),(421127,'黄梅县',421100,'黄梅县',3,'0713','435500','黄梅县',115.944,30.0703,'Huangmei'),(421181,'麻城市',421100,'麻城市',3,'0713','438300','麻城市',115.01,31.1723,'Macheng'),(421182,'武穴市',421100,'武穴市',3,'0713','435400','武穴市',115.56,29.8445,'Wuxue'),(421200,'咸宁市',420000,'咸宁市',2,'0715','437000','咸宁市',114.329,29.8328,'Xianning'),(421202,'咸安区',421200,'咸安区',3,'0715','437000','咸安区',114.299,29.8529,'Xian\'an'),(421221,'嘉鱼县',421200,'嘉鱼县',3,'0715','437200','嘉鱼县',113.939,29.9705,'Jiayu'),(421222,'通城县',421200,'通城县',3,'0715','437400','通城县',113.816,29.2457,'Tongcheng'),(421223,'崇阳县',421200,'崇阳县',3,'0715','437500','崇阳县',114.04,29.5556,'Chongyang'),(421224,'通山县',421200,'通山县',3,'0715','437600','通山县',114.482,29.6063,'Tongshan'),(421281,'赤壁市',421200,'赤壁市',3,'0715','437300','赤壁市',113.9,29.7245,'Chibi'),(421300,'随州市',420000,'随州市',2,'0722','441300','随州市',113.374,31.7175,'Suizhou'),(421303,'曾都区',421300,'曾都区',3,'0722','441300','曾都区',113.371,31.7161,'Zengdu'),(421321,'随县',421300,'随县',3,'0722','441309','随县',113.827,31.6179,'Suixian'),(421381,'广水市',421300,'广水市',3,'0722','432700','广水市',113.827,31.6179,'Guangshui'),(422800,'恩施土家族苗族自治州',420000,'恩施土家族苗族自治州',2,'0718','445000','恩施土家族苗族自治州',109.487,30.2831,'Enshi'),(422801,'恩施市',422800,'恩施市',3,'0718','445000','恩施市',109.479,30.295,'Enshi'),(422802,'利川市',422800,'利川市',3,'0718','445400','利川市',108.936,30.2912,'Lichuan'),(422822,'建始县',422800,'建始县',3,'0718','445300','建始县',109.722,30.6021,'Jianshi'),(422823,'巴东县',422800,'巴东县',3,'0718','444300','巴东县',110.341,31.0423,'Badong'),(422825,'宣恩县',422800,'宣恩县',3,'0718','445500','宣恩县',109.492,29.9871,'Xuanen'),(422826,'咸丰县',422800,'咸丰县',3,'0718','445600','咸丰县',109.152,29.6798,'Xianfeng'),(422827,'来凤县',422800,'来凤县',3,'0718','445700','来凤县',109.407,29.4937,'Laifeng'),(422828,'鹤峰县',422800,'鹤峰县',3,'0718','445800','鹤峰县',110.031,29.8907,'Hefeng'),(429000,'直辖县级',420000,'直辖县级',2,'','','直辖县级',114.299,30.5844,''),(429004,'仙桃市',429000,'仙桃市',3,'0728','433000','仙桃市',113.454,30.365,'Xiantao'),(429005,'潜江市',429000,'潜江市',3,'0728','433100','潜江市',112.897,30.4212,'Qianjiang'),(429006,'天门市',429000,'天门市',3,'0728','431700','天门市',113.166,30.6531,'Tianmen'),(429021,'神农架林区',429000,'神农架林区',3,'0719','442400','神农架林区',110.672,31.7444,'Shennongjia'),(430000,'湖南省',100000,'湖南省',1,'','','湖南省',112.982,28.1941,'Hunan'),(430100,'长沙市',430000,'长沙市',2,'0731','410005','长沙市',112.982,28.1941,'Changsha'),(430102,'芙蓉区',430100,'芙蓉区',3,'0731','410011','芙蓉区',113.032,28.1844,'Furong'),(430103,'天心区',430100,'天心区',3,'0731','410004','天心区',112.99,28.1127,'Tianxin'),(430104,'岳麓区',430100,'岳麓区',3,'0731','410013','岳麓区',112.931,28.2351,'Yuelu'),(430105,'开福区',430100,'开福区',3,'0731','410008','开福区',112.986,28.2558,'Kaifu'),(430111,'雨花区',430100,'雨花区',3,'0731','410011','雨花区',113.036,28.1354,'Yuhua'),(430112,'望城区',430100,'望城区',3,'0731','410200','望城区',112.82,28.3475,'Wangcheng'),(430121,'长沙县',430100,'长沙县',3,'0731','410100','长沙县',113.081,28.246,'Changsha'),(430124,'宁乡县',430100,'宁乡县',3,'0731','410600','宁乡县',112.557,28.2536,'Ningxiang'),(430181,'浏阳市',430100,'浏阳市',3,'0731','410300','浏阳市',113.643,28.1637,'Liuyang'),(430200,'株洲市',430000,'株洲市',2,'0731','412000','株洲市',113.152,27.8358,'Zhuzhou'),(430202,'荷塘区',430200,'荷塘区',3,'0731','412000','荷塘区',113.173,27.8557,'Hetang'),(430203,'芦淞区',430200,'芦淞区',3,'0731','412000','芦淞区',113.156,27.7852,'Lusong'),(430204,'石峰区',430200,'石峰区',3,'0731','412005','石峰区',113.118,27.8755,'Shifeng'),(430211,'天元区',430200,'天元区',3,'0731','412007','天元区',113.123,27.831,'Tianyuan'),(430221,'株洲县',430200,'株洲县',3,'0731','412100','株洲县',113.144,27.6983,'Zhuzhou'),(430223,'攸县',430200,'攸县',3,'0731','412300','攸县',113.344,27.0035,'Youxian'),(430224,'茶陵县',430200,'茶陵县',3,'0731','412400','茶陵县',113.544,26.7915,'Chaling'),(430225,'炎陵县',430200,'炎陵县',3,'0731','412500','炎陵县',113.772,26.4882,'Yanling'),(430281,'醴陵市',430200,'醴陵市',3,'0731','412200','醴陵市',113.497,27.6462,'Liling'),(430300,'湘潭市',430000,'湘潭市',2,'0731','411100','湘潭市',112.925,27.8467,'Xiangtan'),(430302,'雨湖区',430300,'雨湖区',3,'0731','411100','雨湖区',112.904,27.8686,'Yuhu'),(430304,'岳塘区',430300,'岳塘区',3,'0731','411101','岳塘区',112.961,27.8578,'Yuetang'),(430321,'湘潭县',430300,'湘潭县',3,'0731','411228','湘潭县',112.951,27.7789,'Xiangtan'),(430381,'湘乡市',430300,'湘乡市',3,'0731','411400','湘乡市',112.535,27.7354,'Xiangxiang'),(430382,'韶山市',430300,'韶山市',3,'0731','411300','韶山市',112.527,27.915,'Shaoshan'),(430400,'衡阳市',430000,'衡阳市',2,'0734','421001','衡阳市',112.608,26.9004,'Hengyang'),(430405,'珠晖区',430400,'珠晖区',3,'0734','421002','珠晖区',112.621,26.8936,'Zhuhui'),(430406,'雁峰区',430400,'雁峰区',3,'0734','421001','雁峰区',112.617,26.8887,'Yanfeng'),(430407,'石鼓区',430400,'石鼓区',3,'0734','421005','石鼓区',112.611,26.9023,'Shigu'),(430408,'蒸湘区',430400,'蒸湘区',3,'0734','421001','蒸湘区',112.603,26.8965,'Zhengxiang'),(430412,'南岳区',430400,'南岳区',3,'0734','421900','南岳区',112.738,27.2326,'Nanyue'),(430421,'衡阳县',430400,'衡阳县',3,'0734','421200','衡阳县',112.371,26.9706,'Hengyang'),(430422,'衡南县',430400,'衡南县',3,'0734','421131','衡南县',112.678,26.7383,'Hengnan'),(430423,'衡山县',430400,'衡山县',3,'0734','421300','衡山县',112.868,27.2313,'Hengshan'),(430424,'衡东县',430400,'衡东县',3,'0734','421400','衡东县',112.948,27.0809,'Hengdong'),(430426,'祁东县',430400,'祁东县',3,'0734','421600','祁东县',112.09,26.7996,'Qidong'),(430481,'耒阳市',430400,'耒阳市',3,'0734','421800','耒阳市',112.86,26.4213,'Leiyang'),(430482,'常宁市',430400,'常宁市',3,'0734','421500','常宁市',112.401,26.4069,'Changning'),(430500,'邵阳市',430000,'邵阳市',2,'0739','422000','邵阳市',111.469,27.2378,'Shaoyang'),(430502,'双清区',430500,'双清区',3,'0739','422001','双清区',111.497,27.2329,'Shuangqing'),(430503,'大祥区',430500,'大祥区',3,'0739','422000','大祥区',111.454,27.2333,'Daxiang'),(430511,'北塔区',430500,'北塔区',3,'0739','422007','北塔区',111.452,27.2465,'Beita'),(430521,'邵东县',430500,'邵东县',3,'0739','422800','邵东县',111.744,27.2584,'Shaodong'),(430522,'新邵县',430500,'新邵县',3,'0739','422900','新邵县',111.461,27.3217,'Xinshao'),(430523,'邵阳县',430500,'邵阳县',3,'0739','422100','邵阳县',111.275,26.9914,'Shaoyang'),(430524,'隆回县',430500,'隆回县',3,'0739','422200','隆回县',111.032,27.1094,'Longhui'),(430525,'洞口县',430500,'洞口县',3,'0739','422300','洞口县',110.574,27.0546,'Dongkou'),(430527,'绥宁县',430500,'绥宁县',3,'0739','422600','绥宁县',110.156,26.5864,'Suining'),(430528,'新宁县',430500,'新宁县',3,'0739','422700','新宁县',110.851,26.4294,'Xinning'),(430529,'城步苗族自治县',430500,'城步苗族自治县',3,'0739','422500','城步苗族自治县',110.322,26.3905,'Chengbu'),(430581,'武冈市',430500,'武冈市',3,'0739','422400','武冈市',110.633,26.7282,'Wugang'),(430600,'岳阳市',430000,'岳阳市',2,'0730','414000','岳阳市',113.133,29.3703,'Yueyang'),(430602,'岳阳楼区',430600,'岳阳楼区',3,'0730','414000','岳阳楼区',113.129,29.3719,'Yueyanglou'),(430603,'云溪区',430600,'云溪区',3,'0730','414009','云溪区',113.277,29.4736,'Yunxi'),(430611,'君山区',430600,'君山区',3,'0730','414005','君山区',113.004,29.4594,'Junshan'),(430621,'岳阳县',430600,'岳阳县',3,'0730','414100','岳阳县',113.12,29.1431,'Yueyang'),(430623,'华容县',430600,'华容县',3,'0730','414200','华容县',112.541,29.5302,'Huarong'),(430624,'湘阴县',430600,'湘阴县',3,'0730','414600','湘阴县',112.909,28.6892,'Xiangyin'),(430626,'平江县',430600,'平江县',3,'0730','414500','平江县',113.581,28.7066,'Pingjiang'),(430681,'汨罗市',430600,'汨罗市',3,'0730','414400','汨罗市',113.067,28.8063,'Miluo'),(430682,'临湘市',430600,'临湘市',3,'0730','414300','临湘市',113.45,29.477,'Linxiang'),(430700,'常德市',430000,'常德市',2,'0736','415000','常德市',111.691,29.0402,'Changde'),(430702,'武陵区',430700,'武陵区',3,'0736','415000','武陵区',111.698,29.0288,'Wuling'),(430703,'鼎城区',430700,'鼎城区',3,'0736','415101','鼎城区',111.681,29.0186,'Dingcheng'),(430721,'安乡县',430700,'安乡县',3,'0736','415600','安乡县',112.167,29.4133,'Anxiang'),(430722,'汉寿县',430700,'汉寿县',3,'0736','415900','汉寿县',111.967,28.903,'Hanshou'),(430723,'澧县',430700,'澧县',3,'0736','415500','澧县',111.759,29.6332,'Lixian'),(430724,'临澧县',430700,'临澧县',3,'0736','415200','临澧县',111.652,29.4416,'Linli'),(430725,'桃源县',430700,'桃源县',3,'0736','415700','桃源县',111.489,28.9047,'Taoyuan'),(430726,'石门县',430700,'石门县',3,'0736','415300','石门县',111.38,29.5842,'Shimen'),(430781,'津市市',430700,'津市市',3,'0736','415400','津市市',111.878,29.6056,'Jinshi'),(430800,'张家界市',430000,'张家界市',2,'0744','427000','张家界市',110.48,29.1274,'Zhangjiajie'),(430802,'永定区',430800,'永定区',3,'0744','427000','永定区',110.475,29.1339,'Yongding'),(430811,'武陵源区',430800,'武陵源区',3,'0744','427400','武陵源区',110.55,29.3457,'Wulingyuan'),(430821,'慈利县',430800,'慈利县',3,'0744','427200','慈利县',111.139,29.4299,'Cili'),(430822,'桑植县',430800,'桑植县',3,'0744','427100','桑植县',110.163,29.3981,'Sangzhi'),(430900,'益阳市',430000,'益阳市',2,'0737','413000','益阳市',112.355,28.5701,'Yiyang'),(430902,'资阳区',430900,'资阳区',3,'0737','413001','资阳区',112.324,28.591,'Ziyang'),(430903,'赫山区',430900,'赫山区',3,'0737','413002','赫山区',112.373,28.5742,'Heshan'),(430921,'南县',430900,'南县',3,'0737','413200','南县',112.396,29.3616,'Nanxian'),(430922,'桃江县',430900,'桃江县',3,'0737','413400','桃江县',112.156,28.5181,'Taojiang'),(430923,'安化县',430900,'安化县',3,'0737','413500','安化县',111.213,28.3742,'Anhua'),(430981,'沅江市',430900,'沅江市',3,'0737','413100','沅江市',112.354,28.844,'Yuanjiang'),(431000,'郴州市',430000,'郴州市',2,'0735','423000','郴州市',113.032,25.7936,'Chenzhou'),(431002,'北湖区',431000,'北湖区',3,'0735','423000','北湖区',113.011,25.784,'Beihu'),(431003,'苏仙区',431000,'苏仙区',3,'0735','423000','苏仙区',113.042,25.8004,'Suxian'),(431021,'桂阳县',431000,'桂阳县',3,'0735','424400','桂阳县',112.734,25.7541,'Guiyang'),(431022,'宜章县',431000,'宜章县',3,'0735','424200','宜章县',112.951,25.3993,'Yizhang'),(431023,'永兴县',431000,'永兴县',3,'0735','423300','永兴县',113.112,26.1265,'Yongxing'),(431024,'嘉禾县',431000,'嘉禾县',3,'0735','424500','嘉禾县',112.369,25.5879,'Jiahe'),(431025,'临武县',431000,'临武县',3,'0735','424300','临武县',112.564,25.276,'Linwu'),(431026,'汝城县',431000,'汝城县',3,'0735','424100','汝城县',113.686,25.552,'Rucheng'),(431027,'桂东县',431000,'桂东县',3,'0735','423500','桂东县',113.947,26.0799,'Guidong'),(431028,'安仁县',431000,'安仁县',3,'0735','423600','安仁县',113.269,26.7093,'Anren'),(431081,'资兴市',431000,'资兴市',3,'0735','423400','资兴市',113.237,25.9767,'Zixing'),(431100,'永州市',430000,'永州市',2,'0746','425000','永州市',111.608,26.4345,'Yongzhou'),(431102,'零陵区',431100,'零陵区',3,'0746','425100','零陵区',111.621,26.2211,'Lingling'),(431103,'冷水滩区',431100,'冷水滩区',3,'0746','425100','冷水滩区',111.592,26.4611,'Lengshuitan'),(431121,'祁阳县',431100,'祁阳县',3,'0746','426100','祁阳县',111.84,26.5801,'Qiyang'),(431122,'东安县',431100,'东安县',3,'0746','425900','东安县',111.316,26.392,'Dong\'an'),(431123,'双牌县',431100,'双牌县',3,'0746','425200','双牌县',111.659,25.9599,'Shuangpai'),(431124,'道县',431100,'道县',3,'0746','425300','道县',111.602,25.5277,'Daoxian'),(431125,'江永县',431100,'江永县',3,'0746','425400','江永县',111.341,25.2723,'Jiangyong'),(431126,'宁远县',431100,'宁远县',3,'0746','425600','宁远县',111.946,25.5691,'Ningyuan'),(431127,'蓝山县',431100,'蓝山县',3,'0746','425800','蓝山县',112.194,25.3679,'Lanshan'),(431128,'新田县',431100,'新田县',3,'0746','425700','新田县',112.221,25.9095,'Xintian'),(431129,'江华瑶族自治县',431100,'江华瑶族自治县',3,'0746','425500','江华瑶族自治县',111.588,25.1845,'Jianghua'),(431200,'怀化市',430000,'怀化市',2,'0745','418000','怀化市',109.978,27.5501,'Huaihua'),(431202,'鹤城区',431200,'鹤城区',3,'0745','418000','鹤城区',109.965,27.5494,'Hecheng'),(431221,'中方县',431200,'中方县',3,'0745','418005','中方县',109.945,27.4399,'Zhongfang'),(431222,'沅陵县',431200,'沅陵县',3,'0745','419600','沅陵县',110.396,28.4555,'Yuanling'),(431223,'辰溪县',431200,'辰溪县',3,'0745','419500','辰溪县',110.189,28.0041,'Chenxi'),(431224,'溆浦县',431200,'溆浦县',3,'0745','419300','溆浦县',110.594,27.9084,'Xupu'),(431225,'会同县',431200,'会同县',3,'0745','418300','会同县',109.736,26.8872,'Huitong'),(431226,'麻阳苗族自治县',431200,'麻阳苗族自治县',3,'0745','419400','麻阳苗族自治县',109.802,27.866,'Mayang'),(431227,'新晃侗族自治县',431200,'新晃侗族自治县',3,'0745','419200','新晃侗族自治县',109.172,27.3594,'Xinhuang'),(431228,'芷江侗族自治县',431200,'芷江侗族自治县',3,'0745','419100','芷江侗族自治县',109.685,27.443,'Zhijiang'),(431229,'靖州苗族侗族自治县',431200,'靖州苗族侗族自治县',3,'0745','418400','靖州苗族侗族自治县',109.698,26.5765,'Jingzhou'),(431230,'通道侗族自治县',431200,'通道侗族自治县',3,'0745','418500','通道侗族自治县',109.785,26.1571,'Tongdao'),(431281,'洪江市',431200,'洪江市',3,'0745','418100','洪江市',109.837,27.2092,'Hongjiang'),(431300,'娄底市',430000,'娄底市',2,'0738','417000','娄底市',112.008,27.7281,'Loudi'),(431302,'娄星区',431300,'娄星区',3,'0738','417000','娄星区',112.002,27.7299,'Louxing'),(431321,'双峰县',431300,'双峰县',3,'0738','417700','双峰县',112.199,27.4542,'Shuangfeng'),(431322,'新化县',431300,'新化县',3,'0738','417600','新化县',111.327,27.7266,'Xinhua'),(431381,'冷水江市',431300,'冷水江市',3,'0738','417500','冷水江市',111.436,27.6815,'Lengshuijiang'),(431382,'涟源市',431300,'涟源市',3,'0738','417100','涟源市',111.672,27.6883,'Lianyuan'),(433100,'湘西土家族苗族自治州',430000,'湘西土家族苗族自治州',2,'0743','416000','湘西土家族苗族自治州',109.74,28.3143,'Xiangxi'),(433101,'吉首市',433100,'吉首市',3,'0743','416000','吉首市',109.698,28.2625,'Jishou'),(433122,'泸溪县',433100,'泸溪县',3,'0743','416100','泸溪县',110.217,28.2205,'Luxi'),(433123,'凤凰县',433100,'凤凰县',3,'0743','416200','凤凰县',109.602,27.9482,'Fenghuang'),(433124,'花垣县',433100,'花垣县',3,'0743','416400','花垣县',109.482,28.5721,'Huayuan'),(433125,'保靖县',433100,'保靖县',3,'0743','416500','保靖县',109.66,28.7,'Baojing'),(433126,'古丈县',433100,'古丈县',3,'0743','416300','古丈县',109.948,28.6194,'Guzhang'),(433127,'永顺县',433100,'永顺县',3,'0743','416700','永顺县',109.853,29.001,'Yongshun'),(433130,'龙山县',433100,'龙山县',3,'0743','416800','龙山县',109.443,29.4569,'Longshan'),(440000,'广东省',100000,'广东省',1,'','','广东省',113.281,23.1252,'Guangdong'),(440100,'广州市',440000,'广州市',2,'020','510032','广州市',113.281,23.1252,'Guangzhou'),(440103,'荔湾区',440100,'荔湾区',3,'020','510170','荔湾区',113.244,23.1259,'Liwan'),(440104,'越秀区',440100,'越秀区',3,'020','510030','越秀区',113.267,23.129,'Yuexiu'),(440105,'海珠区',440100,'海珠区',3,'020','510300','海珠区',113.262,23.1038,'Haizhu'),(440106,'天河区',440100,'天河区',3,'020','510665','天河区',113.361,23.1247,'Tianhe'),(440111,'白云区',440100,'白云区',3,'020','510405','白云区',113.273,23.1579,'Baiyun'),(440112,'黄埔区',440100,'黄埔区',3,'020','510700','黄埔区',113.459,23.1064,'Huangpu'),(440113,'番禺区',440100,'番禺区',3,'020','511400','番禺区',113.384,22.936,'Panyu'),(440114,'花都区',440100,'花都区',3,'020','510800','花都区',113.22,23.4036,'Huadu'),(440115,'南沙区',440100,'南沙区',3,'020','511458','南沙区',113.608,22.7714,'Nansha'),(440117,'从化区',440100,'从化区',3,'020','510900','从化区',113.587,23.5453,'Conghua'),(440118,'增城区',440100,'增城区',3,'020','511300','增城区',113.83,23.2905,'Zengcheng'),(440200,'韶关市',440000,'韶关市',2,'0751','512002','韶关市',113.592,24.8013,'Shaoguan'),(440203,'武江区',440200,'武江区',3,'0751','512026','武江区',113.588,24.7926,'Wujiang'),(440204,'浈江区',440200,'浈江区',3,'0751','512023','浈江区',113.611,24.8044,'Zhenjiang'),(440205,'曲江区',440200,'曲江区',3,'0751','512101','曲江区',113.602,24.6791,'Qujiang'),(440222,'始兴县',440200,'始兴县',3,'0751','512500','始兴县',114.068,24.9476,'Shixing'),(440224,'仁化县',440200,'仁化县',3,'0751','512300','仁化县',113.747,25.0874,'Renhua'),(440229,'翁源县',440200,'翁源县',3,'0751','512600','翁源县',114.134,24.3495,'Wengyuan'),(440232,'乳源瑶族自治县',440200,'乳源瑶族自治县',3,'0751','512700','乳源瑶族自治县',113.277,24.778,'Ruyuan'),(440233,'新丰县',440200,'新丰县',3,'0751','511100','新丰县',114.208,24.0592,'Xinfeng'),(440281,'乐昌市',440200,'乐昌市',3,'0751','512200','乐昌市',113.357,25.128,'Lechang'),(440282,'南雄市',440200,'南雄市',3,'0751','512400','南雄市',114.31,25.1171,'Nanxiong'),(440300,'深圳市',440000,'深圳市',2,'0755','518035','深圳市',114.086,22.547,'Shenzhen'),(440303,'罗湖区',440300,'罗湖区',3,'0755','518021','罗湖区',114.131,22.5484,'Luohu'),(440304,'福田区',440300,'福田区',3,'0755','518048','福田区',114.056,22.5224,'Futian'),(440305,'南山区',440300,'南山区',3,'0755','518051','南山区',113.93,22.5329,'Nanshan'),(440306,'宝安区',440300,'宝安区',3,'0755','518101','宝安区',113.883,22.5537,'Bao\'an'),(440307,'龙岗区',440300,'龙岗区',3,'0755','518172','龙岗区',114.248,22.7199,'Longgang'),(440308,'盐田区',440300,'盐田区',3,'0755','518081','盐田区',114.237,22.5578,'Yantian'),(440309,'光明新区',440300,'光明新区',3,'0755','518100','光明新区',113.896,22.7773,'Guangmingxinqu'),(440310,'坪山新区',440300,'坪山新区',3,'0755','518000','坪山新区',114.346,22.6905,'Pingshanxinqu'),(440311,'大鹏新区',440300,'大鹏新区',3,'0755','518000','大鹏新区',114.48,22.5879,'Dapengxinqu'),(440312,'龙华新区',440300,'龙华新区',3,'0755','518100','龙华新区',114.037,22.687,'Longhuaxinqu'),(440400,'珠海市',440000,'珠海市',2,'0756','519000','珠海市',113.553,22.2559,'Zhuhai'),(440402,'香洲区',440400,'香洲区',3,'0756','519000','香洲区',113.544,22.2665,'Xiangzhou'),(440403,'斗门区',440400,'斗门区',3,'0756','519110','斗门区',113.296,22.209,'Doumen'),(440404,'金湾区',440400,'金湾区',3,'0756','519040','金湾区',113.364,22.1469,'Jinwan'),(440500,'汕头市',440000,'汕头市',2,'0754','515041','汕头市',116.708,23.371,'Shantou'),(440507,'龙湖区',440500,'龙湖区',3,'0754','515041','龙湖区',116.716,23.3717,'Longhu'),(440511,'金平区',440500,'金平区',3,'0754','515041','金平区',116.704,23.3664,'Jinping'),(440512,'濠江区',440500,'濠江区',3,'0754','515071','濠江区',116.727,23.2859,'Haojiang'),(440513,'潮阳区',440500,'潮阳区',3,'0754','515100','潮阳区',116.602,23.2649,'Chaoyang'),(440514,'潮南区',440500,'潮南区',3,'0754','515144','潮南区',116.432,23.25,'Chaonan'),(440515,'澄海区',440500,'澄海区',3,'0754','515800','澄海区',116.756,23.4673,'Chenghai'),(440523,'南澳县',440500,'南澳县',3,'0754','515900','南澳县',117.019,23.4223,'Nanao'),(440600,'佛山市',440000,'佛山市',2,'0757','528000','佛山市',113.123,23.0288,'Foshan'),(440604,'禅城区',440600,'禅城区',3,'0757','528000','禅城区',113.123,23.0084,'Chancheng'),(440605,'南海区',440600,'南海区',3,'0757','528251','南海区',113.143,23.0288,'Nanhai'),(440606,'顺德区',440600,'顺德区',3,'0757','528300','顺德区',113.294,22.8045,'Shunde'),(440607,'三水区',440600,'三水区',3,'0757','528133','三水区',112.897,23.1556,'Sanshui'),(440608,'高明区',440600,'高明区',3,'0757','528500','高明区',112.893,22.9002,'Gaoming'),(440700,'江门市',440000,'江门市',2,'0750','529000','江门市',113.095,22.5904,'Jiangmen'),(440703,'蓬江区',440700,'蓬江区',3,'0750','529000','蓬江区',113.078,22.5951,'Pengjiang'),(440704,'江海区',440700,'江海区',3,'0750','529040','江海区',113.111,22.5602,'Jianghai'),(440705,'新会区',440700,'新会区',3,'0750','529100','新会区',113.032,22.4588,'Xinhui'),(440781,'台山市',440700,'台山市',3,'0750','529200','台山市',112.794,22.2515,'Taishan'),(440783,'开平市',440700,'开平市',3,'0750','529337','开平市',112.698,22.3762,'Kaiping'),(440784,'鹤山市',440700,'鹤山市',3,'0750','529700','鹤山市',112.964,22.7652,'Heshan'),(440785,'恩平市',440700,'恩平市',3,'0750','529400','恩平市',112.305,22.1829,'Enping'),(440800,'湛江市',440000,'湛江市',2,'0759','524047','湛江市',110.406,21.1953,'Zhanjiang'),(440802,'赤坎区',440800,'赤坎区',3,'0759','524033','赤坎区',110.366,21.2661,'Chikan'),(440803,'霞山区',440800,'霞山区',3,'0759','524011','霞山区',110.398,21.1918,'Xiashan'),(440804,'坡头区',440800,'坡头区',3,'0759','524057','坡头区',110.455,21.2447,'Potou'),(440811,'麻章区',440800,'麻章区',3,'0759','524094','麻章区',110.334,21.2633,'Mazhang'),(440823,'遂溪县',440800,'遂溪县',3,'0759','524300','遂溪县',110.25,21.3772,'Suixi'),(440825,'徐闻县',440800,'徐闻县',3,'0759','524100','徐闻县',110.174,20.3281,'Xuwen'),(440881,'廉江市',440800,'廉江市',3,'0759','524400','廉江市',110.284,21.6092,'Lianjiang'),(440882,'雷州市',440800,'雷州市',3,'0759','524200','雷州市',110.101,20.9143,'Leizhou'),(440883,'吴川市',440800,'吴川市',3,'0759','524500','吴川市',110.777,21.4458,'Wuchuan'),(440900,'茂名市',440000,'茂名市',2,'0668','525000','茂名市',110.919,21.6598,'Maoming'),(440902,'茂南区',440900,'茂南区',3,'0668','525000','茂南区',110.919,21.641,'Maonan'),(440904,'电白区',440900,'电白区',3,'0668','525400','电白区',111.007,21.5072,'Dianbai'),(440981,'高州市',440900,'高州市',3,'0668','525200','高州市',110.855,21.9206,'Gaozhou'),(440982,'化州市',440900,'化州市',3,'0668','525100','化州市',110.639,21.6639,'Huazhou'),(440983,'信宜市',440900,'信宜市',3,'0668','525300','信宜市',110.946,22.3535,'Xinyi'),(441200,'肇庆市',440000,'肇庆市',2,'0758','526040','肇庆市',112.473,23.0515,'Zhaoqing'),(441202,'端州区',441200,'端州区',3,'0758','526060','端州区',112.485,23.0519,'Duanzhou'),(441203,'鼎湖区',441200,'鼎湖区',3,'0758','526070','鼎湖区',112.566,23.1585,'Dinghu'),(441223,'广宁县',441200,'广宁县',3,'0758','526300','广宁县',112.441,23.6346,'Guangning'),(441224,'怀集县',441200,'怀集县',3,'0758','526400','怀集县',112.184,23.9092,'Huaiji'),(441225,'封开县',441200,'封开县',3,'0758','526500','封开县',111.503,23.4357,'Fengkai'),(441226,'德庆县',441200,'德庆县',3,'0758','526600','德庆县',111.786,23.1437,'Deqing'),(441283,'高要市',441200,'高要市',3,'0758','526100','高要市',112.458,23.0258,'Gaoyao'),(441284,'四会市',441200,'四会市',3,'0758','526200','四会市',112.734,23.3269,'Sihui'),(441300,'惠州市',440000,'惠州市',2,'0752','516000','惠州市',114.413,23.0794,'Huizhou'),(441302,'惠城区',441300,'惠城区',3,'0752','516008','惠城区',114.383,23.0838,'Huicheng'),(441303,'惠阳区',441300,'惠阳区',3,'0752','516211','惠阳区',114.456,22.7885,'Huiyang'),(441322,'博罗县',441300,'博罗县',3,'0752','516100','博罗县',114.29,23.1731,'Boluo'),(441323,'惠东县',441300,'惠东县',3,'0752','516300','惠东县',114.72,22.9848,'Huidong'),(441324,'龙门县',441300,'龙门县',3,'0752','516800','龙门县',114.255,23.7276,'Longmen'),(441400,'梅州市',440000,'梅州市',2,'0753','514021','梅州市',116.118,24.2991,'Meizhou'),(441402,'梅江区',441400,'梅江区',3,'0753','514000','梅江区',116.117,24.3106,'Meijiang'),(441403,'梅县区',441400,'梅县区',3,'0753','514787','梅县区',116.098,24.2867,'Meixian'),(441422,'大埔县',441400,'大埔县',3,'0753','514200','大埔县',116.697,24.3533,'Dabu'),(441423,'丰顺县',441400,'丰顺县',3,'0753','514300','丰顺县',116.182,23.7409,'Fengshun'),(441424,'五华县',441400,'五华县',3,'0753','514400','五华县',115.779,23.9242,'Wuhua'),(441426,'平远县',441400,'平远县',3,'0753','514600','平远县',115.896,24.5712,'Pingyuan'),(441427,'蕉岭县',441400,'蕉岭县',3,'0753','514100','蕉岭县',116.171,24.6573,'Jiaoling'),(441481,'兴宁市',441400,'兴宁市',3,'0753','514500','兴宁市',115.731,24.14,'Xingning'),(441500,'汕尾市',440000,'汕尾市',2,'0660','516600','汕尾市',115.364,22.7745,'Shanwei'),(441502,'城区',441500,'城区',3,'0660','516600','城区',115.365,22.7789,'Chengqu'),(441521,'海丰县',441500,'海丰县',3,'0660','516400','海丰县',115.323,22.9665,'Haifeng'),(441523,'陆河县',441500,'陆河县',3,'0660','516700','陆河县',115.656,23.3036,'Luhe'),(441581,'陆丰市',441500,'陆丰市',3,'0660','516500','陆丰市',115.648,22.9433,'Lufeng'),(441600,'河源市',440000,'河源市',2,'0762','517000','河源市',114.698,23.7463,'Heyuan'),(441602,'源城区',441600,'源城区',3,'0762','517000','源城区',114.702,23.7341,'Yuancheng'),(441621,'紫金县',441600,'紫金县',3,'0762','517400','紫金县',115.184,23.6387,'Zijin'),(441622,'龙川县',441600,'龙川县',3,'0762','517300','龙川县',115.26,24.1014,'Longchuan'),(441623,'连平县',441600,'连平县',3,'0762','517100','连平县',114.49,24.3716,'Lianping'),(441624,'和平县',441600,'和平县',3,'0762','517200','和平县',114.938,24.4432,'Heping'),(441625,'东源县',441600,'东源县',3,'0762','517583','东源县',114.746,23.7883,'Dongyuan'),(441700,'阳江市',440000,'阳江市',2,'0662','529500','阳江市',111.975,21.8592,'Yangjiang'),(441702,'江城区',441700,'江城区',3,'0662','529500','江城区',111.955,21.8619,'Jiangcheng'),(441704,'阳东区',441700,'阳东区',3,'0662','529900','阳东区',112.015,21.874,'Yangdong'),(441721,'阳西县',441700,'阳西县',3,'0662','529800','阳西县',111.618,21.7523,'Yangxi'),(441781,'阳春市',441700,'阳春市',3,'0662','529600','阳春市',111.789,22.1723,'Yangchun'),(441800,'清远市',440000,'清远市',2,'0763','511500','清远市',113.037,23.7042,'Qingyuan'),(441802,'清城区',441800,'清城区',3,'0763','511515','清城区',113.063,23.6978,'Qingcheng'),(441803,'清新区',441800,'清新区',3,'0763','511810','清新区',113.015,23.7369,'Qingxin'),(441821,'佛冈县',441800,'佛冈县',3,'0763','511600','佛冈县',113.533,23.8723,'Fogang'),(441823,'阳山县',441800,'阳山县',3,'0763','513100','阳山县',112.641,24.4652,'Yangshan'),(441825,'连山壮族瑶族自治县',441800,'连山壮族瑶族自治县',3,'0763','513200','连山壮族瑶族自治县',112.08,24.5681,'Lianshan'),(441826,'连南瑶族自治县',441800,'连南瑶族自治县',3,'0763','513300','连南瑶族自治县',112.288,24.7173,'Liannan'),(441881,'英德市',441800,'英德市',3,'0763','513000','英德市',113.415,24.1857,'Yingde'),(441882,'连州市',441800,'连州市',3,'0763','513400','连州市',112.382,24.7791,'Lianzhou'),(441900,'东莞市',440000,'东莞市',2,'0769','523888','东莞市',113.76,23.0489,'Dongguan'),(441901,'莞城区',441900,'莞城区',3,'0769','523128','莞城区',113.751,23.0534,'Guancheng'),(441902,'南城区',441900,'南城区',3,'0769','523617','南城区',113.752,23.0202,'Nancheng'),(441904,'万江区',441900,'万江区',3,'0769','523039','万江区',113.739,23.0438,'Wanjiang'),(441905,'石碣镇',441900,'石碣镇',3,'0769','523290','石碣镇',113.802,23.099,'Shijie'),(441906,'石龙镇',441900,'石龙镇',3,'0769','523326','石龙镇',113.876,23.1074,'Shilong'),(441907,'茶山镇',441900,'茶山镇',3,'0769','523380','茶山镇',113.884,23.0624,'Chashan'),(441908,'石排镇',441900,'石排镇',3,'0769','523346','石排镇',113.92,23.0863,'Shipai'),(441909,'企石镇',441900,'企石镇',3,'0769','523507','企石镇',114.013,23.066,'Qishi'),(441910,'横沥镇',441900,'横沥镇',3,'0769','523471','横沥镇',113.957,23.0257,'Hengli'),(441911,'桥头镇',441900,'桥头镇',3,'0769','523520','桥头镇',114.014,22.9397,'Qiaotou'),(441912,'谢岗镇',441900,'谢岗镇',3,'0769','523592','谢岗镇',114.141,22.9597,'Xiegang'),(441913,'东坑镇',441900,'东坑镇',3,'0769','523451','东坑镇',113.94,22.9928,'Dongkeng'),(441914,'常平镇',441900,'常平镇',3,'0769','523560','常平镇',114.03,23.0161,'Changping'),(441915,'寮步镇',441900,'寮步镇',3,'0769','523411','寮步镇',113.885,22.9917,'Liaobu'),(441916,'大朗镇',441900,'大朗镇',3,'0769','523770','大朗镇',113.927,22.9657,'Dalang'),(441917,'麻涌镇',441900,'麻涌镇',3,'0769','523143','麻涌镇',113.546,23.0453,'Machong'),(441918,'中堂镇',441900,'中堂镇',3,'0769','523233','中堂镇',113.654,23.0902,'Zhongtang'),(441919,'高埗镇',441900,'高埗镇',3,'0769','523282','高埗镇',113.736,23.0684,'Gaobu'),(441920,'樟木头镇',441900,'樟木头镇',3,'0769','523619','樟木头镇',114.066,22.9567,'Zhangmutou'),(441921,'大岭山镇',441900,'大岭山镇',3,'0769','523835','大岭山镇',113.783,22.8854,'Dalingshan'),(441922,'望牛墩镇',441900,'望牛墩镇',3,'0769','523203','望牛墩镇',113.659,23.055,'Wangniudun'),(441923,'黄江镇',441900,'黄江镇',3,'0769','523755','黄江镇',113.993,22.8775,'Huangjiang'),(441924,'洪梅镇',441900,'洪梅镇',3,'0769','523163','洪梅镇',113.613,22.9927,'Hongmei'),(441925,'清溪镇',441900,'清溪镇',3,'0769','523660','清溪镇',114.156,22.8445,'Qingxi'),(441926,'沙田镇',441900,'沙田镇',3,'0769','523988','沙田镇',113.76,23.0489,'Shatian'),(441927,'道滘镇',441900,'道滘镇',3,'0769','523171','道滘镇',113.76,23.0489,'Daojiao'),(441928,'塘厦镇',441900,'塘厦镇',3,'0769','523713','塘厦镇',114.108,22.8229,'Tangxia'),(441929,'虎门镇',441900,'虎门镇',3,'0769','523932','虎门镇',113.711,22.8262,'Humen'),(441930,'厚街镇',441900,'厚街镇',3,'0769','523960','厚街镇',113.673,22.9408,'Houjie'),(441931,'凤岗镇',441900,'凤岗镇',3,'0769','523690','凤岗镇',114.141,22.7446,'Fenggang'),(441932,'长安镇',441900,'长安镇',3,'0769','523850','长安镇',113.804,22.8166,'Chang\'an'),(442000,'中山市',440000,'中山市',2,'0760','528403','中山市',113.382,22.5211,'Zhongshan'),(442001,'石岐区',442000,'石岐区',3,'0760','528400','石岐区',113.379,22.5252,'Shiqi'),(442004,'南区',442000,'南区',3,'0760','528400','南区',113.356,22.4866,'Nanqu'),(442005,'五桂山区',442000,'五桂山区',3,'0760','528458','五桂山区',113.411,22.5197,'Wuguishan'),(442006,'火炬开发区',442000,'火炬开发区',3,'0760','528437','火炬开发区',113.481,22.5661,'Huoju'),(442007,'黄圃镇',442000,'黄圃镇',3,'0760','528429','黄圃镇',113.342,22.7151,'Huangpu'),(442008,'南头镇',442000,'南头镇',3,'0760','528421','南头镇',113.296,22.7139,'Nantou'),(442009,'东凤镇',442000,'东凤镇',3,'0760','528425','东凤镇',113.261,22.6877,'Dongfeng'),(442010,'阜沙镇',442000,'阜沙镇',3,'0760','528434','阜沙镇',113.353,22.6664,'Fusha'),(442011,'小榄镇',442000,'小榄镇',3,'0760','528415','小榄镇',113.244,22.667,'Xiaolan'),(442012,'东升镇',442000,'东升镇',3,'0760','528400','东升镇',113.296,22.614,'Dongsheng'),(442013,'古镇镇',442000,'古镇镇',3,'0760','528422','古镇镇',113.18,22.611,'Guzhen'),(442014,'横栏镇',442000,'横栏镇',3,'0760','528478','横栏镇',113.266,22.5232,'Henglan'),(442015,'三角镇',442000,'三角镇',3,'0760','528422','三角镇',113.424,22.677,'Sanjiao'),(442016,'民众镇',442000,'民众镇',3,'0760','528441','民众镇',113.486,22.6235,'Minzhong'),(442017,'南朗镇',442000,'南朗镇',3,'0760','528454','南朗镇',113.534,22.4924,'Nanlang'),(442018,'港口镇',442000,'港口镇',3,'0760','528447','港口镇',113.382,22.5211,'Gangkou'),(442019,'大涌镇',442000,'大涌镇',3,'0760','528476','大涌镇',113.292,22.4677,'Dayong'),(442020,'沙溪镇',442000,'沙溪镇',3,'0760','528471','沙溪镇',113.328,22.5263,'Shaxi'),(442021,'三乡镇',442000,'三乡镇',3,'0760','528463','三乡镇',113.433,22.3525,'Sanxiang'),(442022,'板芙镇',442000,'板芙镇',3,'0760','528459','板芙镇',113.32,22.4157,'Banfu'),(442023,'神湾镇',442000,'神湾镇',3,'0760','528462','神湾镇',113.359,22.3125,'Shenwan'),(442024,'坦洲镇',442000,'坦洲镇',3,'0760','528467','坦洲镇',113.486,22.2613,'Tanzhou'),(445100,'潮州市',440000,'潮州市',2,'0768','521000','潮州市',116.632,23.6617,'Chaozhou'),(445102,'湘桥区',445100,'湘桥区',3,'0768','521000','湘桥区',116.628,23.6745,'Xiangqiao'),(445103,'潮安区',445100,'潮安区',3,'0768','515638','潮安区',116.593,23.6437,'Chao\'an'),(445122,'饶平县',445100,'饶平县',3,'0768','515700','饶平县',117.007,23.6699,'Raoping'),(445200,'揭阳市',440000,'揭阳市',2,'0633','522000','揭阳市',116.356,23.5438,'Jieyang'),(445202,'榕城区',445200,'榕城区',3,'0633','522000','榕城区',116.367,23.5251,'Rongcheng'),(445203,'揭东区',445200,'揭东区',3,'0633','515500','揭东区',116.413,23.5699,'Jiedong'),(445222,'揭西县',445200,'揭西县',3,'0633','515400','揭西县',115.839,23.4271,'Jiexi'),(445224,'惠来县',445200,'惠来县',3,'0633','515200','惠来县',116.296,23.0329,'Huilai'),(445281,'普宁市',445200,'普宁市',3,'0633','515300','普宁市',116.166,23.2973,'Puning'),(445300,'云浮市',440000,'云浮市',2,'0766','527300','云浮市',112.044,22.9298,'Yunfu'),(445302,'云城区',445300,'云城区',3,'0766','527300','云城区',112.039,22.93,'Yuncheng'),(445303,'云安区',445300,'云安区',3,'0766','527500','云安区',112.009,23.0778,'Yun\'an'),(445321,'新兴县',445300,'新兴县',3,'0766','527400','新兴县',112.23,22.6973,'Xinxing'),(445322,'郁南县',445300,'郁南县',3,'0766','527100','郁南县',111.534,23.2331,'Yunan'),(445381,'罗定市',445300,'罗定市',3,'0766','527200','罗定市',111.57,22.7697,'Luoding'),(450000,'广西壮族自治区',100000,'广西壮族自治区',1,'','','广西壮族自治区',108.32,22.824,'Guangxi'),(450100,'南宁市',450000,'南宁市',2,'0771','530028','南宁市',108.32,22.824,'Nanning'),(450102,'兴宁区',450100,'兴宁区',3,'0771','530023','兴宁区',108.367,22.8535,'Xingning'),(450103,'青秀区',450100,'青秀区',3,'0771','530213','青秀区',108.495,22.7851,'Qingxiu'),(450105,'江南区',450100,'江南区',3,'0771','530031','江南区',108.273,22.7813,'Jiangnan'),(450107,'西乡塘区',450100,'西乡塘区',3,'0771','530001','西乡塘区',108.313,22.8339,'Xixiangtang'),(450108,'良庆区',450100,'良庆区',3,'0771','530219','良庆区',108.413,22.7491,'Liangqing'),(450109,'邕宁区',450100,'邕宁区',3,'0771','530200','邕宁区',108.487,22.7563,'Yongning'),(450122,'武鸣县',450100,'武鸣县',3,'0771','530100','武鸣县',108.277,23.1564,'Wuming'),(450123,'隆安县',450100,'隆安县',3,'0771','532700','隆安县',107.692,23.1734,'Long\'an'),(450124,'马山县',450100,'马山县',3,'0771','530600','马山县',108.177,23.7093,'Mashan'),(450125,'上林县',450100,'上林县',3,'0771','530500','上林县',108.605,23.432,'Shanglin'),(450126,'宾阳县',450100,'宾阳县',3,'0771','530400','宾阳县',108.812,23.2196,'Binyang'),(450127,'横县',450100,'横县',3,'0771','530300','横县',109.266,22.6845,'Hengxian'),(450128,'埌东新区',450100,'埌东新区',3,'0771','530000','埌东新区',108.419,22.813,'Langdong'),(450200,'柳州市',450000,'柳州市',2,'0772','545001','柳州市',109.412,24.3146,'Liuzhou'),(450202,'城中区',450200,'城中区',3,'0772','545001','城中区',109.411,24.3154,'Chengzhong'),(450203,'鱼峰区',450200,'鱼峰区',3,'0772','545005','鱼峰区',109.453,24.3187,'Yufeng'),(450204,'柳南区',450200,'柳南区',3,'0772','545007','柳南区',109.385,24.336,'Liunan'),(450205,'柳北区',450200,'柳北区',3,'0772','545002','柳北区',109.402,24.3627,'Liubei'),(450221,'柳江县',450200,'柳江县',3,'0772','545100','柳江县',109.333,24.256,'Liujiang'),(450222,'柳城县',450200,'柳城县',3,'0772','545200','柳城县',109.239,24.6495,'Liucheng'),(450223,'鹿寨县',450200,'鹿寨县',3,'0772','545600','鹿寨县',109.752,24.4731,'Luzhai'),(450224,'融安县',450200,'融安县',3,'0772','545400','融安县',109.398,25.2246,'Rong\'an'),(450225,'融水苗族自治县',450200,'融水苗族自治县',3,'0772','545300','融水苗族自治县',109.256,25.0663,'Rongshui'),(450226,'三江侗族自治县',450200,'三江侗族自治县',3,'0772','545500','三江侗族自治县',109.604,25.7843,'Sanjiang'),(450227,'柳东新区',450200,'柳东新区',3,'0772','545000','柳东新区',109.437,24.3292,'Liudong'),(450300,'桂林市',450000,'桂林市',2,'0773','541100','桂林市',110.299,25.2742,'Guilin'),(450302,'秀峰区',450300,'秀峰区',3,'0773','541001','秀峰区',110.289,25.2825,'Xiufeng'),(450303,'叠彩区',450300,'叠彩区',3,'0773','541001','叠彩区',110.302,25.3138,'Diecai'),(450304,'象山区',450300,'象山区',3,'0773','541002','象山区',110.281,25.2617,'Xiangshan'),(450305,'七星区',450300,'七星区',3,'0773','541004','七星区',110.318,25.2525,'Qixing'),(450311,'雁山区',450300,'雁山区',3,'0773','541006','雁山区',110.309,25.0604,'Yanshan'),(450312,'临桂区',450300,'临桂区',3,'0773','541100','临桂区',110.205,25.2463,'Lingui'),(450321,'阳朔县',450300,'阳朔县',3,'0773','541900','阳朔县',110.495,24.7758,'Yangshuo'),(450323,'灵川县',450300,'灵川县',3,'0773','541200','灵川县',110.329,25.4129,'Lingchuan'),(450324,'全州县',450300,'全州县',3,'0773','541503','全州县',111.072,25.928,'Quanzhou'),(450325,'兴安县',450300,'兴安县',3,'0773','541300','兴安县',110.671,25.6117,'Xing\'an'),(450326,'永福县',450300,'永福县',3,'0773','541800','永福县',109.983,24.98,'Yongfu'),(450327,'灌阳县',450300,'灌阳县',3,'0773','541600','灌阳县',111.16,25.488,'Guanyang'),(450328,'龙胜各族自治县',450300,'龙胜各族自治县',3,'0773','541700','龙胜各族自治县',110.012,25.7961,'Longsheng'),(450329,'资源县',450300,'资源县',3,'0773','541400','资源县',110.653,26.0424,'Ziyuan'),(450330,'平乐县',450300,'平乐县',3,'0773','542400','平乐县',110.642,24.6324,'Pingle'),(450331,'荔浦县',450300,'荔浦县',3,'0773','546600','荔浦县',110.397,24.4959,'Lipu'),(450332,'恭城瑶族自治县',450300,'恭城瑶族自治县',3,'0773','542500','恭城瑶族自治县',110.83,24.8329,'Gongcheng'),(450400,'梧州市',450000,'梧州市',2,'0774','543002','梧州市',111.316,23.4723,'Wuzhou'),(450403,'万秀区',450400,'万秀区',3,'0774','543000','万秀区',111.321,23.473,'Wanxiu'),(450405,'长洲区',450400,'长洲区',3,'0774','543003','长洲区',111.275,23.4857,'Changzhou'),(450406,'龙圩区',450400,'龙圩区',3,'0774','543002','龙圩区',111.316,23.4723,'Longxu'),(450421,'苍梧县',450400,'苍梧县',3,'0774','543100','苍梧县',111.245,23.4205,'Cangwu'),(450422,'藤县',450400,'藤县',3,'0774','543300','藤县',110.914,23.3761,'Tengxian'),(450423,'蒙山县',450400,'蒙山县',3,'0774','546700','蒙山县',110.522,24.2017,'Mengshan'),(450481,'岑溪市',450400,'岑溪市',3,'0774','543200','岑溪市',110.996,22.9191,'Cenxi'),(450500,'北海市',450000,'北海市',2,'0779','536000','北海市',109.119,21.4733,'Beihai'),(450502,'海城区',450500,'海城区',3,'0779','536000','海城区',109.117,21.475,'Haicheng'),(450503,'银海区',450500,'银海区',3,'0779','536000','银海区',109.13,21.4783,'Yinhai'),(450512,'铁山港区',450500,'铁山港区',3,'0779','536017','铁山港区',109.456,21.5966,'Tieshangang'),(450521,'合浦县',450500,'合浦县',3,'0779','536100','合浦县',109.201,21.666,'Hepu'),(450600,'防城港市',450000,'防城港市',2,'0770','538001','防城港市',108.345,21.6146,'Fangchenggang'),(450602,'港口区',450600,'港口区',3,'0770','538001','港口区',108.38,21.6434,'Gangkou'),(450603,'防城区',450600,'防城区',3,'0770','538021','防城区',108.357,21.7646,'Fangcheng'),(450621,'上思县',450600,'上思县',3,'0770','535500','上思县',107.982,22.1496,'Shangsi'),(450681,'东兴市',450600,'东兴市',3,'0770','538100','东兴市',107.972,21.5471,'Dongxing'),(450700,'钦州市',450000,'钦州市',2,'0777','535099','钦州市',108.624,21.9671,'Qinzhou'),(450702,'钦南区',450700,'钦南区',3,'0777','535099','钦南区',108.618,21.9514,'Qinnan'),(450703,'钦北区',450700,'钦北区',3,'0777','535099','钦北区',108.63,21.9513,'Qinbei'),(450721,'灵山县',450700,'灵山县',3,'0777','535099','灵山县',109.292,22.4165,'Lingshan'),(450722,'浦北县',450700,'浦北县',3,'0777','535099','浦北县',109.556,22.2689,'Pubei'),(450800,'贵港市',450000,'贵港市',2,'0775','537100','贵港市',109.602,23.0936,'Guigang'),(450802,'港北区',450800,'港北区',3,'0775','537100','港北区',109.572,23.1115,'Gangbei'),(450803,'港南区',450800,'港南区',3,'0775','537100','港南区',109.606,23.0723,'Gangnan'),(450804,'覃塘区',450800,'覃塘区',3,'0775','537121','覃塘区',109.443,23.1268,'Qintang'),(450821,'平南县',450800,'平南县',3,'0775','537300','平南县',110.391,23.542,'Pingnan'),(450881,'桂平市',450800,'桂平市',3,'0775','537200','桂平市',110.081,23.3934,'Guiping'),(450900,'玉林市',450000,'玉林市',2,'0775','537000','玉林市',110.154,22.6314,'Yulin'),(450902,'玉州区',450900,'玉州区',3,'0775','537000','玉州区',110.151,22.6281,'Yuzhou'),(450903,'福绵区',450900,'福绵区',3,'0775','537023','福绵区',110.065,22.5831,'Fumian'),(450904,'玉东新区',450900,'玉东新区',3,'0775','537000','玉东新区',110.154,22.6314,'Yudong'),(450921,'容县',450900,'容县',3,'0775','537500','容县',110.556,22.857,'Rongxian'),(450922,'陆川县',450900,'陆川县',3,'0775','537700','陆川县',110.264,22.3245,'Luchuan'),(450923,'博白县',450900,'博白县',3,'0775','537600','博白县',109.977,22.2729,'Bobai'),(450924,'兴业县',450900,'兴业县',3,'0775','537800','兴业县',109.876,22.7424,'Xingye'),(450981,'北流市',450900,'北流市',3,'0775','537400','北流市',110.353,22.7082,'Beiliu'),(451000,'百色市',450000,'百色市',2,'0776','533000','百色市',106.616,23.8977,'Baise'),(451002,'右江区',451000,'右江区',3,'0776','533000','右江区',106.618,23.9009,'Youjiang'),(451021,'田阳县',451000,'田阳县',3,'0776','533600','田阳县',106.916,23.7353,'Tianyang'),(451022,'田东县',451000,'田东县',3,'0776','531500','田东县',107.124,23.6,'Tiandong'),(451023,'平果县',451000,'平果县',3,'0776','531400','平果县',107.59,23.3297,'Pingguo'),(451024,'德保县',451000,'德保县',3,'0776','533700','德保县',106.619,23.3251,'Debao'),(451025,'靖西县',451000,'靖西县',3,'0776','533800','靖西县',106.418,23.1343,'Jingxi'),(451026,'那坡县',451000,'那坡县',3,'0776','533900','那坡县',105.842,23.4065,'Napo'),(451027,'凌云县',451000,'凌云县',3,'0776','533100','凌云县',106.562,24.3475,'Lingyun'),(451028,'乐业县',451000,'乐业县',3,'0776','533200','乐业县',106.561,24.7829,'Leye'),(451029,'田林县',451000,'田林县',3,'0776','533300','田林县',106.229,24.2921,'Tianlin'),(451030,'西林县',451000,'西林县',3,'0776','533500','西林县',105.097,24.4897,'Xilin'),(451031,'隆林各族自治县',451000,'隆林各族自治县',3,'0776','533400','隆林各族自治县',105.343,24.7704,'Longlin'),(451100,'贺州市',450000,'贺州市',2,'0774','542800','贺州市',111.552,24.4141,'Hezhou'),(451102,'八步区',451100,'八步区',3,'0774','542800','八步区',111.552,24.4118,'Babu'),(451121,'昭平县',451100,'昭平县',3,'0774','546800','昭平县',110.811,24.1701,'Zhaoping'),(451122,'钟山县',451100,'钟山县',3,'0774','542600','钟山县',111.305,24.5248,'Zhongshan'),(451123,'富川瑶族自治县',451100,'富川瑶族自治县',3,'0774','542700','富川瑶族自治县',111.278,24.8143,'Fuchuan'),(451124,'平桂管理区',451100,'平桂管理区',3,'0774','542800','平桂管理区',111.486,24.458,'Pingui'),(451200,'河池市',450000,'河池市',2,'0778','547000','河池市',108.062,24.6959,'Hechi'),(451202,'金城江区',451200,'金城江区',3,'0779','547000','金城江区',108.037,24.6897,'Jinchengjiang'),(451221,'南丹县',451200,'南丹县',3,'0781','547200','南丹县',107.546,24.9776,'Nandan'),(451222,'天峨县',451200,'天峨县',3,'0782','547300','天峨县',107.172,24.9959,'Tiane'),(451223,'凤山县',451200,'凤山县',3,'0783','547600','凤山县',107.049,24.5422,'Fengshan'),(451224,'东兰县',451200,'东兰县',3,'0784','547400','东兰县',107.375,24.5105,'Donglan'),(451225,'罗城仫佬族自治县',451200,'罗城仫佬族自治县',3,'0785','546400','罗城仫佬族自治县',108.908,24.7792,'Luocheng'),(451226,'环江毛南族自治县',451200,'环江毛南族自治县',3,'0786','547100','环江毛南族自治县',108.261,24.8292,'Huanjiang'),(451227,'巴马瑶族自治县',451200,'巴马瑶族自治县',3,'0787','547500','巴马瑶族自治县',107.253,24.1413,'Bama'),(451228,'都安瑶族自治县',451200,'都安瑶族自治县',3,'0788','530700','都安瑶族自治县',108.101,23.9324,'Du\'an'),(451229,'大化瑶族自治县',451200,'大化瑶族自治县',3,'0789','530800','大化瑶族自治县',107.998,23.7449,'Dahua'),(451281,'宜州市',451200,'宜州市',3,'0780','546300','宜州市',108.653,24.4939,'Yizhou'),(451300,'来宾市',450000,'来宾市',2,'0772','546100','来宾市',109.23,23.7338,'Laibin'),(451302,'兴宾区',451300,'兴宾区',3,'0772','546100','兴宾区',109.235,23.7273,'Xingbin'),(451321,'忻城县',451300,'忻城县',3,'0772','546200','忻城县',108.664,24.0686,'Xincheng'),(451322,'象州县',451300,'象州县',3,'0772','545800','象州县',109.699,23.9736,'Xiangzhou'),(451323,'武宣县',451300,'武宣县',3,'0772','545900','武宣县',109.663,23.5947,'Wuxuan'),(451324,'金秀瑶族自治县',451300,'金秀瑶族自治县',3,'0772','545799','金秀瑶族自治县',110.191,24.1293,'Jinxiu'),(451381,'合山市',451300,'合山市',3,'0772','546500','合山市',108.886,23.8062,'Heshan'),(451400,'崇左市',450000,'崇左市',2,'0771','532299','崇左市',107.354,22.4041,'Chongzuo'),(451402,'江州区',451400,'江州区',3,'0771','532299','江州区',107.347,22.4114,'Jiangzhou'),(451421,'扶绥县',451400,'扶绥县',3,'0771','532199','扶绥县',107.904,22.6341,'Fusui'),(451422,'宁明县',451400,'宁明县',3,'0771','532599','宁明县',107.073,22.1366,'Ningming'),(451423,'龙州县',451400,'龙州县',3,'0771','532499','龙州县',106.854,22.3394,'Longzhou'),(451424,'大新县',451400,'大新县',3,'0771','532399','大新县',107.198,22.8341,'Daxin'),(451425,'天等县',451400,'天等县',3,'0771','532899','天等县',107.14,23.077,'Tiandeng'),(451481,'凭祥市',451400,'凭祥市',3,'0771','532699','凭祥市',106.755,22.1057,'Pingxiang'),(460000,'海南省',100000,'海南省',1,'','','海南省',110.331,20.032,'Hainan'),(460100,'海口市',460000,'海口市',2,'0898','570000','海口市',110.331,20.032,'Haikou'),(460105,'秀英区',460100,'秀英区',3,'0898','570311','秀英区',110.293,20.0075,'Xiuying'),(460106,'龙华区',460100,'龙华区',3,'0898','570145','龙华区',110.302,20.0287,'Longhua'),(460107,'琼山区',460100,'琼山区',3,'0898','571100','琼山区',110.354,20.0032,'Qiongshan'),(460108,'美兰区',460100,'美兰区',3,'0898','570203','美兰区',110.369,20.0286,'Meilan'),(460200,'三亚市',460000,'三亚市',2,'0898','572000','三亚市',109.508,18.2479,'Sanya'),(460202,'海棠区',460200,'海棠区',3,'0898','572000','海棠区',109.508,18.2479,'Haitang'),(460203,'吉阳区',460200,'吉阳区',3,'0898','572000','吉阳区',109.508,18.2479,'Jiyang'),(460204,'天涯区',460200,'天涯区',3,'0898','572000','天涯区',109.508,18.2479,'Tianya'),(460205,'崖州区',460200,'崖州区',3,'0898','572000','崖州区',109.508,18.2479,'Yazhou'),(460300,'三沙市',460000,'三沙市',2,'0898','573199','三沙市',112.349,16.831,'Sansha'),(460321,'西沙群岛',460300,'西沙群岛',3,'0898','572000','西沙群岛',112.026,16.3313,'Xisha Islands'),(460322,'南沙群岛',460300,'南沙群岛',3,'0898','573100','南沙群岛',116.75,11.4719,'Nansha Islands'),(460323,'中沙群岛',460300,'中沙群岛',3,'0898','573100','中沙群岛',117.74,15.1129,'Zhongsha Islands'),(469000,'直辖县级',460000,'直辖县级',2,'','','直辖县级',109.503,18.7399,''),(469001,'五指山市',469000,'五指山市',3,'0898','572200','五指山市',109.517,18.7769,'Wuzhishan'),(469002,'琼海市',469000,'琼海市',3,'0898','571400','琼海市',110.467,19.246,'Qionghai'),(469003,'儋州市',469000,'儋州市',3,'0898','571700','儋州市',109.577,19.5175,'Danzhou'),(469005,'文昌市',469000,'文昌市',3,'0898','571339','文昌市',110.754,19.613,'Wenchang'),(469006,'万宁市',469000,'万宁市',3,'0898','571500','万宁市',110.389,18.7962,'Wanning'),(469007,'东方市',469000,'东方市',3,'0898','572600','东方市',108.654,19.102,'Dongfang'),(469021,'定安县',469000,'定安县',3,'0898','571200','定安县',110.324,19.6992,'Ding\'an'),(469022,'屯昌县',469000,'屯昌县',3,'0898','571600','屯昌县',110.103,19.3629,'Tunchang'),(469023,'澄迈县',469000,'澄迈县',3,'0898','571900','澄迈县',110.007,19.7371,'Chengmai'),(469024,'临高县',469000,'临高县',3,'0898','571800','临高县',109.688,19.9083,'Lingao'),(469025,'白沙黎族自治县',469000,'白沙黎族自治县',3,'0898','572800','白沙黎族自治县',109.453,19.2246,'Baisha'),(469026,'昌江黎族自治县',469000,'昌江黎族自治县',3,'0898','572700','昌江黎族自治县',109.053,19.261,'Changjiang'),(469027,'乐东黎族自治县',469000,'乐东黎族自治县',3,'0898','572500','乐东黎族自治县',109.175,18.7476,'Ledong'),(469028,'陵水黎族自治县',469000,'陵水黎族自治县',3,'0898','572400','陵水黎族自治县',110.037,18.505,'Lingshui'),(469029,'保亭黎族苗族自治县',469000,'保亭黎族苗族自治县',3,'0898','572300','保亭黎族苗族自治县',109.702,18.6364,'Baoting'),(469030,'琼中黎族苗族自治县',469000,'琼中黎族苗族自治县',3,'0898','572900','琼中黎族苗族自治县',109.84,19.0356,'Qiongzhong'),(500000,'重庆',100000,'重庆',1,'','','重庆',106.505,29.5332,'Chongqing'),(500100,'重庆市',500000,'重庆市',2,'023','400000','重庆市',106.505,29.5332,'Chongqing'),(500101,'万州区',500100,'万州区',3,'023','404000','万州区',108.409,30.8079,'Wanzhou'),(500102,'涪陵区',500100,'涪陵区',3,'023','408000','涪陵区',107.39,29.7029,'Fuling'),(500103,'渝中区',500100,'渝中区',3,'023','400010','渝中区',106.569,29.5528,'Yuzhong'),(500104,'大渡口区',500100,'大渡口区',3,'023','400080','大渡口区',106.483,29.4845,'Dadukou'),(500105,'江北区',500100,'江北区',3,'023','400020','江北区',106.574,29.6066,'Jiangbei'),(500106,'沙坪坝区',500100,'沙坪坝区',3,'023','400030','沙坪坝区',106.458,29.5411,'Shapingba'),(500107,'九龙坡区',500100,'九龙坡区',3,'023','400050','九龙坡区',106.511,29.502,'Jiulongpo'),(500108,'南岸区',500100,'南岸区',3,'023','400064','南岸区',106.563,29.5231,'Nan\'an'),(500109,'北碚区',500100,'北碚区',3,'023','400700','北碚区',106.396,29.8057,'Beibei'),(500110,'綦江区',500100,'綦江区',3,'023','400800','綦江区',106.927,28.9607,'Qijiang'),(500111,'大足区',500100,'大足区',3,'023','400900','大足区',105.768,29.484,'Dazu'),(500112,'渝北区',500100,'渝北区',3,'023','401120','渝北区',106.631,29.7182,'Yubei'),(500113,'巴南区',500100,'巴南区',3,'023','401320','巴南区',106.524,29.3831,'Banan'),(500114,'黔江区',500100,'黔江区',3,'023','409700','黔江区',108.771,29.5332,'Qianjiang'),(500115,'长寿区',500100,'长寿区',3,'023','401220','长寿区',107.082,29.8536,'Changshou'),(500116,'江津区',500100,'江津区',3,'023','402260','江津区',106.259,29.2901,'Jiangjin'),(500117,'合川区',500100,'合川区',3,'023','401520','合川区',106.276,29.9723,'Hechuan'),(500118,'永川区',500100,'永川区',3,'023','402160','永川区',105.927,29.3559,'Yongchuan'),(500119,'南川区',500100,'南川区',3,'023','408400','南川区',107.099,29.1575,'Nanchuan'),(500120,'璧山区',500100,'璧山区',3,'023','402760','璧山区',106.231,29.5936,'Bishan'),(500151,'铜梁区',500100,'铜梁区',3,'023','402560','铜梁区',106.055,29.8399,'Tongliang'),(500223,'潼南县',500100,'潼南县',3,'023','402660','潼南县',105.84,30.1912,'Tongnan'),(500226,'荣昌县',500100,'荣昌县',3,'023','402460','荣昌县',105.594,29.4049,'Rongchang'),(500228,'梁平县',500100,'梁平县',3,'023','405200','梁平县',107.8,30.6754,'Liangping'),(500229,'城口县',500100,'城口县',3,'023','405900','城口县',108.665,31.948,'Chengkou'),(500230,'丰都县',500100,'丰都县',3,'023','408200','丰都县',107.731,29.8635,'Fengdu'),(500231,'垫江县',500100,'垫江县',3,'023','408300','垫江县',107.354,30.3336,'Dianjiang'),(500232,'武隆县',500100,'武隆县',3,'023','408500','武隆县',107.76,29.3255,'Wulong'),(500233,'忠县',500100,'忠县',3,'023','404300','忠县',108.037,30.289,'Zhongxian'),(500234,'开县',500100,'开县',3,'023','405400','开县',108.393,31.1609,'Kaixian'),(500235,'云阳县',500100,'云阳县',3,'023','404500','云阳县',108.697,30.9306,'Yunyang'),(500236,'奉节县',500100,'奉节县',3,'023','404600','奉节县',109.465,31.0182,'Fengjie'),(500237,'巫山县',500100,'巫山县',3,'023','404700','巫山县',109.878,31.0746,'Wushan'),(500238,'巫溪县',500100,'巫溪县',3,'023','405800','巫溪县',109.631,31.3976,'Wuxi'),(500240,'石柱土家族自治县',500100,'石柱土家族自治县',3,'023','409100','石柱土家族自治县',108.114,30.0005,'Shizhu'),(500241,'秀山土家族苗族自治县',500100,'秀山土家族苗族自治县',3,'023','409900','秀山土家族苗族自治县',108.989,28.4506,'Xiushan'),(500242,'酉阳土家族苗族自治县',500100,'酉阳土家族苗族自治县',3,'023','409800','酉阳土家族苗族自治县',108.772,28.8446,'Youyang'),(500243,'彭水苗族土家族自治县',500100,'彭水苗族土家族自治县',3,'023','409600','彭水苗族土家族自治县',108.166,29.2952,'Pengshui'),(500300,'两江新区',500000,'两江新区',2,'023','400000','两江新区',106.463,29.7292,'Liangjiangxinqu'),(500301,'北部新区',500300,'北部新区',3,'023','400000','北部新区',106.489,29.6671,'Beibuxinqu'),(500302,'保税港区',500300,'保税港区',3,'023','400000','保税港区',106.638,29.7163,'Baoshuigangqu'),(500303,'工业园区',500300,'工业园区',3,'023','400000','工业园区',106.626,29.5555,'Gongyeyuanqu'),(510000,'四川省',100000,'四川省',1,'','','四川省',104.066,30.6595,'Sichuan'),(510100,'成都市',510000,'成都市',2,'028','610015','成都市',104.066,30.6595,'Chengdu'),(510104,'锦江区',510100,'锦江区',3,'028','610021','锦江区',104.083,30.6561,'Jinjiang'),(510105,'青羊区',510100,'青羊区',3,'028','610031','青羊区',104.062,30.6739,'Qingyang'),(510106,'金牛区',510100,'金牛区',3,'028','610036','金牛区',104.051,30.6913,'Jinniu'),(510107,'武侯区',510100,'武侯区',3,'028','610041','武侯区',104.043,30.6423,'Wuhou'),(510108,'成华区',510100,'成华区',3,'028','610066','成华区',104.102,30.6599,'Chenghua'),(510112,'龙泉驿区',510100,'龙泉驿区',3,'028','610100','龙泉驿区',104.275,30.5566,'Longquanyi'),(510113,'青白江区',510100,'青白江区',3,'028','610300','青白江区',104.251,30.8784,'Qingbaijiang'),(510114,'新都区',510100,'新都区',3,'028','610500','新都区',104.159,30.8231,'Xindu'),(510115,'温江区',510100,'温江区',3,'028','611130','温江区',103.849,30.6844,'Wenjiang'),(510121,'金堂县',510100,'金堂县',3,'028','610400','金堂县',104.412,30.8619,'Jintang'),(510122,'双流县',510100,'双流县',3,'028','610200','双流县',103.924,30.5744,'Shuangliu'),(510124,'郫县',510100,'郫县',3,'028','611730','郫县',103.887,30.8105,'Pixian'),(510129,'大邑县',510100,'大邑县',3,'028','611330','大邑县',103.521,30.5874,'Dayi'),(510131,'蒲江县',510100,'蒲江县',3,'028','611630','蒲江县',103.506,30.1967,'Pujiang'),(510132,'新津县',510100,'新津县',3,'028','611430','新津县',103.811,30.4098,'Xinjin'),(510181,'都江堰市',510100,'都江堰市',3,'028','611830','都江堰市',103.619,30.9982,'Dujiangyan'),(510182,'彭州市',510100,'彭州市',3,'028','611930','彭州市',103.958,30.9901,'Pengzhou'),(510183,'邛崃市',510100,'邛崃市',3,'028','611530','邛崃市',103.463,30.4149,'Qionglai'),(510184,'崇州市',510100,'崇州市',3,'028','611230','崇州市',103.673,30.6301,'Chongzhou'),(510300,'自贡市',510000,'自贡市',2,'0813','643000','自贡市',104.773,29.3528,'Zigong'),(510302,'自流井区',510300,'自流井区',3,'0813','643000','自流井区',104.777,29.3375,'Ziliujing'),(510303,'贡井区',510300,'贡井区',3,'0813','643020','贡井区',104.715,29.3458,'Gongjing'),(510304,'大安区',510300,'大安区',3,'0813','643010','大安区',104.774,29.3636,'Da\'an'),(510311,'沿滩区',510300,'沿滩区',3,'0813','643030','沿滩区',104.88,29.2661,'Yantan'),(510321,'荣县',510300,'荣县',3,'0813','643100','荣县',104.418,29.4445,'Rongxian'),(510322,'富顺县',510300,'富顺县',3,'0813','643200','富顺县',104.975,29.1812,'Fushun'),(510400,'攀枝花市',510000,'攀枝花市',2,'0812','617000','攀枝花市',101.716,26.5804,'Panzhihua'),(510402,'东区',510400,'东区',3,'0812','617067','东区',101.705,26.5468,'Dongqu'),(510403,'西区',510400,'西区',3,'0812','617068','西区',101.631,26.5975,'Xiqu'),(510411,'仁和区',510400,'仁和区',3,'0812','617061','仁和区',101.738,26.4984,'Renhe'),(510421,'米易县',510400,'米易县',3,'0812','617200','米易县',102.111,26.8872,'Miyi'),(510422,'盐边县',510400,'盐边县',3,'0812','617100','盐边县',101.854,26.6885,'Yanbian'),(510500,'泸州市',510000,'泸州市',2,'0830','646000','泸州市',105.443,28.8891,'Luzhou'),(510502,'江阳区',510500,'江阳区',3,'0830','646000','江阳区',105.453,28.8893,'Jiangyang'),(510503,'纳溪区',510500,'纳溪区',3,'0830','646300','纳溪区',105.373,28.7734,'Naxi'),(510504,'龙马潭区',510500,'龙马潭区',3,'0830','646000','龙马潭区',105.438,28.9131,'Longmatan'),(510521,'泸县',510500,'泸县',3,'0830','646106','泸县',105.382,29.1504,'Luxian'),(510522,'合江县',510500,'合江县',3,'0830','646200','合江县',105.835,28.81,'Hejiang'),(510524,'叙永县',510500,'叙永县',3,'0830','646400','叙永县',105.445,28.1559,'Xuyong'),(510525,'古蔺县',510500,'古蔺县',3,'0830','646500','古蔺县',105.813,28.0387,'Gulin'),(510600,'德阳市',510000,'德阳市',2,'0838','618000','德阳市',104.399,31.128,'Deyang'),(510603,'旌阳区',510600,'旌阳区',3,'0838','618000','旌阳区',104.394,31.1391,'Jingyang'),(510623,'中江县',510600,'中江县',3,'0838','618100','中江县',104.679,31.033,'Zhongjiang'),(510626,'罗江县',510600,'罗江县',3,'0838','618500','罗江县',104.51,31.3167,'Luojiang'),(510681,'广汉市',510600,'广汉市',3,'0838','618300','广汉市',104.282,30.9769,'Guanghan'),(510682,'什邡市',510600,'什邡市',3,'0838','618400','什邡市',104.168,31.1264,'Shifang'),(510683,'绵竹市',510600,'绵竹市',3,'0838','618200','绵竹市',104.221,31.3377,'Mianzhu'),(510700,'绵阳市',510000,'绵阳市',2,'0816','621000','绵阳市',104.742,31.464,'Mianyang'),(510703,'涪城区',510700,'涪城区',3,'0816','621000','涪城区',104.757,31.4552,'Fucheng'),(510704,'游仙区',510700,'游仙区',3,'0816','621022','游仙区',104.771,31.4657,'Youxian'),(510722,'三台县',510700,'三台县',3,'0816','621100','三台县',105.091,31.0918,'Santai'),(510723,'盐亭县',510700,'盐亭县',3,'0816','621600','盐亭县',105.39,31.2218,'Yanting'),(510724,'安县',510700,'安县',3,'0816','622650','安县',104.567,31.5349,'Anxian'),(510725,'梓潼县',510700,'梓潼县',3,'0816','622150','梓潼县',105.162,31.6359,'Zitong'),(510726,'北川羌族自治县',510700,'北川羌族自治县',3,'0816','622750','北川羌族自治县',104.464,31.8329,'Beichuan'),(510727,'平武县',510700,'平武县',3,'0816','622550','平武县',104.529,32.4079,'Pingwu'),(510781,'江油市',510700,'江油市',3,'0816','621700','江油市',104.745,31.7778,'Jiangyou'),(510800,'广元市',510000,'广元市',2,'0839','628000','广元市',105.83,32.4337,'Guangyuan'),(510802,'利州区',510800,'利州区',3,'0839','628017','利州区',105.826,32.4323,'Lizhou'),(510811,'昭化区',510800,'昭化区',3,'0839','628017','昭化区',105.64,32.3865,'Zhaohua'),(510812,'朝天区',510800,'朝天区',3,'0839','628017','朝天区',105.893,32.644,'Chaotian'),(510821,'旺苍县',510800,'旺苍县',3,'0839','628200','旺苍县',106.29,32.2285,'Wangcang'),(510822,'青川县',510800,'青川县',3,'0839','628100','青川县',105.239,32.5856,'Qingchuan'),(510823,'剑阁县',510800,'剑阁县',3,'0839','628300','剑阁县',105.525,32.2884,'Jiange'),(510824,'苍溪县',510800,'苍溪县',3,'0839','628400','苍溪县',105.936,31.7321,'Cangxi'),(510900,'遂宁市',510000,'遂宁市',2,'0825','629000','遂宁市',105.571,30.5133,'Suining'),(510903,'船山区',510900,'船山区',3,'0825','629000','船山区',105.581,30.4999,'Chuanshan'),(510904,'安居区',510900,'安居区',3,'0825','629000','安居区',105.464,30.3578,'Anju'),(510921,'蓬溪县',510900,'蓬溪县',3,'0825','629100','蓬溪县',105.708,30.7577,'Pengxi'),(510922,'射洪县',510900,'射洪县',3,'0825','629200','射洪县',105.389,30.872,'Shehong'),(510923,'大英县',510900,'大英县',3,'0825','629300','大英县',105.243,30.5943,'Daying'),(511000,'内江市',510000,'内江市',2,'0832','641000','内江市',105.066,29.5871,'Neijiang'),(511002,'市中区',511000,'市中区',3,'0832','641000','市中区',105.068,29.5871,'Shizhongqu'),(511011,'东兴区',511000,'东兴区',3,'0832','641100','东兴区',105.076,29.5928,'Dongxing'),(511024,'威远县',511000,'威远县',3,'0832','642450','威远县',104.67,29.5282,'Weiyuan'),(511025,'资中县',511000,'资中县',3,'0832','641200','资中县',104.852,29.7641,'Zizhong'),(511028,'隆昌县',511000,'隆昌县',3,'0832','642150','隆昌县',105.287,29.3394,'Longchang'),(511100,'乐山市',510000,'乐山市',2,'0833','614000','乐山市',103.761,29.582,'Leshan'),(511102,'市中区',511100,'市中区',3,'0833','614000','市中区',103.762,29.5554,'Shizhongqu'),(511111,'沙湾区',511100,'沙湾区',3,'0833','614900','沙湾区',103.549,29.4119,'Shawan'),(511112,'五通桥区',511100,'五通桥区',3,'0833','614800','五通桥区',103.823,29.4034,'Wutongqiao'),(511113,'金口河区',511100,'金口河区',3,'0833','614700','金口河区',103.079,29.2458,'Jinkouhe'),(511123,'犍为县',511100,'犍为县',3,'0833','614400','犍为县',103.95,29.2097,'Qianwei'),(511124,'井研县',511100,'井研县',3,'0833','613100','井研县',104.07,29.6523,'Jingyan'),(511126,'夹江县',511100,'夹江县',3,'0833','614100','夹江县',103.572,29.7387,'Jiajiang'),(511129,'沐川县',511100,'沐川县',3,'0833','614500','沐川县',103.904,28.9565,'Muchuan'),(511132,'峨边彝族自治县',511100,'峨边彝族自治县',3,'0833','614300','峨边彝族自治县',103.263,29.23,'Ebian'),(511133,'马边彝族自治县',511100,'马边彝族自治县',3,'0833','614600','马边彝族自治县',103.546,28.8359,'Mabian'),(511181,'峨眉山市',511100,'峨眉山市',3,'0833','614200','峨眉山市',103.484,29.6012,'Emeishan'),(511300,'南充市',510000,'南充市',2,'0817','637000','南充市',106.083,30.7953,'Nanchong'),(511302,'顺庆区',511300,'顺庆区',3,'0817','637000','顺庆区',106.092,30.7964,'Shunqing'),(511303,'高坪区',511300,'高坪区',3,'0817','637100','高坪区',106.119,30.7816,'Gaoping'),(511304,'嘉陵区',511300,'嘉陵区',3,'0817','637100','嘉陵区',106.071,30.7585,'Jialing'),(511321,'南部县',511300,'南部县',3,'0817','637300','南部县',106.067,31.3545,'Nanbu'),(511322,'营山县',511300,'营山县',3,'0817','637700','营山县',106.566,31.0775,'Yingshan'),(511323,'蓬安县',511300,'蓬安县',3,'0817','637800','蓬安县',106.413,31.0296,'Peng\'an'),(511324,'仪陇县',511300,'仪陇县',3,'0817','637600','仪陇县',106.3,31.2763,'Yilong'),(511325,'西充县',511300,'西充县',3,'0817','637200','西充县',105.9,30.9969,'Xichong'),(511381,'阆中市',511300,'阆中市',3,'0817','637400','阆中市',106.005,31.5583,'Langzhong'),(511400,'眉山市',510000,'眉山市',2,'028','620020','眉山市',103.832,30.0483,'Meishan'),(511402,'东坡区',511400,'东坡区',3,'028','620010','东坡区',103.832,30.0422,'Dongpo'),(511403,'彭山区',511400,'彭山区',3,'028','620860','彭山区',103.873,30.1928,'Pengshan'),(511421,'仁寿县',511400,'仁寿县',3,'028','620500','仁寿县',104.134,29.996,'Renshou'),(511423,'洪雅县',511400,'洪雅县',3,'028','620360','洪雅县',103.373,29.9066,'Hongya'),(511424,'丹棱县',511400,'丹棱县',3,'028','620200','丹棱县',103.513,30.0156,'Danling'),(511425,'青神县',511400,'青神县',3,'028','620460','青神县',103.848,29.8323,'Qingshen'),(511500,'宜宾市',510000,'宜宾市',2,'0831','644000','宜宾市',104.631,28.7602,'Yibin'),(511502,'翠屏区',511500,'翠屏区',3,'0831','644000','翠屏区',104.62,28.7657,'Cuiping'),(511503,'南溪区',511500,'南溪区',3,'0831','644100','南溪区',104.981,28.8398,'Nanxi'),(511521,'宜宾县',511500,'宜宾县',3,'0831','644600','宜宾县',104.533,28.69,'Yibin'),(511523,'江安县',511500,'江安县',3,'0831','644200','江安县',105.067,28.7239,'Jiang\'an'),(511524,'长宁县',511500,'长宁县',3,'0831','644300','长宁县',104.925,28.5778,'Changning'),(511525,'高县',511500,'高县',3,'0831','645150','高县',104.518,28.4362,'Gaoxian'),(511526,'珙县',511500,'珙县',3,'0831','644500','珙县',104.714,28.4451,'Gongxian'),(511527,'筠连县',511500,'筠连县',3,'0831','645250','筠连县',104.512,28.1649,'Junlian'),(511528,'兴文县',511500,'兴文县',3,'0831','644400','兴文县',105.237,28.3044,'Xingwen'),(511529,'屏山县',511500,'屏山县',3,'0831','645350','屏山县',104.163,28.6437,'Pingshan'),(511600,'广安市',510000,'广安市',2,'0826','638000','广安市',106.633,30.4564,'Guang\'an'),(511602,'广安区',511600,'广安区',3,'0826','638000','广安区',106.642,30.4739,'Guang\'an'),(511603,'前锋区',511600,'前锋区',3,'0826','638019','前锋区',106.894,30.4946,'Qianfeng'),(511621,'岳池县',511600,'岳池县',3,'0826','638300','岳池县',106.441,30.5392,'Yuechi'),(511622,'武胜县',511600,'武胜县',3,'0826','638400','武胜县',106.296,30.3493,'Wusheng'),(511623,'邻水县',511600,'邻水县',3,'0826','638500','邻水县',106.93,30.3345,'Linshui'),(511681,'华蓥市',511600,'华蓥市',3,'0826','638600','华蓥市',106.785,30.3901,'Huaying'),(511700,'达州市',510000,'达州市',2,'0818','635000','达州市',107.502,31.2095,'Dazhou'),(511702,'通川区',511700,'通川区',3,'0818','635000','通川区',107.505,31.2147,'Tongchuan'),(511703,'达川区',511700,'达川区',3,'0818','635000','达川区',107.502,31.2095,'Dachuan'),(511722,'宣汉县',511700,'宣汉县',3,'0818','636150','宣汉县',107.728,31.3552,'Xuanhan'),(511723,'开江县',511700,'开江县',3,'0818','636250','开江县',107.869,31.0841,'Kaijiang'),(511724,'大竹县',511700,'大竹县',3,'0818','635100','大竹县',107.209,30.7415,'Dazhu'),(511725,'渠县',511700,'渠县',3,'0818','635200','渠县',106.974,30.8376,'Quxian'),(511781,'万源市',511700,'万源市',3,'0818','636350','万源市',108.036,32.0809,'Wanyuan'),(511800,'雅安市',510000,'雅安市',2,'0835','625000','雅安市',103.001,29.9877,'Ya\'an'),(511802,'雨城区',511800,'雨城区',3,'0835','625000','雨城区',103.033,30.0053,'Yucheng'),(511803,'名山区',511800,'名山区',3,'0835','625100','名山区',103.112,30.0847,'Mingshan'),(511822,'荥经县',511800,'荥经县',3,'0835','625200','荥经县',102.847,29.794,'Yingjing'),(511823,'汉源县',511800,'汉源县',3,'0835','625300','汉源县',102.678,29.3517,'Hanyuan'),(511824,'石棉县',511800,'石棉县',3,'0835','625400','石棉县',102.359,29.228,'Shimian'),(511825,'天全县',511800,'天全县',3,'0835','625500','天全县',102.759,30.0675,'Tianquan'),(511826,'芦山县',511800,'芦山县',3,'0835','625600','芦山县',102.928,30.1437,'Lushan'),(511827,'宝兴县',511800,'宝兴县',3,'0835','625700','宝兴县',102.816,30.3684,'Baoxing'),(511900,'巴中市',510000,'巴中市',2,'0827','636000','巴中市',106.754,31.8588,'Bazhong'),(511902,'巴州区',511900,'巴州区',3,'0827','636001','巴州区',106.769,31.8512,'Bazhou'),(511903,'恩阳区',511900,'恩阳区',3,'0827','636064','恩阳区',106.754,31.8588,'Enyang'),(511921,'通江县',511900,'通江县',3,'0827','636700','通江县',107.244,31.9129,'Tongjiang'),(511922,'南江县',511900,'南江县',3,'0827','636600','南江县',106.842,32.3534,'Nanjiang'),(511923,'平昌县',511900,'平昌县',3,'0827','636400','平昌县',107.104,31.5594,'Pingchang'),(512000,'资阳市',510000,'资阳市',2,'028','641300','资阳市',104.642,30.1222,'Ziyang'),(512002,'雁江区',512000,'雁江区',3,'028','641300','雁江区',104.652,30.1152,'Yanjiang'),(512021,'安岳县',512000,'安岳县',3,'028','642350','安岳县',105.336,30.0979,'Anyue'),(512022,'乐至县',512000,'乐至县',3,'028','641500','乐至县',105.032,30.2723,'Lezhi'),(512081,'简阳市',512000,'简阳市',3,'028','641400','简阳市',104.549,30.3904,'Jianyang'),(513200,'阿坝藏族羌族自治州',510000,'阿坝藏族羌族自治州',2,'0837','624000','阿坝藏族羌族自治州',102.221,31.8998,'Aba'),(513221,'汶川县',513200,'汶川县',3,'0837','623000','汶川县',103.591,31.4733,'Wenchuan'),(513222,'理县',513200,'理县',3,'0837','623100','理县',103.172,31.436,'Lixian'),(513223,'茂县',513200,'茂县',3,'0837','623200','茂县',103.854,31.682,'Maoxian'),(513224,'松潘县',513200,'松潘县',3,'0837','623300','松潘县',103.599,32.6387,'Songpan'),(513225,'九寨沟县',513200,'九寨沟县',3,'0837','623400','九寨沟县',104.237,33.2632,'Jiuzhaigou'),(513226,'金川县',513200,'金川县',3,'0837','624100','金川县',102.066,31.4762,'Jinchuan'),(513227,'小金县',513200,'小金县',3,'0837','624200','小金县',102.365,30.9993,'Xiaojin'),(513228,'黑水县',513200,'黑水县',3,'0837','623500','黑水县',102.992,32.0618,'Heishui'),(513229,'马尔康县',513200,'马尔康县',3,'0837','624000','马尔康县',102.206,31.9058,'Maerkang'),(513230,'壤塘县',513200,'壤塘县',3,'0837','624300','壤塘县',100.978,32.2658,'Rangtang'),(513231,'阿坝县',513200,'阿坝县',3,'0837','624600','阿坝县',101.706,32.903,'Aba'),(513232,'若尔盖县',513200,'若尔盖县',3,'0837','624500','若尔盖县',102.96,33.5743,'Ruoergai'),(513233,'红原县',513200,'红原县',3,'0837','624400','红原县',102.545,32.7899,'Hongyuan'),(513300,'甘孜藏族自治州',510000,'甘孜藏族自治州',2,'0836','626000','甘孜藏族自治州',101.964,30.0507,'Garze'),(513321,'康定县',513300,'康定县',3,'0836','626000','康定县',101.965,30.0553,'Kangding'),(513322,'泸定县',513300,'泸定县',3,'0836','626100','泸定县',102.235,29.9147,'Luding'),(513323,'丹巴县',513300,'丹巴县',3,'0836','626300','丹巴县',101.884,30.8766,'Danba'),(513324,'九龙县',513300,'九龙县',3,'0836','626200','九龙县',101.508,29.0009,'Jiulong'),(513325,'雅江县',513300,'雅江县',3,'0836','627450','雅江县',101.015,30.0328,'Yajiang'),(513326,'道孚县',513300,'道孚县',3,'0836','626400','道孚县',101.126,30.9805,'Daofu'),(513327,'炉霍县',513300,'炉霍县',3,'0836','626500','炉霍县',100.677,31.3917,'Luhuo'),(513328,'甘孜县',513300,'甘孜县',3,'0836','626700','甘孜县',99.9931,31.6267,'Ganzi'),(513329,'新龙县',513300,'新龙县',3,'0836','626800','新龙县',100.312,30.9407,'Xinlong'),(513330,'德格县',513300,'德格县',3,'0836','627250','德格县',98.5808,31.8062,'Dege'),(513331,'白玉县',513300,'白玉县',3,'0836','627150','白玉县',98.8257,31.209,'Baiyu'),(513332,'石渠县',513300,'石渠县',3,'0836','627350','石渠县',98.1016,32.9788,'Shiqu'),(513333,'色达县',513300,'色达县',3,'0836','626600','色达县',100.332,32.2684,'Seda'),(513334,'理塘县',513300,'理塘县',3,'0836','627550','理塘县',100.27,29.9967,'Litang'),(513335,'巴塘县',513300,'巴塘县',3,'0836','627650','巴塘县',99.1041,30.0042,'Batang'),(513336,'乡城县',513300,'乡城县',3,'0836','627850','乡城县',99.7994,28.9355,'Xiangcheng'),(513337,'稻城县',513300,'稻城县',3,'0836','627750','稻城县',100.298,29.0379,'Daocheng'),(513338,'得荣县',513300,'得荣县',3,'0836','627950','得荣县',99.2863,28.713,'Derong'),(513400,'凉山彝族自治州',510000,'凉山彝族自治州',2,'0834','615000','凉山彝族自治州',102.259,27.8868,'Liangshan'),(513401,'西昌市',513400,'西昌市',3,'0835','615000','西昌市',102.264,27.8952,'Xichang'),(513422,'木里藏族自治县',513400,'木里藏族自治县',3,'0851','615800','木里藏族自治县',101.28,27.9287,'Muli'),(513423,'盐源县',513400,'盐源县',3,'0836','615700','盐源县',101.51,27.4218,'Yanyuan'),(513424,'德昌县',513400,'德昌县',3,'0837','615500','德昌县',102.18,27.4048,'Dechang'),(513425,'会理县',513400,'会理县',3,'0838','615100','会理县',102.245,26.6563,'Huili'),(513426,'会东县',513400,'会东县',3,'0839','615200','会东县',102.578,26.6343,'Huidong'),(513427,'宁南县',513400,'宁南县',3,'0840','615400','宁南县',102.761,27.0657,'Ningnan'),(513428,'普格县',513400,'普格县',3,'0841','615300','普格县',102.541,27.3748,'Puge'),(513429,'布拖县',513400,'布拖县',3,'0842','616350','布拖县',102.812,27.7079,'Butuo'),(513430,'金阳县',513400,'金阳县',3,'0843','616250','金阳县',103.248,27.697,'Jinyang'),(513431,'昭觉县',513400,'昭觉县',3,'0844','616150','昭觉县',102.847,28.0116,'Zhaojue'),(513432,'喜德县',513400,'喜德县',3,'0845','616750','喜德县',102.413,28.3074,'Xide'),(513433,'冕宁县',513400,'冕宁县',3,'0846','615600','冕宁县',102.171,28.5516,'Mianning'),(513434,'越西县',513400,'越西县',3,'0847','616650','越西县',102.508,28.6413,'Yuexi'),(513435,'甘洛县',513400,'甘洛县',3,'0848','616850','甘洛县',102.772,28.9662,'Ganluo'),(513436,'美姑县',513400,'美姑县',3,'0849','616450','美姑县',103.131,28.326,'Meigu'),(513437,'雷波县',513400,'雷波县',3,'0850','616550','雷波县',103.573,28.2641,'Leibo'),(520000,'贵州省',100000,'贵州省',1,'','','贵州省',106.713,26.5783,'Guizhou'),(520100,'贵阳市',520000,'贵阳市',2,'0851','550001','贵阳市',106.713,26.5783,'Guiyang'),(520102,'南明区',520100,'南明区',3,'0851','550001','南明区',106.715,26.5682,'Nanming'),(520103,'云岩区',520100,'云岩区',3,'0851','550001','云岩区',106.725,26.6048,'Yunyan'),(520111,'花溪区',520100,'花溪区',3,'0851','550025','花溪区',106.677,26.4334,'Huaxi'),(520112,'乌当区',520100,'乌当区',3,'0851','550018','乌当区',106.752,26.6302,'Wudang'),(520113,'白云区',520100,'白云区',3,'0851','550014','白云区',106.631,26.6828,'Baiyun'),(520115,'观山湖区',520100,'观山湖区',3,'0851','550009','观山湖区',106.625,26.6182,'Guanshanhu'),(520121,'开阳县',520100,'开阳县',3,'0851','550300','开阳县',106.969,27.0553,'Kaiyang'),(520122,'息烽县',520100,'息烽县',3,'0851','551100','息烽县',106.738,27.0935,'Xifeng'),(520123,'修文县',520100,'修文县',3,'0851','550200','修文县',106.595,26.8378,'Xiuwen'),(520181,'清镇市',520100,'清镇市',3,'0851','551400','清镇市',106.469,26.5526,'Qingzhen'),(520200,'六盘水市',520000,'六盘水市',2,'0858','553400','六盘水市',104.847,26.5846,'Liupanshui'),(520201,'钟山区',520200,'钟山区',3,'0858','553000','钟山区',104.878,26.577,'Zhongshan'),(520203,'六枝特区',520200,'六枝特区',3,'0858','553400','六枝特区',105.481,26.2012,'Liuzhi'),(520221,'水城县',520200,'水城县',3,'0858','553000','水城县',104.958,26.5478,'Shuicheng'),(520222,'盘县',520200,'盘县',3,'0858','561601','盘县',104.471,25.7136,'Panxian'),(520300,'遵义市',520000,'遵义市',2,'0852','563000','遵义市',106.937,27.7066,'Zunyi'),(520302,'红花岗区',520300,'红花岗区',3,'0852','563000','红花岗区',106.894,27.6447,'Honghuagang'),(520303,'汇川区',520300,'汇川区',3,'0852','563000','汇川区',106.939,27.7062,'Huichuan'),(520321,'遵义县',520300,'遵义县',3,'0852','563100','遵义县',106.833,27.5377,'Zunyi'),(520322,'桐梓县',520300,'桐梓县',3,'0852','563200','桐梓县',106.826,28.1381,'Tongzi'),(520323,'绥阳县',520300,'绥阳县',3,'0852','563300','绥阳县',107.191,27.947,'Suiyang'),(520324,'正安县',520300,'正安县',3,'0852','563400','正安县',107.444,28.5512,'Zheng\'an'),(520325,'道真仡佬族苗族自治县',520300,'道真仡佬族苗族自治县',3,'0852','563500','道真仡佬族苗族自治县',107.612,28.864,'Daozhen'),(520326,'务川仡佬族苗族自治县',520300,'务川仡佬族苗族自治县',3,'0852','564300','务川仡佬族苗族自治县',107.889,28.5223,'Wuchuan'),(520327,'凤冈县',520300,'凤冈县',3,'0852','564200','凤冈县',107.717,27.9546,'Fenggang'),(520328,'湄潭县',520300,'湄潭县',3,'0852','564100','湄潭县',107.488,27.7668,'Meitan'),(520329,'余庆县',520300,'余庆县',3,'0852','564400','余庆县',107.888,27.2253,'Yuqing'),(520330,'习水县',520300,'习水县',3,'0852','564600','习水县',106.213,28.3198,'Xishui'),(520381,'赤水市',520300,'赤水市',3,'0852','564700','赤水市',105.698,28.5892,'Chishui'),(520382,'仁怀市',520300,'仁怀市',3,'0852','564500','仁怀市',106.402,27.7923,'Renhuai'),(520400,'安顺市',520000,'安顺市',2,'0853','561000','安顺市',105.932,26.2455,'Anshun'),(520402,'西秀区',520400,'西秀区',3,'0853','561000','西秀区',105.966,26.2449,'Xixiu'),(520421,'平坝区',520400,'平坝区',3,'0853','561100','平坝区',106.257,26.4054,'Pingba'),(520422,'普定县',520400,'普定县',3,'0853','562100','普定县',105.743,26.3014,'Puding'),(520423,'镇宁布依族苗族自治县',520400,'镇宁布依族苗族自治县',3,'0853','561200','镇宁布依族苗族自治县',105.765,26.0553,'Zhenning'),(520424,'关岭布依族苗族自治县',520400,'关岭布依族苗族自治县',3,'0853','561300','关岭布依族苗族自治县',105.619,25.9425,'Guanling'),(520425,'紫云苗族布依族自治县',520400,'紫云苗族布依族自治县',3,'0853','550800','紫云苗族布依族自治县',106.084,25.7526,'Ziyun'),(520500,'毕节市',520000,'毕节市',2,'0857','551700','毕节市',105.285,27.3017,'Bijie'),(520502,'七星关区',520500,'七星关区',3,'0857','551700','七星关区',104.95,27.1536,'Qixingguan'),(520521,'大方县',520500,'大方县',3,'0857','551600','大方县',105.609,27.1435,'Dafang'),(520522,'黔西县',520500,'黔西县',3,'0857','551500','黔西县',106.038,27.0249,'Qianxi'),(520523,'金沙县',520500,'金沙县',3,'0857','551800','金沙县',106.222,27.4597,'Jinsha'),(520524,'织金县',520500,'织金县',3,'0857','552100','织金县',105.769,26.6685,'Zhijin'),(520525,'纳雍县',520500,'纳雍县',3,'0857','553300','纳雍县',105.375,26.7699,'Nayong'),(520526,'威宁彝族回族苗族自治县',520500,'威宁彝族回族苗族自治县',3,'0857','553100','威宁彝族回族苗族自治县',104.287,26.8591,'Weining'),(520527,'赫章县',520500,'赫章县',3,'0857','553200','赫章县',104.726,27.1192,'Hezhang'),(520600,'铜仁市',520000,'铜仁市',2,'0856','554300','铜仁市',109.192,27.7183,'Tongren'),(520602,'碧江区',520600,'碧江区',3,'0856','554300','碧江区',109.192,27.7183,'Bijiang'),(520603,'万山区',520600,'万山区',3,'0856','554200','万山区',109.212,27.519,'Wanshan'),(520621,'江口县',520600,'江口县',3,'0856','554400','江口县',108.848,27.6919,'Jiangkou'),(520622,'玉屏侗族自治县',520600,'玉屏侗族自治县',3,'0856','554004','玉屏侗族自治县',108.918,27.238,'Yuping'),(520623,'石阡县',520600,'石阡县',3,'0856','555100','石阡县',108.23,27.5194,'Shiqian'),(520624,'思南县',520600,'思南县',3,'0856','565100','思南县',108.256,27.9413,'Sinan'),(520625,'印江土家族苗族自治县',520600,'印江土家族苗族自治县',3,'0856','555200','印江土家族苗族自治县',108.406,27.998,'Yinjiang'),(520626,'德江县',520600,'德江县',3,'0856','565200','德江县',108.117,28.2609,'Dejiang'),(520627,'沿河土家族自治县',520600,'沿河土家族自治县',3,'0856','565300','沿河土家族自治县',108.496,28.5605,'Yuanhe'),(520628,'松桃苗族自治县',520600,'松桃苗族自治县',3,'0856','554100','松桃苗族自治县',109.203,28.1654,'Songtao'),(522300,'黔西南布依族苗族自治州',520000,'黔西南布依族苗族自治州',2,'0859','562400','黔西南布依族苗族自治州',104.898,25.0881,'Qianxinan'),(522301,'兴义市 ',522300,'兴义市 ',3,'0859','562400','兴义市 ',104.895,25.0921,'Xingyi'),(522322,'兴仁县',522300,'兴仁县',3,'0859','562300','兴仁县',105.187,25.4328,'Xingren'),(522323,'普安县',522300,'普安县',3,'0859','561500','普安县',104.955,25.786,'Pu\'an'),(522324,'晴隆县',522300,'晴隆县',3,'0859','561400','晴隆县',105.219,25.8352,'Qinglong'),(522325,'贞丰县',522300,'贞丰县',3,'0859','562200','贞丰县',105.655,25.3846,'Zhenfeng'),(522326,'望谟县',522300,'望谟县',3,'0859','552300','望谟县',106.1,25.1782,'Wangmo'),(522327,'册亨县',522300,'册亨县',3,'0859','552200','册亨县',105.812,24.9838,'Ceheng'),(522328,'安龙县',522300,'安龙县',3,'0859','552400','安龙县',105.443,25.0982,'Anlong'),(522600,'黔东南苗族侗族自治州',520000,'黔东南苗族侗族自治州',2,'0855','556000','黔东南苗族侗族自治州',107.977,26.5834,'Qiandongnan'),(522601,'凯里市',522600,'凯里市',3,'0855','556000','凯里市',107.981,26.5669,'Kaili'),(522622,'黄平县',522600,'黄平县',3,'0855','556100','黄平县',107.902,26.8957,'Huangping'),(522623,'施秉县',522600,'施秉县',3,'0855','556200','施秉县',108.126,27.035,'Shibing'),(522624,'三穗县',522600,'三穗县',3,'0855','556500','三穗县',108.671,26.9477,'Sansui'),(522625,'镇远县',522600,'镇远县',3,'0855','557700','镇远县',108.427,27.0493,'Zhenyuan'),(522626,'岑巩县',522600,'岑巩县',3,'0855','557800','岑巩县',108.819,27.1754,'Cengong'),(522627,'天柱县',522600,'天柱县',3,'0855','556600','天柱县',109.207,26.9078,'Tianzhu'),(522628,'锦屏县',522600,'锦屏县',3,'0855','556700','锦屏县',109.2,26.6763,'Jinping'),(522629,'剑河县',522600,'剑河县',3,'0855','556400','剑河县',108.591,26.6525,'Jianhe'),(522630,'台江县',522600,'台江县',3,'0855','556300','台江县',108.318,26.6692,'Taijiang'),(522631,'黎平县',522600,'黎平县',3,'0855','557300','黎平县',109.136,26.2311,'Liping'),(522632,'榕江县',522600,'榕江县',3,'0855','557200','榕江县',108.521,25.9242,'Rongjiang'),(522633,'从江县',522600,'从江县',3,'0855','557400','从江县',108.905,25.7542,'Congjiang'),(522634,'雷山县',522600,'雷山县',3,'0855','557100','雷山县',108.077,26.3839,'Leishan'),(522635,'麻江县',522600,'麻江县',3,'0855','557600','麻江县',107.592,26.4923,'Majiang'),(522636,'丹寨县',522600,'丹寨县',3,'0855','557500','丹寨县',107.797,26.1982,'Danzhai'),(522700,'黔南布依族苗族自治州',520000,'黔南布依族苗族自治州',2,'0854','558000','黔南布依族苗族自治州',107.517,26.2582,'Qiannan'),(522701,'都匀市',522700,'都匀市',3,'0854','558000','都匀市',107.519,26.2594,'Duyun'),(522702,'福泉市',522700,'福泉市',3,'0854','550500','福泉市',107.517,26.6799,'Fuquan'),(522722,'荔波县',522700,'荔波县',3,'0854','558400','荔波县',107.886,25.4139,'Libo'),(522723,'贵定县',522700,'贵定县',3,'0854','551300','贵定县',107.237,26.5781,'Guiding'),(522725,'瓮安县',522700,'瓮安县',3,'0854','550400','瓮安县',107.476,27.0681,'Weng\'an'),(522726,'独山县',522700,'独山县',3,'0854','558200','独山县',107.541,25.8245,'Dushan'),(522727,'平塘县',522700,'平塘县',3,'0854','558300','平塘县',107.324,25.8329,'Pingtang'),(522728,'罗甸县',522700,'罗甸县',3,'0854','550100','罗甸县',106.752,25.4259,'Luodian'),(522729,'长顺县',522700,'长顺县',3,'0854','550700','长顺县',106.452,26.023,'Changshun'),(522730,'龙里县',522700,'龙里县',3,'0854','551200','龙里县',106.977,26.4508,'Longli'),(522731,'惠水县',522700,'惠水县',3,'0854','550600','惠水县',106.659,26.1339,'Huishui'),(522732,'三都水族自治县',522700,'三都水族自治县',3,'0854','558100','三都水族自治县',107.875,25.9856,'Sandu'),(530000,'云南省',100000,'云南省',1,'','','云南省',102.712,25.0406,'Yunnan'),(530100,'昆明市',530000,'昆明市',2,'0871','650500','昆明市',102.712,25.0406,'Kunming'),(530102,'五华区',530100,'五华区',3,'0871','650021','五华区',102.708,25.0352,'Wuhua'),(530103,'盘龙区',530100,'盘龙区',3,'0871','650051','盘龙区',102.72,25.0405,'Panlong'),(530111,'官渡区',530100,'官渡区',3,'0871','650200','官渡区',102.744,25.015,'Guandu'),(530112,'西山区',530100,'西山区',3,'0871','650118','西山区',102.665,25.038,'Xishan'),(530113,'东川区',530100,'东川区',3,'0871','654100','东川区',103.188,26.083,'Dongchuan'),(530114,'呈贡区',530100,'呈贡区',3,'0871','650500','呈贡区',102.801,24.8893,'Chenggong'),(530122,'晋宁县',530100,'晋宁县',3,'0871','650600','晋宁县',102.594,24.6665,'Jinning'),(530124,'富民县',530100,'富民县',3,'0871','650400','富民县',102.498,25.2212,'Fumin'),(530125,'宜良县',530100,'宜良县',3,'0871','652100','宜良县',103.141,24.917,'Yiliang'),(530126,'石林彝族自治县',530100,'石林彝族自治县',3,'0871','652200','石林彝族自治县',103.271,24.759,'Shilin'),(530127,'嵩明县',530100,'嵩明县',3,'0871','651700','嵩明县',103.037,25.3399,'Songming'),(530128,'禄劝彝族苗族自治县',530100,'禄劝彝族苗族自治县',3,'0871','651500','禄劝彝族苗族自治县',102.467,25.5539,'Luquan'),(530129,'寻甸回族彝族自治县 ',530100,'寻甸回族彝族自治县 ',3,'0871','655200','寻甸回族彝族自治县 ',103.256,25.5596,'Xundian'),(530181,'安宁市',530100,'安宁市',3,'0871','650300','安宁市',102.47,24.9165,'Anning'),(530300,'曲靖市',530000,'曲靖市',2,'0874','655000','曲靖市',103.798,25.5016,'Qujing'),(530302,'麒麟区',530300,'麒麟区',3,'0874','655000','麒麟区',103.805,25.4951,'Qilin'),(530321,'马龙县',530300,'马龙县',3,'0874','655100','马龙县',103.579,25.4252,'Malong'),(530322,'陆良县',530300,'陆良县',3,'0874','655600','陆良县',103.666,25.0233,'Luliang'),(530323,'师宗县',530300,'师宗县',3,'0874','655700','师宗县',103.991,24.8282,'Shizong'),(530324,'罗平县',530300,'罗平县',3,'0874','655800','罗平县',104.309,24.8844,'Luoping'),(530325,'富源县',530300,'富源县',3,'0874','655500','富源县',104.254,25.6659,'Fuyuan'),(530326,'会泽县',530300,'会泽县',3,'0874','654200','会泽县',103.3,26.4108,'Huize'),(530328,'沾益县',530300,'沾益县',3,'0874','655331','沾益县',103.821,25.6071,'Zhanyi'),(530381,'宣威市',530300,'宣威市',3,'0874','655400','宣威市',104.104,26.2173,'Xuanwei'),(530400,'玉溪市',530000,'玉溪市',2,'0877','653100','玉溪市',102.544,24.3505,'Yuxi'),(530402,'红塔区',530400,'红塔区',3,'0877','653100','红塔区',102.545,24.3541,'Hongta'),(530421,'江川县',530400,'江川县',3,'0877','652600','江川县',102.754,24.2886,'Jiangchuan'),(530422,'澄江县',530400,'澄江县',3,'0877','652500','澄江县',102.908,24.6738,'Chengjiang'),(530423,'通海县',530400,'通海县',3,'0877','652700','通海县',102.766,24.1136,'Tonghai'),(530424,'华宁县',530400,'华宁县',3,'0877','652800','华宁县',102.928,24.1926,'Huaning'),(530425,'易门县',530400,'易门县',3,'0877','651100','易门县',102.164,24.6712,'Yimen'),(530426,'峨山彝族自治县',530400,'峨山彝族自治县',3,'0877','653200','峨山彝族自治县',102.406,24.169,'Eshan'),(530427,'新平彝族傣族自治县',530400,'新平彝族傣族自治县',3,'0877','653400','新平彝族傣族自治县',101.989,24.0689,'Xinping'),(530428,'元江哈尼族彝族傣族自治县',530400,'元江哈尼族彝族傣族自治县',3,'0877','653300','元江哈尼族彝族傣族自治县',101.998,23.5965,'Yuanjiang'),(530500,'保山市',530000,'保山市',2,'0875','678000','保山市',99.1671,25.1118,'Baoshan'),(530502,'隆阳区',530500,'隆阳区',3,'0875','678000','隆阳区',99.1633,25.1116,'Longyang'),(530521,'施甸县',530500,'施甸县',3,'0875','678200','施甸县',99.1877,24.7242,'Shidian'),(530522,'腾冲县',530500,'腾冲县',3,'0875','679100','腾冲县',98.4941,25.0254,'Tengchong'),(530523,'龙陵县',530500,'龙陵县',3,'0875','678300','龙陵县',98.6902,24.5875,'Longling'),(530524,'昌宁县',530500,'昌宁县',3,'0875','678100','昌宁县',99.6036,24.8276,'Changning'),(530600,'昭通市',530000,'昭通市',2,'0870','657000','昭通市',103.717,27.337,'Zhaotong'),(530602,'昭阳区',530600,'昭阳区',3,'0870','657000','昭阳区',103.707,27.32,'Zhaoyang'),(530621,'鲁甸县',530600,'鲁甸县',3,'0870','657100','鲁甸县',103.547,27.1924,'Ludian'),(530622,'巧家县',530600,'巧家县',3,'0870','654600','巧家县',102.924,26.9124,'Qiaojia'),(530623,'盐津县',530600,'盐津县',3,'0870','657500','盐津县',104.235,28.1086,'Yanjin'),(530624,'大关县',530600,'大关县',3,'0870','657400','大关县',103.893,27.7488,'Daguan'),(530625,'永善县',530600,'永善县',3,'0870','657300','永善县',103.635,28.2279,'Yongshan'),(530626,'绥江县',530600,'绥江县',3,'0870','657700','绥江县',103.949,28.5966,'Suijiang'),(530627,'镇雄县',530600,'镇雄县',3,'0870','657200','镇雄县',104.873,27.4398,'Zhenxiong'),(530628,'彝良县',530600,'彝良县',3,'0870','657600','彝良县',104.05,27.6281,'Yiliang'),(530629,'威信县',530600,'威信县',3,'0870','657900','威信县',105.048,27.8407,'Weixin'),(530630,'水富县',530600,'水富县',3,'0870','657800','水富县',104.416,28.6299,'Shuifu'),(530700,'丽江市',530000,'丽江市',2,'0888','674100','丽江市',100.233,26.8721,'Lijiang'),(530702,'古城区',530700,'古城区',3,'0888','674100','古城区',100.226,26.877,'Gucheng'),(530721,'玉龙纳西族自治县',530700,'玉龙纳西族自治县',3,'0888','674100','玉龙纳西族自治县',100.237,26.8215,'Yulong'),(530722,'永胜县',530700,'永胜县',3,'0888','674200','永胜县',100.747,26.6859,'Yongsheng'),(530723,'华坪县',530700,'华坪县',3,'0888','674800','华坪县',101.266,26.6297,'Huaping'),(530724,'宁蒗彝族自治县',530700,'宁蒗彝族自治县',3,'0888','674300','宁蒗彝族自治县',100.851,27.2818,'Ninglang'),(530800,'普洱市',530000,'普洱市',2,'0879','665000','普洱市',100.972,22.7773,'Pu\'er'),(530802,'思茅区',530800,'思茅区',3,'0879','665000','思茅区',100.977,22.7869,'Simao'),(530821,'宁洱哈尼族彝族自治县',530800,'宁洱哈尼族彝族自治县',3,'0879','665100','宁洱哈尼族彝族自治县',101.047,23.0634,'Ninger'),(530822,'墨江哈尼族自治县',530800,'墨江哈尼族自治县',3,'0879','654800','墨江哈尼族自治县',101.692,23.4321,'Mojiang'),(530823,'景东彝族自治县',530800,'景东彝族自治县',3,'0879','676200','景东彝族自治县',100.836,24.4479,'Jingdong'),(530824,'景谷傣族彝族自治县',530800,'景谷傣族彝族自治县',3,'0879','666400','景谷傣族彝族自治县',100.703,23.497,'Jinggu'),(530825,'镇沅彝族哈尼族拉祜族自治县',530800,'镇沅彝族哈尼族拉祜族自治县',3,'0879','666500','镇沅彝族哈尼族拉祜族自治县',101.107,24.0056,'Zhenyuan'),(530826,'江城哈尼族彝族自治县',530800,'江城哈尼族彝族自治县',3,'0879','665900','江城哈尼族彝族自治县',101.858,22.5842,'Jiangcheng'),(530827,'孟连傣族拉祜族佤族自治县',530800,'孟连傣族拉祜族佤族自治县',3,'0879','665800','孟连傣族拉祜族佤族自治县',99.5842,22.3292,'Menglian'),(530828,'澜沧拉祜族自治县',530800,'澜沧拉祜族自治县',3,'0879','665600','澜沧拉祜族自治县',99.9359,22.5547,'Lancang'),(530829,'西盟佤族自治县',530800,'西盟佤族自治县',3,'0879','665700','西盟佤族自治县',99.5987,22.6477,'Ximeng'),(530900,'临沧市',530000,'临沧市',2,'0883','677000','临沧市',100.087,23.8866,'Lincang'),(530902,'临翔区',530900,'临翔区',3,'0883','677000','临翔区',100.082,23.895,'Linxiang'),(530921,'凤庆县',530900,'凤庆县',3,'0883','675900','凤庆县',99.9284,24.5803,'Fengqing'),(530922,'云县',530900,'云县',3,'0883','675800','云县',100.128,24.4468,'Yunxian'),(530923,'永德县',530900,'永德县',3,'0883','677600','永德县',99.2533,24.0276,'Yongde'),(530924,'镇康县',530900,'镇康县',3,'0883','677704','镇康县',98.8255,23.7624,'Zhenkang'),(530925,'双江拉祜族佤族布朗族傣族自治县',530900,'双江拉祜族佤族布朗族傣族自治县',3,'0883','677300','双江拉祜族佤族布朗族傣族自治县',99.8277,23.4735,'Shuangjiang'),(530926,'耿马傣族佤族自治县',530900,'耿马傣族佤族自治县',3,'0883','677500','耿马傣族佤族自治县',99.3979,23.5378,'Gengma'),(530927,'沧源佤族自治县',530900,'沧源佤族自治县',3,'0883','677400','沧源佤族自治县',99.2455,23.1482,'Cangyuan'),(532300,'楚雄彝族自治州',530000,'楚雄彝族自治州',2,'0878','675000','楚雄彝族自治州',101.546,25.042,'Chuxiong'),(532301,'楚雄市',532300,'楚雄市',3,'0878','675000','楚雄市',101.546,25.0329,'Chuxiong'),(532322,'双柏县',532300,'双柏县',3,'0878','675100','双柏县',101.642,24.6888,'Shuangbai'),(532323,'牟定县',532300,'牟定县',3,'0878','675500','牟定县',101.54,25.3155,'Mouding'),(532324,'南华县',532300,'南华县',3,'0878','675200','南华县',101.273,25.1929,'Nanhua'),(532325,'姚安县',532300,'姚安县',3,'0878','675300','姚安县',101.243,25.5047,'Yao\'an'),(532326,'大姚县',532300,'大姚县',3,'0878','675400','大姚县',101.324,25.7222,'Dayao'),(532327,'永仁县',532300,'永仁县',3,'0878','651400','永仁县',101.672,26.0579,'Yongren'),(532328,'元谋县',532300,'元谋县',3,'0878','651300','元谋县',101.877,25.7044,'Yuanmou'),(532329,'武定县',532300,'武定县',3,'0878','651600','武定县',102.404,25.5295,'Wuding'),(532331,'禄丰县',532300,'禄丰县',3,'0878','651200','禄丰县',102.078,25.1481,'Lufeng'),(532500,'红河哈尼族彝族自治州',530000,'红河哈尼族彝族自治州',2,'0873','661400','红河哈尼族彝族自治州',103.384,23.3668,'Honghe'),(532501,'个旧市',532500,'个旧市',3,'0873','661000','个旧市',103.16,23.3589,'Gejiu'),(532502,'开远市',532500,'开远市',3,'0873','661600','开远市',103.27,23.7101,'Kaiyuan'),(532503,'蒙自市',532500,'蒙自市',3,'0873','661101','蒙自市',103.385,23.3668,'Mengzi'),(532504,'弥勒市',532500,'弥勒市',3,'0873','652300','弥勒市',103.437,24.4084,'Mile '),(532523,'屏边苗族自治县',532500,'屏边苗族自治县',3,'0873','661200','屏边苗族自治县',103.686,22.9842,'Pingbian'),(532524,'建水县',532500,'建水县',3,'0873','654300','建水县',102.827,23.6347,'Jianshui'),(532525,'石屏县',532500,'石屏县',3,'0873','662200','石屏县',102.494,23.7144,'Shiping'),(532527,'泸西县',532500,'泸西县',3,'0873','652400','泸西县',103.764,24.5285,'Luxi'),(532528,'元阳县',532500,'元阳县',3,'0873','662400','元阳县',102.833,23.2228,'Yuanyang'),(532529,'红河县',532500,'红河县',3,'0873','654400','红河县',102.421,23.3677,'Honghexian'),(532530,'金平苗族瑶族傣族自治县',532500,'金平苗族瑶族傣族自治县',3,'0873','661500','金平苗族瑶族傣族自治县',103.227,22.7796,'Jinping'),(532531,'绿春县',532500,'绿春县',3,'0873','662500','绿春县',102.397,22.9937,'Lvchun'),(532532,'河口瑶族自治县',532500,'河口瑶族自治县',3,'0873','661300','河口瑶族自治县',103.939,22.5293,'Hekou'),(532600,'文山壮族苗族自治州',530000,'文山壮族苗族自治州',2,'0876','663000','文山壮族苗族自治州',104.244,23.3695,'Wenshan'),(532601,'文山市',532600,'文山市',3,'0876','663000','文山市',104.244,23.3692,'Wenshan'),(532622,'砚山县',532600,'砚山县',3,'0876','663100','砚山县',104.333,23.6072,'Yanshan'),(532623,'西畴县',532600,'西畴县',3,'0876','663500','西畴县',104.674,23.4394,'Xichou'),(532624,'麻栗坡县',532600,'麻栗坡县',3,'0876','663600','麻栗坡县',104.701,23.1203,'Malipo'),(532625,'马关县',532600,'马关县',3,'0876','663700','马关县',104.395,23.0129,'Maguan'),(532626,'丘北县',532600,'丘北县',3,'0876','663200','丘北县',104.193,24.0396,'Qiubei'),(532627,'广南县',532600,'广南县',3,'0876','663300','广南县',105.055,24.0464,'Guangnan'),(532628,'富宁县',532600,'富宁县',3,'0876','663400','富宁县',105.631,23.6254,'Funing'),(532800,'西双版纳傣族自治州',530000,'西双版纳傣族自治州',2,'0691','666100','西双版纳傣族自治州',100.798,22.0017,'Xishuangbanna'),(532801,'景洪市',532800,'景洪市',3,'0691','666100','景洪市',100.8,22.0107,'Jinghong'),(532822,'勐海县',532800,'勐海县',3,'0691','666200','勐海县',100.449,21.9618,'Menghai'),(532823,'勐腊县',532800,'勐腊县',3,'0691','666300','勐腊县',101.565,21.4816,'Mengla'),(532900,'大理白族自治州',530000,'大理白族自治州',2,'0872','671000','大理白族自治州',100.24,25.5928,'Dali'),(532901,'大理市',532900,'大理市',3,'0872','671000','大理市',100.23,25.5916,'Dali'),(532922,'漾濞彝族自治县',532900,'漾濞彝族自治县',3,'0872','672500','漾濞彝族自治县',99.9547,25.6652,'Yangbi'),(532923,'祥云县',532900,'祥云县',3,'0872','672100','祥云县',100.558,25.4734,'Xiangyun'),(532924,'宾川县',532900,'宾川县',3,'0872','671600','宾川县',100.577,25.8314,'Binchuan'),(532925,'弥渡县',532900,'弥渡县',3,'0872','675600','弥渡县',100.491,25.3418,'Midu'),(532926,'南涧彝族自治县',532900,'南涧彝族自治县',3,'0872','675700','南涧彝族自治县',100.51,25.0435,'Nanjian'),(532927,'巍山彝族回族自治县',532900,'巍山彝族回族自治县',3,'0872','672400','巍山彝族回族自治县',100.306,25.232,'Weishan'),(532928,'永平县',532900,'永平县',3,'0872','672600','永平县',99.5409,25.4645,'Yongping'),(532929,'云龙县',532900,'云龙县',3,'0872','672700','云龙县',99.3726,25.885,'Yunlong'),(532930,'洱源县',532900,'洱源县',3,'0872','671200','洱源县',99.949,26.1083,'Eryuan'),(532931,'剑川县',532900,'剑川县',3,'0872','671300','剑川县',99.9054,26.5369,'Jianchuan'),(532932,'鹤庆县',532900,'鹤庆县',3,'0872','671500','鹤庆县',100.177,26.558,'Heqing'),(533100,'德宏傣族景颇族自治州',530000,'德宏傣族景颇族自治州',2,'0692','678400','德宏傣族景颇族自治州',98.5784,24.4367,'Dehong'),(533102,'瑞丽市',533100,'瑞丽市',3,'0692','678600','瑞丽市',97.8518,24.0128,'Ruili'),(533103,'芒市',533100,'芒市',3,'0692','678400','芒市',98.5886,24.4337,'Mangshi'),(533122,'梁河县',533100,'梁河县',3,'0692','679200','梁河县',98.2971,24.8066,'Lianghe'),(533123,'盈江县',533100,'盈江县',3,'0692','679300','盈江县',97.9318,24.7058,'Yingjiang'),(533124,'陇川县',533100,'陇川县',3,'0692','678700','陇川县',97.792,24.183,'Longchuan'),(533300,'怒江傈僳族自治州',530000,'怒江傈僳族自治州',2,'0886','673100','怒江傈僳族自治州',98.8543,25.8509,'Nujiang'),(533321,'泸水县',533300,'泸水县',3,'0886','673100','泸水县',98.8553,25.8377,'Lushui'),(533323,'福贡县',533300,'福贡县',3,'0886','673400','福贡县',98.8697,26.9037,'Fugong'),(533324,'贡山独龙族怒族自治县',533300,'贡山独龙族怒族自治县',3,'0886','673500','贡山独龙族怒族自治县',98.6658,27.7409,'Gongshan'),(533325,'兰坪白族普米族自治县',533300,'兰坪白族普米族自治县',3,'0886','671400','兰坪白族普米族自治县',99.4189,26.4525,'Lanping'),(533400,'迪庆藏族自治州',530000,'迪庆藏族自治州',2,'0887','674400','迪庆藏族自治州',99.7065,27.8269,'Deqen'),(533421,'香格里拉市',533400,'香格里拉市',3,'0887','674400','香格里拉市',99.706,27.8231,'Xianggelila'),(533422,'德钦县',533400,'德钦县',3,'0887','674500','德钦县',98.9108,28.4863,'Deqin'),(533423,'维西傈僳族自治县',533400,'维西傈僳族自治县',3,'0887','674600','维西傈僳族自治县',99.284,27.1793,'Weixi'),(540000,'西藏自治区',100000,'西藏自治区',1,'','','西藏自治区',91.1322,29.6604,'Tibet'),(540100,'拉萨市',540000,'拉萨市',2,'0891','850000','拉萨市',91.1322,29.6604,'Lhasa'),(540102,'城关区',540100,'城关区',3,'0891','850000','城关区',91.1386,29.6531,'Chengguan'),(540121,'林周县',540100,'林周县',3,'0891','851600','林周县',91.2586,29.8944,'Linzhou'),(540122,'当雄县',540100,'当雄县',3,'0891','851500','当雄县',91.1008,30.4831,'Dangxiong'),(540123,'尼木县',540100,'尼木县',3,'0891','851300','尼木县',90.1638,29.4335,'Nimu'),(540124,'曲水县',540100,'曲水县',3,'0891','850600','曲水县',90.7319,29.3564,'Qushui'),(540125,'堆龙德庆县',540100,'堆龙德庆县',3,'0891','851400','堆龙德庆县',91.0003,29.65,'Duilongdeqing'),(540126,'达孜县',540100,'达孜县',3,'0891','850100','达孜县',91.3576,29.6722,'Dazi'),(540127,'墨竹工卡县',540100,'墨竹工卡县',3,'0891','850200','墨竹工卡县',91.7281,29.8361,'Mozhugongka'),(540200,'日喀则市',540000,'日喀则市',2,'0892','857000','日喀则市',88.8849,29.2638,'Rikaze'),(540202,'桑珠孜区',540200,'桑珠孜区',3,'0892','857000','桑珠孜区',88.8804,29.2696,'Sangzhuzi'),(540221,'南木林县',540200,'南木林县',3,'0892','857100','南木林县',89.0969,29.6821,'Nanmulin'),(540222,'江孜县',540200,'江孜县',3,'0892','857400','江孜县',89.6026,28.9174,'Jiangzi'),(540223,'定日县',540200,'定日县',3,'0892','858200','定日县',87.1218,28.6613,'Dingri'),(540224,'萨迦县',540200,'萨迦县',3,'0892','857800','萨迦县',88.0219,28.903,'Sajia'),(540225,'拉孜县',540200,'拉孜县',3,'0892','858100','拉孜县',87.6341,29.085,'Lazi'),(540226,'昂仁县',540200,'昂仁县',3,'0892','858500','昂仁县',87.2386,29.295,'Angren'),(540227,'谢通门县',540200,'谢通门县',3,'0892','858900','谢通门县',88.2624,29.4334,'Xietongmen'),(540228,'白朗县',540200,'白朗县',3,'0892','857300','白朗县',89.262,29.1055,'Bailang'),(540229,'仁布县',540200,'仁布县',3,'0892','857200','仁布县',89.8423,29.2301,'Renbu'),(540230,'康马县',540200,'康马县',3,'0892','857500','康马县',89.6853,28.5567,'Kangma'),(540231,'定结县',540200,'定结县',3,'0892','857900','定结县',87.7726,28.364,'Dingjie'),(540232,'仲巴县',540200,'仲巴县',3,'0892','858800','仲巴县',84.0295,29.7659,'Zhongba'),(540233,'亚东县',540200,'亚东县',3,'0892','857600','亚东县',88.908,27.4839,'Yadong'),(540234,'吉隆县',540200,'吉隆县',3,'0892','858700','吉隆县',85.2985,28.8538,'Jilong'),(540235,'聂拉木县',540200,'聂拉木县',3,'0892','858300','聂拉木县',85.98,28.1565,'Nielamu'),(540236,'萨嘎县',540200,'萨嘎县',3,'0892','857800','萨嘎县',85.2341,29.3294,'Saga'),(540237,'岗巴县',540200,'岗巴县',3,'0892','857700','岗巴县',88.5207,28.275,'Gangba'),(540300,'昌都市',540000,'昌都市',2,'0895','854000','昌都市',97.1785,31.1369,'Qamdo'),(540302,'卡若区',540300,'卡若区',3,'0895','854000','卡若区',97.1804,31.1385,'Karuo'),(540321,'江达县',540300,'江达县',3,'0895','854100','江达县',98.2187,31.5034,'Jiangda'),(540322,'贡觉县',540300,'贡觉县',3,'0895','854200','贡觉县',98.2716,30.8594,'Gongjue'),(540323,'类乌齐县',540300,'类乌齐县',3,'0895','855600','类乌齐县',96.6002,31.2121,'Leiwuqi'),(540324,'丁青县',540300,'丁青县',3,'0895','855700','丁青县',95.5936,31.4162,'Dingqing'),(540325,'察雅县',540300,'察雅县',3,'0895','854300','察雅县',97.5652,30.6534,'Chaya'),(540326,'八宿县',540300,'八宿县',3,'0895','854600','八宿县',96.9176,30.0535,'Basu'),(540327,'左贡县',540300,'左贡县',3,'0895','854400','左贡县',97.8443,29.6711,'Zuogong'),(540328,'芒康县',540300,'芒康县',3,'0895','854500','芒康县',98.5938,29.6795,'Mangkang'),(540329,'洛隆县',540300,'洛隆县',3,'0895','855400','洛隆县',95.8264,30.7405,'Luolong'),(540330,'边坝县',540300,'边坝县',3,'0895','855500','边坝县',94.7069,30.9343,'Bianba'),(542200,'山南地区',540000,'山南地区',2,'0893','856000','山南地区',91.7665,29.236,'Shannan'),(542221,'乃东县',542200,'乃东县',3,'0893','856100','乃东县',91.7615,29.2249,'Naidong'),(542222,'扎囊县',542200,'扎囊县',3,'0893','850800','扎囊县',91.3329,29.2399,'Zhanang'),(542223,'贡嘎县',542200,'贡嘎县',3,'0893','850700','贡嘎县',90.9887,29.2941,'Gongga'),(542224,'桑日县',542200,'桑日县',3,'0893','856200','桑日县',92.0201,29.2664,'Sangri'),(542225,'琼结县',542200,'琼结县',3,'0893','856800','琼结县',91.6809,29.0263,'Qiongjie'),(542226,'曲松县',542200,'曲松县',3,'0893','856300','曲松县',92.2026,29.0641,'Qusong'),(542227,'措美县',542200,'措美县',3,'0893','856900','措美县',91.4324,28.4379,'Cuomei'),(542228,'洛扎县',542200,'洛扎县',3,'0893','856600','洛扎县',90.8604,28.3872,'Luozha'),(542229,'加查县',542200,'加查县',3,'0893','856400','加查县',92.577,29.1397,'Jiacha'),(542231,'隆子县',542200,'隆子县',3,'0893','856600','隆子县',92.4615,28.408,'Longzi'),(542232,'错那县',542200,'错那县',3,'0893','856700','错那县',91.9575,27.9922,'Cuona'),(542233,'浪卡子县',542200,'浪卡子县',3,'0893','851100','浪卡子县',90.4,28.9695,'Langkazi'),(542400,'那曲地区',540000,'那曲地区',2,'0896','852000','那曲地区',92.0602,31.476,'Nagqu'),(542421,'那曲县',542400,'那曲县',3,'0896','852000','那曲县',92.0535,31.4696,'Naqu'),(542422,'嘉黎县',542400,'嘉黎县',3,'0896','852400','嘉黎县',93.2499,30.6423,'Jiali'),(542423,'比如县',542400,'比如县',3,'0896','852300','比如县',93.6869,31.4779,'Biru'),(542424,'聂荣县',542400,'聂荣县',3,'0896','853500','聂荣县',92.2957,32.1119,'Nierong'),(542425,'安多县',542400,'安多县',3,'0896','853400','安多县',91.6795,32.2612,'Anduo'),(542426,'申扎县',542400,'申扎县',3,'0896','853100','申扎县',88.7078,30.93,'Shenzha'),(542427,'索县',542400,'索县',3,'0896','852200','索县',93.783,31.8843,'Suoxian'),(542428,'班戈县',542400,'班戈县',3,'0896','852500','班戈县',90.0191,31.3615,'Bange'),(542429,'巴青县',542400,'巴青县',3,'0896','852100','巴青县',94.0532,31.9183,'Baqing'),(542430,'尼玛县',542400,'尼玛县',3,'0896','852600','尼玛县',87.2526,31.7965,'Nima'),(542431,'双湖县',542400,'双湖县',3,'0896','852600','双湖县',88.8378,33.189,'Shuanghu'),(542500,'阿里地区',540000,'阿里地区',2,'0897','859000','阿里地区',80.1055,32.5032,'Ngari'),(542521,'普兰县',542500,'普兰县',3,'0897','859500','普兰县',81.177,30.3,'Pulan'),(542522,'札达县',542500,'札达县',3,'0897','859600','札达县',79.8026,31.4834,'Zhada'),(542523,'噶尔县',542500,'噶尔县',3,'0897','859400','噶尔县',80.0958,32.5002,'Gaer'),(542524,'日土县',542500,'日土县',3,'0897','859700','日土县',79.7131,33.3874,'Ritu'),(542525,'革吉县',542500,'革吉县',3,'0897','859100','革吉县',81.151,32.3964,'Geji'),(542526,'改则县',542500,'改则县',3,'0897','859200','改则县',84.063,32.3045,'Gaize'),(542527,'措勤县',542500,'措勤县',3,'0897','859300','措勤县',85.1662,31.021,'Cuoqin'),(542600,'林芝地区',540000,'林芝地区',2,'0894','850400','林芝地区',94.3624,29.6547,'Nyingchi'),(542621,'林芝县',542600,'林芝县',3,'0894','850400','林芝县',94.4839,29.5756,'Linzhi'),(542622,'工布江达县',542600,'工布江达县',3,'0894','850300','工布江达县',93.2452,29.8858,'Gongbujiangda'),(542623,'米林县',542600,'米林县',3,'0894','850500','米林县',94.2132,29.2153,'Milin'),(542624,'墨脱县',542600,'墨脱县',3,'0894','855300','墨脱县',95.3316,29.327,'Motuo'),(542625,'波密县',542600,'波密县',3,'0894','855200','波密县',95.771,29.8591,'Bomi'),(542626,'察隅县',542600,'察隅县',3,'0894','855100','察隅县',97.4668,28.6618,'Chayu'),(542627,'朗县',542600,'朗县',3,'0894','856500','朗县',93.0754,29.0455,'Langxian'),(610000,'陕西省',100000,'陕西省',1,'','','陕西省',108.948,34.2632,'Shaanxi'),(610100,'西安市',610000,'西安市',2,'029','710003','西安市',108.948,34.2632,'Xi\'an'),(610102,'新城区',610100,'新城区',3,'029','710004','新城区',108.961,34.2664,'Xincheng'),(610103,'碑林区',610100,'碑林区',3,'029','710001','碑林区',108.934,34.2304,'Beilin'),(610104,'莲湖区',610100,'莲湖区',3,'029','710003','莲湖区',108.94,34.2671,'Lianhu'),(610111,'灞桥区',610100,'灞桥区',3,'029','710038','灞桥区',109.065,34.2726,'Baqiao'),(610112,'未央区',610100,'未央区',3,'029','710014','未央区',108.947,34.293,'Weiyang'),(610113,'雁塔区',610100,'雁塔区',3,'029','710061','雁塔区',108.949,34.2225,'Yanta'),(610114,'阎良区',610100,'阎良区',3,'029','710087','阎良区',109.226,34.6622,'Yanliang'),(610115,'临潼区',610100,'临潼区',3,'029','710600','临潼区',109.214,34.3666,'Lintong'),(610116,'长安区',610100,'长安区',3,'029','710100','长安区',108.946,34.1556,'Chang\'an'),(610122,'蓝田县',610100,'蓝田县',3,'029','710500','蓝田县',109.323,34.1513,'Lantian'),(610124,'周至县',610100,'周至县',3,'029','710400','周至县',108.222,34.1634,'Zhouzhi'),(610125,'户县',610100,'户县',3,'029','710300','户县',108.605,34.1086,'Huxian'),(610126,'高陵区',610100,'高陵区',3,'029','710200','高陵区',109.088,34.5348,'Gaoling'),(610200,'铜川市',610000,'铜川市',2,'0919','727100','铜川市',108.963,34.9089,'Tongchuan'),(610202,'王益区',610200,'王益区',3,'0919','727000','王益区',109.076,35.069,'Wangyi'),(610203,'印台区',610200,'印台区',3,'0919','727007','印台区',109.102,35.1169,'Yintai'),(610204,'耀州区',610200,'耀州区',3,'0919','727100','耀州区',108.986,34.9131,'Yaozhou'),(610222,'宜君县',610200,'宜君县',3,'0919','727200','宜君县',109.118,35.4011,'Yijun'),(610300,'宝鸡市',610000,'宝鸡市',2,'0917','721000','宝鸡市',107.145,34.3693,'Baoji'),(610302,'渭滨区',610300,'渭滨区',3,'0917','721000','渭滨区',107.15,34.3712,'Weibin'),(610303,'金台区',610300,'金台区',3,'0917','721000','金台区',107.147,34.3761,'Jintai'),(610304,'陈仓区',610300,'陈仓区',3,'0917','721300','陈仓区',107.387,34.3545,'Chencang'),(610322,'凤翔县',610300,'凤翔县',3,'0917','721400','凤翔县',107.396,34.5232,'Fengxiang'),(610323,'岐山县',610300,'岐山县',3,'0917','722400','岐山县',107.622,34.4438,'Qishan'),(610324,'扶风县',610300,'扶风县',3,'0917','722200','扶风县',107.9,34.3752,'Fufeng'),(610326,'眉县',610300,'眉县',3,'0917','722300','眉县',107.751,34.2757,'Meixian'),(610327,'陇县',610300,'陇县',3,'0917','721200','陇县',106.859,34.894,'Longxian'),(610328,'千阳县',610300,'千阳县',3,'0917','721100','千阳县',107.13,34.6422,'Qianyang'),(610329,'麟游县',610300,'麟游县',3,'0917','721500','麟游县',107.796,34.6784,'Linyou'),(610330,'凤县',610300,'凤县',3,'0917','721700','凤县',106.524,33.9117,'Fengxian'),(610331,'太白县',610300,'太白县',3,'0917','721600','太白县',107.316,34.0621,'Taibai'),(610400,'咸阳市',610000,'咸阳市',2,'029','712000','咸阳市',108.705,34.3334,'Xianyang'),(610402,'秦都区',610400,'秦都区',3,'029','712000','秦都区',108.715,34.338,'Qindu'),(610403,'杨陵区',610400,'杨陵区',3,'029','712100','杨陵区',108.083,34.2704,'Yangling'),(610404,'渭城区',610400,'渭城区',3,'029','712000','渭城区',108.722,34.332,'Weicheng'),(610422,'三原县',610400,'三原县',3,'029','713800','三原县',108.932,34.6156,'Sanyuan'),(610423,'泾阳县',610400,'泾阳县',3,'029','713700','泾阳县',108.843,34.5271,'Jingyang'),(610424,'乾县',610400,'乾县',3,'029','713300','乾县',108.242,34.5295,'Qianxian'),(610425,'礼泉县',610400,'礼泉县',3,'029','713200','礼泉县',108.426,34.4846,'Liquan'),(610426,'永寿县',610400,'永寿县',3,'029','713400','永寿县',108.145,34.6908,'Yongshou'),(610427,'彬县',610400,'彬县',3,'029','713500','彬县',108.085,35.0342,'Binxian'),(610428,'长武县',610400,'长武县',3,'029','713600','长武县',107.795,35.2067,'Changwu'),(610429,'旬邑县',610400,'旬邑县',3,'029','711300','旬邑县',108.334,35.1134,'Xunyi'),(610430,'淳化县',610400,'淳化县',3,'029','711200','淳化县',108.58,34.7989,'Chunhua'),(610431,'武功县',610400,'武功县',3,'029','712200','武功县',108.204,34.26,'Wugong'),(610481,'兴平市',610400,'兴平市',3,'029','713100','兴平市',108.491,34.2979,'Xingping'),(610500,'渭南市',610000,'渭南市',2,'0913','714000','渭南市',109.503,34.4994,'Weinan'),(610502,'临渭区',610500,'临渭区',3,'0913','714000','临渭区',109.493,34.4982,'Linwei'),(610521,'华县',610500,'华县',3,'0913','714100','华县',109.772,34.5126,'Huaxian'),(610522,'潼关县',610500,'潼关县',3,'0913','714300','潼关县',110.244,34.5428,'Tongguan'),(610523,'大荔县',610500,'大荔县',3,'0913','715100','大荔县',109.942,34.7957,'Dali'),(610524,'合阳县',610500,'合阳县',3,'0913','715300','合阳县',110.149,35.238,'Heyang'),(610525,'澄城县',610500,'澄城县',3,'0913','715200','澄城县',109.934,35.184,'Chengcheng'),(610526,'蒲城县',610500,'蒲城县',3,'0913','715500','蒲城县',109.59,34.9568,'Pucheng'),(610527,'白水县',610500,'白水县',3,'0913','715600','白水县',109.593,35.1786,'Baishui'),(610528,'富平县',610500,'富平县',3,'0913','711700','富平县',109.18,34.7511,'Fuping'),(610581,'韩城市',610500,'韩城市',3,'0913','715400','韩城市',110.442,35.4793,'Hancheng'),(610582,'华阴市',610500,'华阴市',3,'0913','714200','华阴市',110.088,34.5661,'Huayin'),(610600,'延安市',610000,'延安市',2,'0911','716000','延安市',109.491,36.5965,'Yan\'an'),(610602,'宝塔区',610600,'宝塔区',3,'0911','716000','宝塔区',109.493,36.5915,'Baota'),(610621,'延长县',610600,'延长县',3,'0911','717100','延长县',110.011,36.579,'Yanchang'),(610622,'延川县',610600,'延川县',3,'0911','717200','延川县',110.194,36.8782,'Yanchuan'),(610623,'子长县',610600,'子长县',3,'0911','717300','子长县',109.675,37.1425,'Zichang'),(610624,'安塞县',610600,'安塞县',3,'0911','717400','安塞县',109.327,36.8651,'Ansai'),(610625,'志丹县',610600,'志丹县',3,'0911','717500','志丹县',108.768,36.8218,'Zhidan'),(610626,'吴起县',610600,'吴起县',3,'0911','717600','吴起县',108.176,36.9278,'Wuqi'),(610627,'甘泉县',610600,'甘泉县',3,'0911','716100','甘泉县',109.35,36.2775,'Ganquan'),(610628,'富县',610600,'富县',3,'0911','727500','富县',109.379,35.988,'Fuxian'),(610629,'洛川县',610600,'洛川县',3,'0911','727400','洛川县',109.433,35.7608,'Luochuan'),(610630,'宜川县',610600,'宜川县',3,'0911','716200','宜川县',110.172,36.0473,'Yichuan'),(610631,'黄龙县',610600,'黄龙县',3,'0911','715700','黄龙县',109.843,35.5835,'Huanglong'),(610632,'黄陵县',610600,'黄陵县',3,'0911','727300','黄陵县',109.263,35.5836,'Huangling'),(610700,'汉中市',610000,'汉中市',2,'0916','723000','汉中市',107.029,33.0777,'Hanzhong'),(610702,'汉台区',610700,'汉台区',3,'0916','723000','汉台区',107.032,33.0677,'Hantai'),(610721,'南郑县',610700,'南郑县',3,'0916','723100','南郑县',106.94,33.003,'Nanzheng'),(610722,'城固县',610700,'城固县',3,'0916','723200','城固县',107.334,33.1566,'Chenggu'),(610723,'洋县',610700,'洋县',3,'0916','723300','洋县',107.547,33.221,'Yangxian'),(610724,'西乡县',610700,'西乡县',3,'0916','723500','西乡县',107.769,32.9841,'Xixiang'),(610725,'勉县',610700,'勉县',3,'0916','724200','勉县',106.676,33.1527,'Mianxian'),(610726,'宁强县',610700,'宁强县',3,'0916','724400','宁强县',106.26,32.8288,'Ningqiang'),(610727,'略阳县',610700,'略阳县',3,'0916','724300','略阳县',106.154,33.3301,'Lueyang'),(610728,'镇巴县',610700,'镇巴县',3,'0916','723600','镇巴县',107.896,32.5349,'Zhenba'),(610729,'留坝县',610700,'留坝县',3,'0916','724100','留坝县',106.922,33.6161,'Liuba'),(610730,'佛坪县',610700,'佛坪县',3,'0916','723400','佛坪县',107.99,33.525,'Foping'),(610800,'榆林市',610000,'榆林市',2,'0912','719000','榆林市',109.741,38.2902,'Yulin'),(610802,'榆阳区',610800,'榆阳区',3,'0912','719000','榆阳区',109.735,38.2784,'Yuyang'),(610821,'神木县',610800,'神木县',3,'0912','719300','神木县',110.499,38.8423,'Shenmu'),(610822,'府谷县',610800,'府谷县',3,'0912','719400','府谷县',111.067,39.028,'Fugu'),(610823,'横山县',610800,'横山县',3,'0912','719100','横山县',109.296,37.958,'Hengshan'),(610824,'靖边县',610800,'靖边县',3,'0912','718500','靖边县',108.794,37.5994,'Jingbian'),(610825,'定边县',610800,'定边县',3,'0912','718600','定边县',107.598,37.5904,'Dingbian'),(610826,'绥德县',610800,'绥德县',3,'0912','718000','绥德县',110.261,37.4978,'Suide'),(610827,'米脂县',610800,'米脂县',3,'0912','718100','米脂县',110.184,37.7553,'Mizhi'),(610828,'佳县',610800,'佳县',3,'0912','719200','佳县',110.494,38.0225,'Jiaxian'),(610829,'吴堡县',610800,'吴堡县',3,'0912','718200','吴堡县',110.745,37.4571,'Wubu'),(610830,'清涧县',610800,'清涧县',3,'0912','718300','清涧县',110.122,37.0885,'Qingjian'),(610831,'子洲县',610800,'子洲县',3,'0912','718400','子洲县',110.035,37.6124,'Zizhou'),(610900,'安康市',610000,'安康市',2,'0915','725000','安康市',109.029,32.6903,'Ankang'),(610902,'汉滨区',610900,'汉滨区',3,'0915','725000','汉滨区',109.027,32.6952,'Hanbin'),(610921,'汉阴县',610900,'汉阴县',3,'0915','725100','汉阴县',108.511,32.8913,'Hanyin'),(610922,'石泉县',610900,'石泉县',3,'0915','725200','石泉县',108.248,33.0397,'Shiquan'),(610923,'宁陕县',610900,'宁陕县',3,'0915','711600','宁陕县',108.315,33.3173,'Ningshan'),(610924,'紫阳县',610900,'紫阳县',3,'0915','725300','紫阳县',108.537,32.5211,'Ziyang'),(610925,'岚皋县',610900,'岚皋县',3,'0915','725400','岚皋县',108.903,32.3079,'Langao'),(610926,'平利县',610900,'平利县',3,'0915','725500','平利县',109.358,32.3911,'Pingli'),(610927,'镇坪县',610900,'镇坪县',3,'0915','725600','镇坪县',109.525,31.8833,'Zhenping'),(610928,'旬阳县',610900,'旬阳县',3,'0915','725700','旬阳县',109.362,32.8321,'Xunyang'),(610929,'白河县',610900,'白河县',3,'0915','725800','白河县',110.113,32.8096,'Baihe'),(611000,'商洛市',610000,'商洛市',2,'0914','726000','商洛市',109.94,33.8683,'Shangluo'),(611002,'商州区',611000,'商州区',3,'0914','726000','商州区',109.941,33.8627,'Shangzhou'),(611021,'洛南县',611000,'洛南县',3,'0914','726100','洛南县',110.146,34.0899,'Luonan'),(611022,'丹凤县',611000,'丹凤县',3,'0914','726200','丹凤县',110.335,33.6947,'Danfeng'),(611023,'商南县',611000,'商南县',3,'0914','726300','商南县',110.884,33.5258,'Shangnan'),(611024,'山阳县',611000,'山阳县',3,'0914','726400','山阳县',109.888,33.5293,'Shanyang'),(611025,'镇安县',611000,'镇安县',3,'0914','711500','镇安县',109.154,33.4237,'Zhen\'an'),(611026,'柞水县',611000,'柞水县',3,'0914','711400','柞水县',109.111,33.6831,'Zhashui'),(611100,'西咸新区',610000,'西咸新区',2,'029','712000','西咸新区',108.811,34.3071,'Xixian'),(611101,'空港新城',611100,'空港新城',3,'0374','461000','空港新城',108.761,34.4409,'Konggang'),(611102,'沣东新城',611100,'沣东新城',3,'029','710000','沣东新城',108.83,34.2674,'Fengdong'),(611103,'秦汉新城',611100,'秦汉新城',3,'029','712000','秦汉新城',108.838,34.3865,'Qinhan'),(611104,'沣西新城',611100,'沣西新城',3,'029','710000','沣西新城',108.712,34.1905,'Fengxi'),(611105,'泾河新城',611100,'泾河新城',3,'029','713700','泾河新城',109.05,34.4606,'Jinghe'),(620000,'甘肃省',100000,'甘肃省',1,'','','甘肃省',103.824,36.058,'Gansu'),(620100,'兰州市',620000,'兰州市',2,'0931','730030','兰州市',103.824,36.058,'Lanzhou'),(620102,'城关区',620100,'城关区',3,'0931','730030','城关区',103.825,36.0573,'Chengguan'),(620103,'七里河区',620100,'七里河区',3,'0931','730050','七里河区',103.786,36.0658,'Qilihe'),(620104,'西固区',620100,'西固区',3,'0931','730060','西固区',103.628,36.0886,'Xigu'),(620105,'安宁区',620100,'安宁区',3,'0931','730070','安宁区',103.719,36.1038,'Anning'),(620111,'红古区',620100,'红古区',3,'0931','730084','红古区',102.86,36.3454,'Honggu'),(620121,'永登县',620100,'永登县',3,'0931','730300','永登县',103.261,36.7352,'Yongdeng'),(620122,'皋兰县',620100,'皋兰县',3,'0931','730200','皋兰县',103.945,36.3321,'Gaolan'),(620123,'榆中县',620100,'榆中县',3,'0931','730100','榆中县',104.115,35.8442,'Yuzhong'),(620200,'嘉峪关市',620000,'嘉峪关市',2,'0937','735100','嘉峪关市',98.2773,39.7865,'Jiayuguan'),(620201,'雄关区',620200,'雄关区',3,'0937','735100','雄关区',98.2774,39.7793,'Xiongguan'),(620202,'长城区',620200,'长城区',3,'0937','735106','长城区',98.2735,39.7874,'Changcheng'),(620203,'镜铁区',620200,'镜铁区',3,'0937','735100','镜铁区',98.2773,39.7865,'Jingtie'),(620300,'金昌市',620000,'金昌市',2,'0935','737100','金昌市',102.188,38.5142,'Jinchang'),(620302,'金川区',620300,'金川区',3,'0935','737100','金川区',102.194,38.521,'Jinchuan'),(620321,'永昌县',620300,'永昌县',3,'0935','737200','永昌县',101.972,38.2471,'Yongchang'),(620400,'白银市',620000,'白银市',2,'0943','730900','白银市',104.174,36.5457,'Baiyin'),(620402,'白银区',620400,'白银区',3,'0943','730900','白银区',104.174,36.5441,'Baiyin'),(620403,'平川区',620400,'平川区',3,'0943','730913','平川区',104.825,36.7277,'Pingchuan'),(620421,'靖远县',620400,'靖远县',3,'0943','730600','靖远县',104.683,36.566,'Jingyuan'),(620422,'会宁县',620400,'会宁县',3,'0943','730700','会宁县',105.053,35.6963,'Huining'),(620423,'景泰县',620400,'景泰县',3,'0943','730400','景泰县',104.063,37.1836,'Jingtai'),(620500,'天水市',620000,'天水市',2,'0938','741000','天水市',105.725,34.5785,'Tianshui'),(620502,'秦州区',620500,'秦州区',3,'0938','741000','秦州区',105.724,34.5809,'Qinzhou'),(620503,'麦积区',620500,'麦积区',3,'0938','741020','麦积区',105.89,34.5707,'Maiji'),(620521,'清水县',620500,'清水县',3,'0938','741400','清水县',106.137,34.7503,'Qingshui'),(620522,'秦安县',620500,'秦安县',3,'0938','741600','秦安县',105.67,34.8589,'Qin\'an'),(620523,'甘谷县',620500,'甘谷县',3,'0938','741200','甘谷县',105.333,34.7366,'Gangu'),(620524,'武山县',620500,'武山县',3,'0938','741300','武山县',104.884,34.7212,'Wushan'),(620525,'张家川回族自治县',620500,'张家川回族自治县',3,'0938','741500','张家川回族自治县',106.216,34.9958,'Zhangjiachuan'),(620600,'武威市',620000,'武威市',2,'0935','733000','武威市',102.635,37.93,'Wuwei'),(620602,'凉州区',620600,'凉州区',3,'0935','733000','凉州区',102.642,37.9283,'Liangzhou'),(620621,'民勤县',620600,'民勤县',3,'0935','733300','民勤县',103.09,38.6249,'Minqin'),(620622,'古浪县',620600,'古浪县',3,'0935','733100','古浪县',102.892,37.4651,'Gulang'),(620623,'天祝藏族自治县',620600,'天祝藏族自治县',3,'0935','733200','天祝藏族自治县',103.136,36.9771,'Tianzhu'),(620700,'张掖市',620000,'张掖市',2,'0936','734000','张掖市',100.455,38.9329,'Zhangye'),(620702,'甘州区',620700,'甘州区',3,'0936','734000','甘州区',100.453,38.9295,'Ganzhou'),(620721,'肃南裕固族自治县',620700,'肃南裕固族自治县',3,'0936','734400','肃南裕固族自治县',99.6141,38.8378,'Sunan'),(620722,'民乐县',620700,'民乐县',3,'0936','734500','民乐县',100.811,38.4348,'Minle'),(620723,'临泽县',620700,'临泽县',3,'0936','734200','临泽县',100.164,39.1525,'Linze'),(620724,'高台县',620700,'高台县',3,'0936','734300','高台县',99.8192,39.3783,'Gaotai'),(620725,'山丹县',620700,'山丹县',3,'0936','734100','山丹县',101.094,38.7847,'Shandan'),(620800,'平凉市',620000,'平凉市',2,'0933','744000','平凉市',106.685,35.5428,'Pingliang'),(620802,'崆峒区',620800,'崆峒区',3,'0933','744000','崆峒区',106.675,35.5426,'Kongtong'),(620821,'泾川县',620800,'泾川县',3,'0933','744300','泾川县',107.366,35.3322,'Jingchuan'),(620822,'灵台县',620800,'灵台县',3,'0933','744400','灵台县',107.617,35.0677,'Lingtai'),(620823,'崇信县',620800,'崇信县',3,'0933','744200','崇信县',107.037,35.3034,'Chongxin'),(620824,'华亭县',620800,'华亭县',3,'0933','744100','华亭县',106.655,35.2183,'Huating'),(620825,'庄浪县',620800,'庄浪县',3,'0933','744600','庄浪县',106.037,35.2024,'Zhuanglang'),(620826,'静宁县',620800,'静宁县',3,'0933','743400','静宁县',105.727,35.5199,'Jingning'),(620900,'酒泉市',620000,'酒泉市',2,'0937','735000','酒泉市',98.5108,39.744,'Jiuquan'),(620902,'肃州区',620900,'肃州区',3,'0937','735000','肃州区',98.5078,39.7451,'Suzhou'),(620921,'金塔县',620900,'金塔县',3,'0937','735300','金塔县',98.9,39.9773,'Jinta'),(620922,'瓜州县',620900,'瓜州县',3,'0937','736100','瓜州县',95.7827,40.5155,'Guazhou'),(620923,'肃北蒙古族自治县',620900,'肃北蒙古族自治县',3,'0937','736300','肃北蒙古族自治县',94.8765,39.5121,'Subei'),(620924,'阿克塞哈萨克族自治县',620900,'阿克塞哈萨克族自治县',3,'0937','736400','阿克塞哈萨克族自治县',94.341,39.6343,'Akesai'),(620981,'玉门市',620900,'玉门市',3,'0937','735200','玉门市',97.0454,40.2917,'Yumen'),(620982,'敦煌市',620900,'敦煌市',3,'0937','736200','敦煌市',94.6616,40.1421,'Dunhuang'),(621000,'庆阳市',620000,'庆阳市',2,'0934','745000','庆阳市',107.638,35.7342,'Qingyang'),(621002,'西峰区',621000,'西峰区',3,'0934','745000','西峰区',107.651,35.7307,'Xifeng'),(621021,'庆城县',621000,'庆城县',3,'0934','745100','庆城县',107.883,36.0151,'Qingcheng'),(621022,'环县',621000,'环县',3,'0934','745700','环县',107.308,36.5685,'Huanxian'),(621023,'华池县',621000,'华池县',3,'0934','745600','华池县',107.989,36.4611,'Huachi'),(621024,'合水县',621000,'合水县',3,'0934','745400','合水县',108.02,35.8191,'Heshui'),(621025,'正宁县',621000,'正宁县',3,'0934','745300','正宁县',108.36,35.4917,'Zhengning'),(621026,'宁县',621000,'宁县',3,'0934','745200','宁县',107.925,35.5016,'Ningxian'),(621027,'镇原县',621000,'镇原县',3,'0934','744500','镇原县',107.199,35.6771,'Zhenyuan'),(621100,'定西市',620000,'定西市',2,'0932','743000','定西市',104.626,35.5796,'Dingxi'),(621102,'安定区',621100,'安定区',3,'0932','743000','安定区',104.611,35.5807,'Anding'),(621121,'通渭县',621100,'通渭县',3,'0932','743300','通渭县',105.242,35.211,'Tongwei'),(621122,'陇西县',621100,'陇西县',3,'0932','748100','陇西县',104.634,35.0024,'Longxi'),(621123,'渭源县',621100,'渭源县',3,'0932','748200','渭源县',104.214,35.1365,'Weiyuan'),(621124,'临洮县',621100,'临洮县',3,'0932','730500','临洮县',103.862,35.3751,'Lintao'),(621125,'漳县',621100,'漳县',3,'0932','748300','漳县',104.467,34.8498,'Zhangxian'),(621126,'岷县',621100,'岷县',3,'0932','748400','岷县',104.038,34.4344,'Minxian'),(621200,'陇南市',620000,'陇南市',2,'0939','746000','陇南市',104.929,33.3886,'Longnan'),(621202,'武都区',621200,'武都区',3,'0939','746000','武都区',104.927,33.3924,'Wudu'),(621221,'成县',621200,'成县',3,'0939','742500','成县',105.726,33.7393,'Chengxian'),(621222,'文县',621200,'文县',3,'0939','746400','文县',104.684,32.9434,'Wenxian'),(621223,'宕昌县',621200,'宕昌县',3,'0939','748500','宕昌县',104.393,34.0473,'Dangchang'),(621224,'康县',621200,'康县',3,'0939','746500','康县',105.607,33.3291,'Kangxian'),(621225,'西和县',621200,'西和县',3,'0939','742100','西和县',105.301,34.0143,'Xihe'),(621226,'礼县',621200,'礼县',3,'0939','742200','礼县',105.178,34.1894,'Lixian'),(621227,'徽县',621200,'徽县',3,'0939','742300','徽县',106.085,33.769,'Huixian'),(621228,'两当县',621200,'两当县',3,'0939','742400','两当县',106.305,33.9096,'Liangdang'),(622900,'临夏回族自治州',620000,'临夏回族自治州',2,'0930','731100','临夏回族自治州',103.212,35.5994,'Linxia'),(622901,'临夏市',622900,'临夏市',3,'0930','731100','临夏市',103.21,35.5992,'Linxia'),(622921,'临夏县',622900,'临夏县',3,'0930','731800','临夏县',102.994,35.4952,'Linxia'),(622922,'康乐县',622900,'康乐县',3,'0930','731500','康乐县',103.711,35.3722,'Kangle'),(622923,'永靖县',622900,'永靖县',3,'0930','731600','永靖县',103.32,35.9384,'Yongjing'),(622924,'广河县',622900,'广河县',3,'0930','731300','广河县',103.569,35.481,'Guanghe'),(622925,'和政县',622900,'和政县',3,'0930','731200','和政县',103.349,35.4259,'Hezheng'),(622926,'东乡族自治县',622900,'东乡族自治县',3,'0930','731400','东乡族自治县',103.395,35.6647,'Dongxiangzu'),(622927,'积石山保安族东乡族撒拉族自治县',622900,'积石山保安族东乡族撒拉族自治县',3,'0930','731700','积石山保安族东乡族撒拉族自治县',102.874,35.7182,'Jishishan'),(623000,'甘南藏族自治州',620000,'甘南藏族自治州',2,'0941','747000','甘南藏族自治州',102.911,34.9864,'Gannan'),(623001,'合作市',623000,'合作市',3,'0941','747000','合作市',102.911,35.0002,'Hezuo'),(623021,'临潭县',623000,'临潭县',3,'0941','747500','临潭县',103.353,34.6951,'Lintan'),(623022,'卓尼县',623000,'卓尼县',3,'0941','747600','卓尼县',103.508,34.5892,'Zhuoni'),(623023,'舟曲县',623000,'舟曲县',3,'0941','746300','舟曲县',104.372,33.7847,'Zhouqu'),(623024,'迭部县',623000,'迭部县',3,'0941','747400','迭部县',103.223,34.0562,'Diebu'),(623025,'玛曲县',623000,'玛曲县',3,'0941','747300','玛曲县',102.075,33.997,'Maqu'),(623026,'碌曲县',623000,'碌曲县',3,'0941','747200','碌曲县',102.492,34.5887,'Luqu'),(623027,'夏河县',623000,'夏河县',3,'0941','747100','夏河县',102.522,35.2049,'Xiahe'),(630000,'青海省',100000,'青海省',1,'','','青海省',101.779,36.6232,'Qinghai'),(630100,'西宁市',630000,'西宁市',2,'0971','810000','西宁市',101.779,36.6232,'Xining'),(630102,'城东区',630100,'城东区',3,'0971','810007','城东区',101.804,36.5997,'Chengdong'),(630103,'城中区',630100,'城中区',3,'0971','810000','城中区',101.784,36.6228,'Chengzhong'),(630104,'城西区',630100,'城西区',3,'0971','810001','城西区',101.766,36.6283,'Chengxi'),(630105,'城北区',630100,'城北区',3,'0971','810003','城北区',101.766,36.6501,'Chengbei'),(630121,'大通回族土族自治县',630100,'大通回族土族自治县',3,'0971','810100','大通回族土族自治县',101.702,36.9349,'Datong'),(630122,'湟中县',630100,'湟中县',3,'0971','811600','湟中县',101.572,36.5008,'Huangzhong'),(630123,'湟源县',630100,'湟源县',3,'0971','812100','湟源县',101.256,36.6824,'Huangyuan'),(630200,'海东市',630000,'海东市',2,'0972','810700','海东市',102.103,36.5029,'Haidong'),(630202,'乐都区',630200,'乐都区',3,'0972','810700','乐都区',102.402,36.4803,'Ledu'),(630221,'平安县',630200,'平安县',3,'0972','810600','平安县',102.104,36.5027,'Ping\'an'),(630222,'民和回族土族自治县',630200,'民和回族土族自治县',3,'0972','810800','民和回族土族自治县',102.804,36.3295,'Minhe'),(630223,'互助土族自治县',630200,'互助土族自治县',3,'0972','810500','互助土族自治县',101.957,36.8399,'Huzhu'),(630224,'化隆回族自治县',630200,'化隆回族自治县',3,'0972','810900','化隆回族自治县',102.262,36.0983,'Hualong'),(630225,'循化撒拉族自治县',630200,'循化撒拉族自治县',3,'0972','811100','循化撒拉族自治县',102.487,35.8472,'Xunhua'),(632200,'海北藏族自治州',630000,'海北藏族自治州',2,'0970','812200','海北藏族自治州',100.901,36.9594,'Haibei'),(632221,'门源回族自治县',632200,'门源回族自治县',3,'0970','810300','门源回族自治县',101.622,37.3761,'Menyuan'),(632222,'祁连县',632200,'祁连县',3,'0970','810400','祁连县',100.246,38.179,'Qilian'),(632223,'海晏县',632200,'海晏县',3,'0970','812200','海晏县',100.993,36.899,'Haiyan'),(632224,'刚察县',632200,'刚察县',3,'0970','812300','刚察县',100.147,37.3216,'Gangcha'),(632300,'黄南藏族自治州',630000,'黄南藏族自治州',2,'0973','811300','黄南藏族自治州',102.02,35.5177,'Huangnan'),(632321,'同仁县',632300,'同仁县',3,'0973','811300','同仁县',102.018,35.516,'Tongren'),(632322,'尖扎县',632300,'尖扎县',3,'0973','811200','尖扎县',102.034,35.9395,'Jianzha'),(632323,'泽库县',632300,'泽库县',3,'0973','811400','泽库县',101.464,35.0352,'Zeku'),(632324,'河南蒙古族自治县',632300,'河南蒙古族自治县',3,'0973','811500','河南蒙古族自治县',101.609,34.7348,'Henan'),(632500,'海南藏族自治州',630000,'海南藏族自治州',2,'0974','813000','海南藏族自治州',100.62,36.2804,'Hainan'),(632521,'共和县',632500,'共和县',3,'0974','813000','共和县',100.62,36.2841,'Gonghe'),(632522,'同德县',632500,'同德县',3,'0974','813200','同德县',100.572,35.2549,'Tongde'),(632523,'贵德县',632500,'贵德县',3,'0974','811700','贵德县',101.432,36.044,'Guide'),(632524,'兴海县',632500,'兴海县',3,'0974','813300','兴海县',99.9885,35.5903,'Xinghai'),(632525,'贵南县',632500,'贵南县',3,'0974','813100','贵南县',100.747,35.5867,'Guinan'),(632600,'果洛藏族自治州',630000,'果洛藏族自治州',2,'0975','814000','果洛藏族自治州',100.242,34.4736,'Golog'),(632621,'玛沁县',632600,'玛沁县',3,'0975','814000','玛沁县',100.239,34.4775,'Maqin'),(632622,'班玛县',632600,'班玛县',3,'0975','814300','班玛县',100.737,32.9325,'Banma'),(632623,'甘德县',632600,'甘德县',3,'0975','814100','甘德县',99.9025,33.9684,'Gande'),(632624,'达日县',632600,'达日县',3,'0975','814200','达日县',99.6518,33.7519,'Dari'),(632625,'久治县',632600,'久治县',3,'0975','624700','久治县',101.483,33.4299,'Jiuzhi'),(632626,'玛多县',632600,'玛多县',3,'0975','813500','玛多县',98.21,34.9157,'Maduo'),(632700,'玉树藏族自治州',630000,'玉树藏族自治州',2,'0976','815000','玉树藏族自治州',97.0085,33.004,'Yushu'),(632701,'玉树市',632700,'玉树市',3,'0976','815000','玉树市',97.0088,33.0039,'Yushu'),(632722,'杂多县',632700,'杂多县',3,'0976','815300','杂多县',95.2986,32.8932,'Zaduo'),(632723,'称多县',632700,'称多县',3,'0976','815100','称多县',97.1079,33.369,'Chenduo'),(632724,'治多县',632700,'治多县',3,'0976','815400','治多县',95.6157,33.8528,'Zhiduo'),(632725,'囊谦县',632700,'囊谦县',3,'0976','815200','囊谦县',96.4775,32.2036,'Nangqian'),(632726,'曲麻莱县',632700,'曲麻莱县',3,'0976','815500','曲麻莱县',95.7976,34.1261,'Qumalai'),(632800,'海西蒙古族藏族自治州',630000,'海西蒙古族藏族自治州',2,'0977','817000','海西蒙古族藏族自治州',97.3708,37.3747,'Haixi'),(632801,'格尔木市',632800,'格尔木市',3,'0977','816000','格尔木市',94.9033,36.4024,'Geermu'),(632802,'德令哈市',632800,'德令哈市',3,'0977','817000','德令哈市',97.3608,37.3695,'Delingha'),(632821,'乌兰县',632800,'乌兰县',3,'0977','817100','乌兰县',98.482,36.9347,'Wulan'),(632822,'都兰县',632800,'都兰县',3,'0977','816100','都兰县',98.0923,36.3013,'Dulan'),(632823,'天峻县',632800,'天峻县',3,'0977','817200','天峻县',99.0245,37.3033,'Tianjun'),(640000,'宁夏回族自治区',100000,'宁夏回族自治区',1,'','','宁夏回族自治区',106.278,38.4664,'Ningxia'),(640100,'银川市',640000,'银川市',2,'0951','750004','银川市',106.278,38.4664,'Yinchuan'),(640104,'兴庆区',640100,'兴庆区',3,'0951','750001','兴庆区',106.289,38.4739,'Xingqing'),(640105,'西夏区',640100,'西夏区',3,'0951','750021','西夏区',106.15,38.4914,'Xixia'),(640106,'金凤区',640100,'金凤区',3,'0951','750011','金凤区',106.243,38.4729,'Jinfeng'),(640121,'永宁县',640100,'永宁县',3,'0951','750100','永宁县',106.252,38.2756,'Yongning'),(640122,'贺兰县',640100,'贺兰县',3,'0951','750200','贺兰县',106.35,38.5544,'Helan'),(640181,'灵武市',640100,'灵武市',3,'0951','750004','灵武市',106.34,38.1027,'Lingwu'),(640200,'石嘴山市',640000,'石嘴山市',2,'0952','753000','石嘴山市',106.376,39.0133,'Shizuishan'),(640202,'大武口区',640200,'大武口区',3,'0952','753000','大武口区',106.377,39.0123,'Dawukou'),(640205,'惠农区',640200,'惠农区',3,'0952','753600','惠农区',106.711,39.1319,'Huinong'),(640221,'平罗县',640200,'平罗县',3,'0952','753400','平罗县',106.545,38.9043,'Pingluo'),(640300,'吴忠市',640000,'吴忠市',2,'0953','751100','吴忠市',106.199,37.9862,'Wuzhong'),(640302,'利通区',640300,'利通区',3,'0953','751100','利通区',106.203,37.9851,'Litong'),(640303,'红寺堡区',640300,'红寺堡区',3,'0953','751900','红寺堡区',106.198,37.9975,'Hongsibao'),(640323,'盐池县',640300,'盐池县',3,'0953','751500','盐池县',107.407,37.7833,'Yanchi'),(640324,'同心县',640300,'同心县',3,'0953','751300','同心县',105.914,36.9812,'Tongxin'),(640381,'青铜峡市',640300,'青铜峡市',3,'0953','751600','青铜峡市',106.075,38.02,'Qingtongxia'),(640400,'固原市',640000,'固原市',2,'0954','756000','固原市',106.285,36.0046,'Guyuan'),(640402,'原州区',640400,'原州区',3,'0954','756000','原州区',106.288,36.0037,'Yuanzhou'),(640422,'西吉县',640400,'西吉县',3,'0954','756200','西吉县',105.731,35.9662,'Xiji'),(640423,'隆德县',640400,'隆德县',3,'0954','756300','隆德县',106.124,35.6172,'Longde'),(640424,'泾源县',640400,'泾源县',3,'0954','756400','泾源县',106.339,35.4907,'Jingyuan'),(640425,'彭阳县',640400,'彭阳县',3,'0954','756500','彭阳县',106.645,35.8508,'Pengyang'),(640500,'中卫市',640000,'中卫市',2,'0955','751700','中卫市',105.19,37.5149,'Zhongwei'),(640502,'沙坡头区',640500,'沙坡头区',3,'0955','755000','沙坡头区',105.19,37.5104,'Shapotou'),(640521,'中宁县',640500,'中宁县',3,'0955','751200','中宁县',105.685,37.4915,'Zhongning'),(640522,'海原县',640500,'海原县',3,'0955','751800','海原县',105.647,36.565,'Haiyuan'),(650000,'新疆维吾尔自治区',100000,'新疆维吾尔自治区',1,'','','新疆维吾尔自治区',87.6177,43.7928,'Xinjiang'),(650100,'乌鲁木齐市',650000,'乌鲁木齐市',2,'0991','830002','乌鲁木齐市',87.6177,43.7928,'Urumqi'),(650102,'天山区',650100,'天山区',3,'0991','830002','天山区',87.6317,43.7944,'Tianshan'),(650103,'沙依巴克区',650100,'沙依巴克区',3,'0991','830000','沙依巴克区',87.5979,43.8012,'Shayibake'),(650104,'新市区',650100,'新市区',3,'0991','830011','新市区',87.5741,43.8435,'Xinshi'),(650105,'水磨沟区',650100,'水磨沟区',3,'0991','830017','水磨沟区',87.6425,43.8325,'Shuimogou'),(650106,'头屯河区',650100,'头屯河区',3,'0991','830022','头屯河区',87.2914,43.8549,'Toutunhe'),(650107,'达坂城区',650100,'达坂城区',3,'0991','830039','达坂城区',88.307,43.358,'Dabancheng'),(650109,'米东区',650100,'米东区',3,'0991','830019','米东区',87.6858,43.9474,'Midong'),(650121,'乌鲁木齐县',650100,'乌鲁木齐县',3,'0991','830063','乌鲁木齐县',87.4094,43.4712,'Wulumuqi'),(650200,'克拉玛依市',650000,'克拉玛依市',2,'0990','834000','克拉玛依市',84.8739,45.5959,'Karamay'),(650202,'独山子区',650200,'独山子区',3,'0992','834021','独山子区',84.8867,44.3287,'Dushanzi'),(650203,'克拉玛依区',650200,'克拉玛依区',3,'0990','834000','克拉玛依区',84.8623,45.5909,'Kelamayi'),(650204,'白碱滩区',650200,'白碱滩区',3,'0990','834008','白碱滩区',85.1324,45.6877,'Baijiantan'),(650205,'乌尔禾区',650200,'乌尔禾区',3,'0990','834012','乌尔禾区',85.6914,46.0901,'Wuerhe'),(652100,'吐鲁番地区',650000,'吐鲁番地区',2,'0995','838000','吐鲁番地区',89.1841,42.9476,'Turpan'),(652101,'吐鲁番市',652100,'吐鲁番市',3,'0995','838000','吐鲁番市',89.1858,42.9351,'Tulufan'),(652122,'鄯善县',652100,'鄯善县',3,'0995','838200','鄯善县',90.214,42.8635,'Shanshan'),(652123,'托克逊县',652100,'托克逊县',3,'0995','838100','托克逊县',88.6582,42.7923,'Tuokexun'),(652200,'哈密地区',650000,'哈密地区',2,'0902','839000','哈密地区',93.5132,42.8332,'Hami'),(652201,'哈密市',652200,'哈密市',3,'0902','839000','哈密市',93.5145,42.827,'Hami'),(652222,'巴里坤哈萨克自治县',652200,'巴里坤哈萨克自治县',3,'0902','839200','巴里坤哈萨克自治县',93.0124,43.5999,'Balikun'),(652223,'伊吾县',652200,'伊吾县',3,'0902','839300','伊吾县',94.694,43.2537,'Yiwu'),(652300,'昌吉回族自治州',650000,'昌吉回族自治州',2,'0994','831100','昌吉回族自治州',87.304,44.0146,'Changji'),(652301,'昌吉市',652300,'昌吉市',3,'0994','831100','昌吉市',87.3025,44.0127,'Changji'),(652302,'阜康市',652300,'阜康市',3,'0994','831500','阜康市',87.9853,44.1584,'Fukang'),(652323,'呼图壁县',652300,'呼图壁县',3,'0994','831200','呼图壁县',86.8989,44.1898,'Hutubi'),(652324,'玛纳斯县',652300,'玛纳斯县',3,'0994','832200','玛纳斯县',86.2145,44.3044,'Manasi'),(652325,'奇台县',652300,'奇台县',3,'0994','831800','奇台县',89.5932,44.0222,'Qitai'),(652327,'吉木萨尔县',652300,'吉木萨尔县',3,'0994','831700','吉木萨尔县',89.1808,44.0005,'Jimusaer'),(652328,'木垒哈萨克自治县',652300,'木垒哈萨克自治县',3,'0994','831900','木垒哈萨克自治县',90.289,43.8351,'Mulei'),(652700,'博尔塔拉蒙古自治州',650000,'博尔塔拉蒙古自治州',2,'0909','833400','博尔塔拉蒙古自治州',82.0748,44.9033,'Bortala'),(652701,'博乐市',652700,'博乐市',3,'0909','833400','博乐市',82.0713,44.9005,'Bole'),(652702,'阿拉山口市',652700,'阿拉山口市',3,'0909','833400','阿拉山口市',82.5677,45.1706,'Alashankou'),(652722,'精河县',652700,'精河县',3,'0909','833300','精河县',82.8942,44.6077,'Jinghe'),(652723,'温泉县',652700,'温泉县',3,'0909','833500','温泉县',81.0313,44.9737,'Wenquan'),(652800,'巴音郭楞蒙古自治州',650000,'巴音郭楞蒙古自治州',2,'0996','841000','巴音郭楞蒙古自治州',86.151,41.7686,'Bayingol'),(652801,'库尔勒市',652800,'库尔勒市',3,'0996','841000','库尔勒市',86.1553,41.766,'Kuerle'),(652822,'轮台县',652800,'轮台县',3,'0996','841600','轮台县',84.261,41.7764,'Luntai'),(652823,'尉犁县',652800,'尉犁县',3,'0996','841500','尉犁县',86.259,41.3363,'Yuli'),(652824,'若羌县',652800,'若羌县',3,'0996','841800','若羌县',88.1681,39.0179,'Ruoqiang'),(652825,'且末县',652800,'且末县',3,'0996','841900','且末县',85.5297,38.1453,'Qiemo'),(652826,'焉耆回族自治县',652800,'焉耆回族自治县',3,'0996','841100','焉耆回族自治县',86.5744,42.059,'Yanqi'),(652827,'和静县',652800,'和静县',3,'0996','841300','和静县',86.3961,42.3184,'Hejing'),(652828,'和硕县',652800,'和硕县',3,'0996','841200','和硕县',86.8639,42.2681,'Heshuo'),(652829,'博湖县',652800,'博湖县',3,'0996','841400','博湖县',86.6333,41.9801,'Bohu'),(652900,'阿克苏地区',650000,'阿克苏地区',2,'0997','843000','阿克苏地区',80.2651,41.1707,'Aksu'),(652901,'阿克苏市',652900,'阿克苏市',3,'0997','843000','阿克苏市',80.2634,41.1675,'Akesu'),(652922,'温宿县',652900,'温宿县',3,'0997','843100','温宿县',80.2417,41.2768,'Wensu'),(652923,'库车县',652900,'库车县',3,'0997','842000','库车县',82.9621,41.7179,'Kuche'),(652924,'沙雅县',652900,'沙雅县',3,'0997','842200','沙雅县',82.7813,41.225,'Shaya'),(652925,'新和县',652900,'新和县',3,'0997','842100','新和县',82.6105,41.5496,'Xinhe'),(652926,'拜城县',652900,'拜城县',3,'0997','842300','拜城县',81.8756,41.798,'Baicheng'),(652927,'乌什县',652900,'乌什县',3,'0997','843400','乌什县',79.2294,41.2157,'Wushi'),(652928,'阿瓦提县',652900,'阿瓦提县',3,'0997','843200','阿瓦提县',80.3834,40.6393,'Awati'),(652929,'柯坪县',652900,'柯坪县',3,'0997','843600','柯坪县',79.0475,40.5059,'Keping'),(653000,'克孜勒苏柯尔克孜自治州',650000,'克孜勒苏柯尔克孜自治州',2,'0908','845350','克孜勒苏柯尔克孜自治州',76.1728,39.7134,'Kizilsu'),(653001,'阿图什市',653000,'阿图什市',3,'0908','845350','阿图什市',76.1683,39.7161,'Atushi'),(653022,'阿克陶县',653000,'阿克陶县',3,'0908','845550','阿克陶县',75.9469,39.1489,'Aketao'),(653023,'阿合奇县',653000,'阿合奇县',3,'0997','843500','阿合奇县',78.4485,40.9395,'Aheqi'),(653024,'乌恰县',653000,'乌恰县',3,'0908','845450','乌恰县',75.2584,39.7198,'Wuqia'),(653100,'喀什地区',650000,'喀什地区',2,'0998','844000','喀什地区',75.9891,39.4677,'Kashgar'),(653101,'喀什市',653100,'喀什市',3,'0998','844000','喀什市',75.9938,39.4677,'Kashi'),(653121,'疏附县',653100,'疏附县',3,'0998','844100','疏附县',75.8603,39.3753,'Shufu'),(653122,'疏勒县',653100,'疏勒县',3,'0998','844200','疏勒县',76.054,39.4062,'Shule'),(653123,'英吉沙县',653100,'英吉沙县',3,'0998','844500','英吉沙县',76.1757,38.9297,'Yingjisha'),(653124,'泽普县',653100,'泽普县',3,'0998','844800','泽普县',77.2714,38.1894,'Zepu'),(653125,'莎车县',653100,'莎车县',3,'0998','844700','莎车县',77.2432,38.416,'Shache'),(653126,'叶城县',653100,'叶城县',3,'0998','844900','叶城县',77.4166,37.8832,'Yecheng'),(653127,'麦盖提县',653100,'麦盖提县',3,'0998','844600','麦盖提县',77.6422,38.8966,'Maigaiti'),(653128,'岳普湖县',653100,'岳普湖县',3,'0998','844400','岳普湖县',76.7723,39.2356,'Yuepuhu'),(653129,'伽师县',653100,'伽师县',3,'0998','844300','伽师县',76.7237,39.488,'Jiashi'),(653130,'巴楚县',653100,'巴楚县',3,'0998','843800','巴楚县',78.5489,39.7855,'Bachu'),(653131,'塔什库尔干塔吉克自治县',653100,'塔什库尔干塔吉克自治县',3,'0998','845250','塔什库尔干塔吉克自治县',75.232,37.7789,'Tashikuergantajike'),(653200,'和田地区',650000,'和田地区',2,'0903','848000','和田地区',79.9253,37.1107,'Hotan'),(653201,'和田市',653200,'和田市',3,'0903','848000','和田市',79.9135,37.1121,'Hetianshi'),(653221,'和田县',653200,'和田县',3,'0903','848000','和田县',79.8287,37.0892,'Hetianxian'),(653222,'墨玉县',653200,'墨玉县',3,'0903','848100','墨玉县',79.7403,37.2725,'Moyu'),(653223,'皮山县',653200,'皮山县',3,'0903','845150','皮山县',78.2812,37.6201,'Pishan'),(653224,'洛浦县',653200,'洛浦县',3,'0903','848200','洛浦县',80.1854,37.0736,'Luopu'),(653225,'策勒县',653200,'策勒县',3,'0903','848300','策勒县',80.81,36.9984,'Cele'),(653226,'于田县',653200,'于田县',3,'0903','848400','于田县',81.6672,36.854,'Yutian'),(653227,'民丰县',653200,'民丰县',3,'0903','848500','民丰县',82.6844,37.0658,'Minfeng'),(654000,'伊犁哈萨克自治州',650000,'伊犁哈萨克自治州',2,'0999','835100','伊犁哈萨克自治州',81.3179,43.9219,'Ili'),(654002,'伊宁市',654000,'伊宁市',3,'0999','835000','伊宁市',81.3293,43.9129,'Yining'),(654003,'奎屯市',654000,'奎屯市',3,'0992','833200','奎屯市',84.9023,44.425,'Kuitun'),(654004,'霍尔果斯市',654000,'霍尔果斯市',3,'0999','835221','霍尔果斯市',80.4182,44.2058,'Huoerguosi'),(654021,'伊宁县',654000,'伊宁县',3,'0999','835100','伊宁县',81.5276,43.9786,'Yining'),(654022,'察布查尔锡伯自治县',654000,'察布查尔锡伯自治县',3,'0999','835300','察布查尔锡伯自治县',81.1496,43.8402,'Chabuchaerxibo'),(654023,'霍城县',654000,'霍城县',3,'0999','835200','霍城县',80.8783,44.0533,'Huocheng'),(654024,'巩留县',654000,'巩留县',3,'0999','835400','巩留县',82.2285,43.4843,'Gongliu'),(654025,'新源县',654000,'新源县',3,'0999','835800','新源县',83.2609,43.4284,'Xinyuan'),(654026,'昭苏县',654000,'昭苏县',3,'0999','835600','昭苏县',81.1307,43.1583,'Zhaosu'),(654027,'特克斯县',654000,'特克斯县',3,'0999','835500','特克斯县',81.84,43.2194,'Tekesi'),(654028,'尼勒克县',654000,'尼勒克县',3,'0999','835700','尼勒克县',82.5118,43.799,'Nileke'),(654200,'塔城地区',650000,'塔城地区',2,'0901','834700','塔城地区',82.9857,46.7463,'Qoqek'),(654201,'塔城市',654200,'塔城市',3,'0901','834700','塔城市',82.9789,46.7485,'Tacheng'),(654202,'乌苏市',654200,'乌苏市',3,'0992','833000','乌苏市',84.6826,44.4373,'Wusu'),(654221,'额敏县',654200,'额敏县',3,'0901','834600','额敏县',83.6287,46.5284,'Emin'),(654223,'沙湾县',654200,'沙湾县',3,'0993','832100','沙湾县',85.6193,44.3314,'Shawan'),(654224,'托里县',654200,'托里县',3,'0901','834500','托里县',83.6059,45.9362,'Tuoli'),(654225,'裕民县',654200,'裕民县',3,'0901','834800','裕民县',82.99,46.2038,'Yumin'),(654226,'和布克赛尔蒙古自治县',654200,'和布克赛尔蒙古自治县',3,'0990','834400','和布克赛尔蒙古自治县',85.7266,46.7936,'Hebukesaier'),(654300,'阿勒泰地区',650000,'阿勒泰地区',2,'0906','836500','阿勒泰地区',88.1396,47.8484,'Altay'),(654301,'阿勒泰市',654300,'阿勒泰市',3,'0906','836500','阿勒泰市',88.1391,47.8317,'Aletai'),(654321,'布尔津县',654300,'布尔津县',3,'0906','836600','布尔津县',86.8575,47.7006,'Buerjin'),(654322,'富蕴县',654300,'富蕴县',3,'0906','836100','富蕴县',89.5268,46.9944,'Fuyun'),(654323,'福海县',654300,'福海县',3,'0906','836400','福海县',87.4951,47.1106,'Fuhai'),(654324,'哈巴河县',654300,'哈巴河县',3,'0906','836700','哈巴河县',86.4209,48.0605,'Habahe'),(654325,'青河县',654300,'青河县',3,'0906','836200','青河县',90.383,46.6738,'Qinghe'),(654326,'吉木乃县',654300,'吉木乃县',3,'0906','836800','吉木乃县',85.8781,47.4336,'Jimunai'),(659000,'直辖县级',650000,'直辖县级',2,'','','直辖县级',91.1322,29.6604,''),(659001,'石河子市',659000,'石河子市',3,'0993','832000','石河子市',86.0411,44.3059,'Shihezi'),(659002,'阿拉尔市',659000,'阿拉尔市',3,'0997','843300','阿拉尔市',81.2859,40.5419,'Aral'),(659003,'图木舒克市',659000,'图木舒克市',3,'0998','843806','图木舒克市',79.078,39.8673,'Tumxuk'),(659004,'五家渠市',659000,'五家渠市',3,'0994','831300','五家渠市',87.5269,44.1674,'Wujiaqu'),(659005,'北屯市',659000,'北屯市',3,'0906','836000','北屯市',87.8085,47.3623,'Beitun'),(659006,'铁门关市',659000,'铁门关市',3,'0906','836000','铁门关市',86.1947,41.811,'Tiemenguan'),(659007,'双河市',659000,'双河市',3,'0909','833408','双河市',91.1322,29.6604,'Shuanghe'),(710000,'台湾',100000,'台湾',1,'','','台湾',121.509,25.0443,'Taiwan'),(710100,'台北市',710000,'台北市',2,'02','1','台北市',121.565,25.0378,'Taipei'),(710101,'松山区',710100,'松山区',3,'02','105','松山区',121.577,25.0497,'Songshan'),(710102,'信义区',710100,'信义区',3,'02','110','信义区',121.751,25.1294,'Xinyi'),(710103,'大安区',710100,'大安区',3,'02','106','大安区',121.535,25.0264,'Da\'an'),(710104,'中山区',710100,'中山区',3,'02','104','中山区',121.533,25.0644,'Zhongshan'),(710105,'中正区',710100,'中正区',3,'02','100','中正区',121.518,25.0324,'Zhongzheng'),(710106,'大同区',710100,'大同区',3,'02','103','大同区',121.516,25.066,'Datong'),(710107,'万华区',710100,'万华区',3,'02','108','万华区',121.499,25.0319,'Wanhua'),(710108,'文山区',710100,'文山区',3,'02','116','文山区',121.57,24.9898,'Wenshan'),(710109,'南港区',710100,'南港区',3,'02','115','南港区',121.607,25.0547,'Nangang'),(710110,'内湖区',710100,'内湖区',3,'02','114','内湖区',121.589,25.0697,'Nahu'),(710111,'士林区',710100,'士林区',3,'02','111','士林区',121.52,25.0928,'Shilin'),(710112,'北投区',710100,'北投区',3,'02','112','北投区',121.501,25.1324,'Beitou'),(710200,'高雄市',710000,'高雄市',2,'07','8','高雄市',120.312,22.6209,'Kaohsiung'),(710201,'盐埕区',710200,'盐埕区',3,'07','803','盐埕区',120.287,22.6247,'Yancheng'),(710202,'鼓山区',710200,'鼓山区',3,'07','804','鼓山区',120.281,22.6368,'Gushan'),(710203,'左营区',710200,'左营区',3,'07','813','左营区',120.295,22.6901,'Zuoying'),(710204,'楠梓区',710200,'楠梓区',3,'07','811','楠梓区',120.326,22.7284,'Nanzi'),(710205,'三民区',710200,'三民区',3,'07','807','三民区',120.3,22.6477,'Sanmin'),(710206,'新兴区',710200,'新兴区',3,'07','800','新兴区',120.31,22.6311,'Xinxing'),(710207,'前金区',710200,'前金区',3,'07','801','前金区',120.294,22.6274,'Qianjin'),(710208,'苓雅区',710200,'苓雅区',3,'07','802','苓雅区',120.312,22.6218,'Lingya'),(710209,'前镇区',710200,'前镇区',3,'07','806','前镇区',120.319,22.5864,'Qianzhen'),(710210,'旗津区',710200,'旗津区',3,'07','805','旗津区',120.284,22.5906,'Qijin'),(710211,'小港区',710200,'小港区',3,'07','812','小港区',120.338,22.5654,'Xiaogang'),(710212,'凤山区',710200,'凤山区',3,'07','830','凤山区',120.357,22.6269,'Fengshan'),(710213,'林园区',710200,'林园区',3,'07','832','林园区',120.396,22.5015,'Linyuan'),(710214,'大寮区',710200,'大寮区',3,'07','831','大寮区',120.395,22.6054,'Daliao'),(710215,'大树区',710200,'大树区',3,'07','840','大树区',120.433,22.6934,'Dashu'),(710216,'大社区',710200,'大社区',3,'07','815','大社区',120.347,22.73,'Dashe'),(710217,'仁武区',710200,'仁武区',3,'07','814','仁武区',120.348,22.7019,'Renwu'),(710218,'鸟松区',710200,'鸟松区',3,'07','833','鸟松区',120.364,22.6593,'Niaosong'),(710219,'冈山区',710200,'冈山区',3,'07','820','冈山区',120.296,22.7968,'Gangshan'),(710220,'桥头区',710200,'桥头区',3,'07','825','桥头区',120.306,22.7575,'Qiaotou'),(710221,'燕巢区',710200,'燕巢区',3,'07','824','燕巢区',120.362,22.7934,'Yanchao'),(710222,'田寮区',710200,'田寮区',3,'07','823','田寮区',120.36,22.8693,'Tianliao'),(710223,'阿莲区',710200,'阿莲区',3,'07','822','阿莲区',120.327,22.8837,'Alian'),(710224,'路竹区',710200,'路竹区',3,'07','821','路竹区',120.262,22.8569,'Luzhu'),(710225,'湖内区',710200,'湖内区',3,'07','829','湖内区',120.212,22.9082,'Huna'),(710226,'茄萣区',710200,'茄萣区',3,'07','852','茄萣区',120.183,22.9066,'Qieding'),(710227,'永安区',710200,'永安区',3,'07','828','永安区',120.225,22.8186,'Yong\'an'),(710228,'弥陀区',710200,'弥陀区',3,'07','827','弥陀区',120.247,22.7829,'Mituo'),(710229,'梓官区',710200,'梓官区',3,'07','826','梓官区',120.267,22.7605,'Ziguan'),(710230,'旗山区',710200,'旗山区',3,'07','842','旗山区',120.484,22.8885,'Qishan'),(710231,'美浓区',710200,'美浓区',3,'07','843','美浓区',120.542,22.8979,'Meinong'),(710232,'六龟区',710200,'六龟区',3,'07','844','六龟区',120.633,22.9979,'Liugui'),(710233,'甲仙区',710200,'甲仙区',3,'07','847','甲仙区',120.591,23.0847,'Jiaxian'),(710234,'杉林区',710200,'杉林区',3,'07','846','杉林区',120.539,22.9707,'Shanlin'),(710235,'内门区',710200,'内门区',3,'07','845','内门区',120.462,22.9434,'Namen'),(710236,'茂林区',710200,'茂林区',3,'07','851','茂林区',120.663,22.8862,'Maolin'),(710237,'桃源区',710200,'桃源区',3,'07','848','桃源区',120.76,23.1591,'Taoyuan'),(710238,'那玛夏区',710200,'那玛夏区',3,'07','849','那玛夏区',120.693,23.217,'Namaxia'),(710300,'基隆市',710000,'基隆市',2,'02','2','基隆市',121.746,25.1307,'Keelung'),(710301,'中正区',710300,'中正区',3,'02','202','中正区',121.518,25.0324,'Zhongzheng'),(710302,'七堵区',710300,'七堵区',3,'02','206','七堵区',121.713,25.0957,'Qidu'),(710303,'暖暖区',710300,'暖暖区',3,'02','205','暖暖区',121.736,25.0998,'Nuannuan'),(710304,'仁爱区',710300,'仁爱区',3,'02','200','仁爱区',121.741,25.1275,'Renai'),(710305,'中山区',710300,'中山区',3,'02','203','中山区',121.739,25.134,'Zhongshan'),(710306,'安乐区',710300,'安乐区',3,'02','204','安乐区',121.723,25.1209,'Anle'),(710307,'信义区',710300,'信义区',3,'02','201','信义区',121.751,25.1294,'Xinyi'),(710400,'台中市',710000,'台中市',2,'04','4','台中市',120.679,24.1386,'Taichung'),(710401,'中区',710400,'中区',3,'04','400','中区',120.68,24.1438,'Zhongqu'),(710402,'东区',710400,'东区',3,'04','401','东区',120.704,24.1366,'Dongqu'),(710403,'南区',710400,'南区',3,'04','402','南区',120.189,22.9609,'Nanqu'),(710404,'西区',710400,'西区',3,'04','403','西区',120.671,24.1414,'Xiqu'),(710405,'北区',710400,'北区',3,'04','404','北区',120.682,24.166,'Beiqu'),(710406,'西屯区',710400,'西屯区',3,'04','407','西屯区',120.64,24.1813,'Xitun'),(710407,'南屯区',710400,'南屯区',3,'04','408','南屯区',120.643,24.1383,'Nantun'),(710408,'北屯区',710400,'北屯区',3,'04','406','北屯区',120.686,24.1822,'Beitun'),(710409,'丰原区',710400,'丰原区',3,'04','420','丰原区',120.718,24.2422,'Fengyuan'),(710410,'东势区',710400,'东势区',3,'04','423','东势区',120.828,24.2586,'Dongshi'),(710411,'大甲区',710400,'大甲区',3,'04','437','大甲区',120.622,24.3489,'Dajia'),(710412,'清水区',710400,'清水区',3,'04','436','清水区',120.56,24.2687,'Qingshui'),(710413,'沙鹿区',710400,'沙鹿区',3,'04','433','沙鹿区',120.566,24.2335,'Shalu'),(710414,'梧栖区',710400,'梧栖区',3,'04','435','梧栖区',120.532,24.255,'Wuqi'),(710415,'后里区',710400,'后里区',3,'04','421','后里区',120.711,24.3049,'Houli'),(710416,'神冈区',710400,'神冈区',3,'04','429','神冈区',120.662,24.2578,'Shengang'),(710417,'潭子区',710400,'潭子区',3,'04','427','潭子区',120.705,24.2095,'Tanzi'),(710418,'大雅区',710400,'大雅区',3,'04','428','大雅区',120.648,24.2292,'Daya'),(710419,'新社区',710400,'新社区',3,'04','426','新社区',120.81,24.2341,'Xinshe'),(710420,'石冈区',710400,'石冈区',3,'04','422','石冈区',120.78,24.275,'Shigang'),(710421,'外埔区',710400,'外埔区',3,'04','438','外埔区',120.654,24.332,'Waipu'),(710422,'大安区',710400,'大安区',3,'04','439','大安区',120.587,24.3461,'Da\'an'),(710423,'乌日区',710400,'乌日区',3,'04','414','乌日区',120.624,24.1045,'Wuri'),(710424,'大肚区',710400,'大肚区',3,'04','432','大肚区',120.541,24.1537,'Dadu'),(710425,'龙井区',710400,'龙井区',3,'04','434','龙井区',120.546,24.1927,'Longjing'),(710426,'雾峰区',710400,'雾峰区',3,'04','413','雾峰区',120.7,24.0615,'Wufeng'),(710427,'太平区',710400,'太平区',3,'04','411','太平区',120.719,24.1265,'Taiping'),(710428,'大里区',710400,'大里区',3,'04','412','大里区',120.678,24.0994,'Dali'),(710429,'和平区',710400,'和平区',3,'04','424','和平区',120.883,24.1748,'Heping'),(710500,'台南市',710000,'台南市',2,'06','7','台南市',120.279,23.1725,'Tainan'),(710501,'东区',710500,'东区',3,'06','701','东区',120.224,22.9801,'Dongqu'),(710502,'南区',710500,'南区',3,'06','702','南区',120.189,22.9609,'Nanqu'),(710504,'北区',710500,'北区',3,'06','704','北区',120.682,24.166,'Beiqu'),(710506,'安南区',710500,'安南区',3,'06','709','安南区',120.185,23.0472,'Annan'),(710507,'安平区',710500,'安平区',3,'06','708','安平区',120.167,23.0008,'Anping'),(710508,'中西区',710500,'中西区',3,'06','700','中西区',120.206,22.9922,'Zhongxi'),(710509,'新营区',710500,'新营区',3,'06','730','新营区',120.317,23.3103,'Xinying'),(710510,'盐水区',710500,'盐水区',3,'06','737','盐水区',120.266,23.3198,'Yanshui'),(710511,'白河区',710500,'白河区',3,'06','732','白河区',120.416,23.3512,'Baihe'),(710512,'柳营区',710500,'柳营区',3,'06','736','柳营区',120.311,23.2781,'Liuying'),(710513,'后壁区',710500,'后壁区',3,'06','731','后壁区',120.363,23.3667,'Houbi'),(710514,'东山区',710500,'东山区',3,'06','733','东山区',120.404,23.3261,'Dongshan'),(710515,'麻豆区',710500,'麻豆区',3,'06','721','麻豆区',120.248,23.1817,'Madou'),(710516,'下营区',710500,'下营区',3,'06','735','下营区',120.264,23.2354,'Xiaying'),(710517,'六甲区',710500,'六甲区',3,'06','734','六甲区',120.348,23.2319,'Liujia'),(710518,'官田区',710500,'官田区',3,'06','720','官田区',120.314,23.1947,'Guantian'),(710519,'大内区',710500,'大内区',3,'06','742','大内区',120.349,23.1195,'Dana'),(710520,'佳里区',710500,'佳里区',3,'06','722','佳里区',120.177,23.1651,'Jiali'),(710521,'学甲区',710500,'学甲区',3,'06','726','学甲区',120.18,23.2323,'Xuejia'),(710522,'西港区',710500,'西港区',3,'06','723','西港区',120.204,23.1231,'Xigang'),(710523,'七股区',710500,'七股区',3,'06','724','七股区',120.14,23.1405,'Qigu'),(710524,'将军区',710500,'将军区',3,'06','725','将军区',120.157,23.1995,'Jiangjun'),(710525,'北门区',710500,'北门区',3,'06','727','北门区',120.126,23.2671,'Beimen'),(710526,'新化区',710500,'新化区',3,'06','712','新化区',120.311,23.0385,'Xinhua'),(710527,'善化区',710500,'善化区',3,'06','741','善化区',120.297,23.1323,'Shanhua'),(710528,'新市区',710500,'新市区',3,'06','744','新市区',120.295,23.079,'Xinshi'),(710529,'安定区',710500,'安定区',3,'06','745','安定区',120.237,23.1215,'Anding'),(710530,'山上区',710500,'山上区',3,'06','743','山上区',120.353,23.1032,'Shanshang'),(710531,'玉井区',710500,'玉井区',3,'06','714','玉井区',120.46,23.1239,'Yujing'),(710532,'楠西区',710500,'楠西区',3,'06','715','楠西区',120.485,23.1735,'Nanxi'),(710533,'南化区',710500,'南化区',3,'06','716','南化区',120.477,23.0426,'Nanhua'),(710534,'左镇区',710500,'左镇区',3,'06','713','左镇区',120.407,23.058,'Zuozhen'),(710535,'仁德区',710500,'仁德区',3,'06','717','仁德区',120.252,22.9722,'Rende'),(710536,'归仁区',710500,'归仁区',3,'06','711','归仁区',120.294,22.9671,'Guiren'),(710537,'关庙区',710500,'关庙区',3,'06','718','关庙区',120.328,22.9629,'Guanmiao'),(710538,'龙崎区',710500,'龙崎区',3,'06','719','龙崎区',120.361,22.9657,'Longqi'),(710539,'永康区',710500,'永康区',3,'06','710','永康区',120.257,23.0261,'Yongkang'),(710600,'新竹市',710000,'新竹市',2,'03','3','新竹市',120.969,24.8067,'Hsinchu'),(710601,'东区',710600,'东区',3,'03','300','东区',120.97,24.8013,'Dongqu'),(710602,'北区',710600,'北区',3,'03','','北区',120.682,24.166,'Beiqu'),(710603,'香山区',710600,'香山区',3,'03','','香山区',120.957,24.7689,'Xiangshan'),(710700,'嘉义市',710000,'嘉义市',2,'05','6','嘉义市',120.453,23.4816,'Chiayi'),(710701,'东区',710700,'东区',3,'05','600','东区',120.458,23.4862,'Dongqu'),(710702,'西区',710700,'西区',3,'05','600','西区',120.437,23.473,'Xiqu'),(710800,'新北市',710000,'新北市',2,'02','2','新北市',121.466,25.0124,'New Taipei'),(710801,'板桥区',710800,'板桥区',3,'02','220','板桥区',121.459,25.0096,'Banqiao'),(710802,'三重区',710800,'三重区',3,'02','241','三重区',121.488,25.0615,'Sanzhong'),(710803,'中和区',710800,'中和区',3,'02','235','中和区',121.499,24.9994,'Zhonghe'),(710804,'永和区',710800,'永和区',3,'02','234','永和区',121.514,25.0078,'Yonghe'),(710805,'新庄区',710800,'新庄区',3,'02','242','新庄区',121.45,25.0359,'Xinzhuang'),(710806,'新店区',710800,'新店区',3,'02','231','新店区',121.542,24.9676,'Xindian'),(710807,'树林区',710800,'树林区',3,'02','238','树林区',121.421,24.9907,'Shulin'),(710808,'莺歌区',710800,'莺歌区',3,'02','239','莺歌区',121.355,24.9554,'Yingge'),(710809,'三峡区',710800,'三峡区',3,'02','237','三峡区',121.369,24.9343,'Sanxia'),(710810,'淡水区',710800,'淡水区',3,'02','251','淡水区',121.441,25.1695,'Danshui'),(710811,'汐止区',710800,'汐止区',3,'02','221','汐止区',121.629,25.063,'Xizhi'),(710812,'瑞芳区',710800,'瑞芳区',3,'02','224','瑞芳区',121.81,25.1089,'Ruifang'),(710813,'土城区',710800,'土城区',3,'02','236','土城区',121.443,24.9722,'Tucheng'),(710814,'芦洲区',710800,'芦洲区',3,'02','247','芦洲区',121.474,25.0849,'Luzhou'),(710815,'五股区',710800,'五股区',3,'02','248','五股区',121.438,25.0827,'Wugu'),(710816,'泰山区',710800,'泰山区',3,'02','243','泰山区',121.431,25.0589,'Taishan'),(710817,'林口区',710800,'林口区',3,'02','244','林口区',121.392,25.0775,'Linkou'),(710818,'深坑区',710800,'深坑区',3,'02','222','深坑区',121.616,25.0023,'Shenkeng'),(710819,'石碇区',710800,'石碇区',3,'02','223','石碇区',121.659,24.9917,'Shiding'),(710820,'坪林区',710800,'坪林区',3,'02','232','坪林区',121.711,24.9374,'Pinglin'),(710821,'三芝区',710800,'三芝区',3,'02','252','三芝区',121.501,25.258,'Sanzhi'),(710822,'石门区',710800,'石门区',3,'02','253','石门区',121.568,25.2904,'Shimen'),(710823,'八里区',710800,'八里区',3,'02','249','八里区',121.398,25.1467,'Bali'),(710824,'平溪区',710800,'平溪区',3,'02','226','平溪区',121.738,25.0257,'Pingxi'),(710825,'双溪区',710800,'双溪区',3,'02','227','双溪区',121.866,25.0334,'Shuangxi'),(710826,'贡寮区',710800,'贡寮区',3,'02','228','贡寮区',121.908,25.0224,'Gongliao'),(710827,'金山区',710800,'金山区',3,'02','208','金山区',121.636,25.2219,'Jinshan'),(710828,'万里区',710800,'万里区',3,'02','207','万里区',121.689,25.1812,'Wanli'),(710829,'乌来区',710800,'乌来区',3,'02','233','乌来区',121.551,24.8653,'Wulai'),(712200,'宜兰县',710000,'宜兰县',2,'03','2','宜兰县',121.5,24.6,'Yilan'),(712201,'宜兰市',712200,'宜兰市',3,'03','260','宜兰市',121.753,24.7517,'Yilan'),(712221,'罗东镇',712200,'罗东镇',3,'03','265','罗东镇',121.767,24.677,'Luodong'),(712222,'苏澳镇',712200,'苏澳镇',3,'03','270','苏澳镇',121.843,24.5946,'Suao'),(712223,'头城镇',712200,'头城镇',3,'03','261','头城镇',121.823,24.8592,'Toucheng'),(712224,'礁溪乡',712200,'礁溪乡',3,'03','262','礁溪乡',121.767,24.8223,'Jiaoxi'),(712225,'壮围乡',712200,'壮围乡',3,'03','263','壮围乡',121.782,24.7449,'Zhuangwei'),(712226,'员山乡',712200,'员山乡',3,'03','264','员山乡',121.722,24.7418,'Yuanshan'),(712227,'冬山乡',712200,'冬山乡',3,'03','269','冬山乡',121.792,24.6345,'Dongshan'),(712228,'五结乡',712200,'五结乡',3,'03','268','五结乡',121.798,24.6846,'Wujie'),(712229,'三星乡',712200,'三星乡',3,'03','266','三星乡',121.003,23.7753,'Sanxing'),(712230,'大同乡',712200,'大同乡',3,'03','267','大同乡',121.606,24.676,'Datong'),(712231,'南澳乡',712200,'南澳乡',3,'03','272','南澳乡',121.8,24.4654,'Nanao'),(712300,'桃园县',710000,'桃园县',2,'03','3','桃园县',121.083,25,'Taoyuan'),(712301,'桃园市',712300,'桃园市',3,'03','330','桃园市',121.301,24.9938,'Taoyuan'),(712302,'中坜市',712300,'中坜市',3,'03','320','中坜市',121.225,24.9654,'Zhongli'),(712303,'平镇市',712300,'平镇市',3,'03','324','平镇市',121.218,24.9458,'Pingzhen'),(712304,'八德市',712300,'八德市',3,'03','334','八德市',121.285,24.9287,'Bade'),(712305,'杨梅市',712300,'杨梅市',3,'03','326','杨梅市',121.146,24.9076,'Yangmei'),(712306,'芦竹市',712300,'芦竹市',3,'03','338','芦竹市',121.292,25.0454,'Luzhu'),(712321,'大溪镇',712300,'大溪镇',3,'03','335','大溪镇',121.287,24.8806,'Daxi'),(712324,'大园乡',712300,'大园乡',3,'03','337','大园乡',121.196,25.0645,'Dayuan'),(712325,'龟山乡',712300,'龟山乡',3,'03','333','龟山乡',121.338,24.9925,'Guishan'),(712327,'龙潭乡',712300,'龙潭乡',3,'03','325','龙潭乡',121.216,24.8639,'Longtan'),(712329,'新屋乡',712300,'新屋乡',3,'03','327','新屋乡',121.106,24.9722,'Xinwu'),(712330,'观音乡',712300,'观音乡',3,'03','328','观音乡',121.078,25.0333,'Guanyin'),(712331,'复兴乡',712300,'复兴乡',3,'03','336','复兴乡',121.353,24.8209,'Fuxing'),(712400,'新竹县',710000,'新竹县',2,'03','3','新竹县',121.16,24.6,'Hsinchu'),(712401,'竹北市',712400,'竹北市',3,'03','302','竹北市',121.004,24.8397,'Zhubei'),(712421,'竹东镇',712400,'竹东镇',3,'03','310','竹东镇',121.086,24.7336,'Zhudong'),(712422,'新埔镇',712400,'新埔镇',3,'03','305','新埔镇',121.073,24.8248,'Xinpu'),(712423,'关西镇',712400,'关西镇',3,'03','306','关西镇',121.177,24.7888,'Guanxi'),(712424,'湖口乡',712400,'湖口乡',3,'03','303','湖口乡',121.044,24.9039,'Hukou'),(712425,'新丰乡',712400,'新丰乡',3,'03','304','新丰乡',120.983,24.8996,'Xinfeng'),(712426,'芎林乡',712400,'芎林乡',3,'03','307','芎林乡',121.077,24.7744,'Xionglin'),(712427,'横山乡',712400,'横山乡',3,'03','312','横山乡',121.116,24.7208,'Hengshan'),(712428,'北埔乡',712400,'北埔乡',3,'03','314','北埔乡',121.053,24.6971,'Beipu'),(712429,'宝山乡',712400,'宝山乡',3,'03','308','宝山乡',120.986,24.761,'Baoshan'),(712430,'峨眉乡',712400,'峨眉乡',3,'03','315','峨眉乡',121.015,24.6861,'Emei'),(712431,'尖石乡',712400,'尖石乡',3,'03','313','尖石乡',121.198,24.7044,'Jianshi'),(712432,'五峰乡',712400,'五峰乡',3,'03','311','五峰乡',121.003,23.7753,'Wufeng'),(712500,'苗栗县',710000,'苗栗县',2,'037','3','苗栗县',120.75,24.5,'Miaoli'),(712501,'苗栗市',712500,'苗栗市',3,'037','360','苗栗市',120.819,24.5615,'Miaoli'),(712521,'苑里镇',712500,'苑里镇',3,'037','358','苑里镇',120.649,24.4417,'Yuanli'),(712522,'通霄镇',712500,'通霄镇',3,'037','357','通霄镇',120.677,24.4891,'Tongxiao'),(712523,'竹南镇',712500,'竹南镇',3,'037','350','竹南镇',120.873,24.6855,'Zhunan'),(712524,'头份镇',712500,'头份镇',3,'037','351','头份镇',120.895,24.688,'Toufen'),(712525,'后龙镇',712500,'后龙镇',3,'037','356','后龙镇',120.786,24.6126,'Houlong'),(712526,'卓兰镇',712500,'卓兰镇',3,'037','369','卓兰镇',120.823,24.3095,'Zhuolan'),(712527,'大湖乡',712500,'大湖乡',3,'037','364','大湖乡',120.864,24.4225,'Dahu'),(712528,'公馆乡',712500,'公馆乡',3,'037','363','公馆乡',120.823,24.4991,'Gongguan'),(712529,'铜锣乡',712500,'铜锣乡',3,'037','366','铜锣乡',121.003,23.7753,'Tongluo'),(712530,'南庄乡',712500,'南庄乡',3,'037','353','南庄乡',120.995,24.5968,'Nanzhuang'),(712531,'头屋乡',712500,'头屋乡',3,'037','362','头屋乡',120.847,24.5742,'Touwu'),(712532,'三义乡',712500,'三义乡',3,'037','367','三义乡',120.742,24.3503,'Sanyi'),(712533,'西湖乡',712500,'西湖乡',3,'037','368','西湖乡',121.003,23.7753,'Xihu'),(712534,'造桥乡',712500,'造桥乡',3,'037','361','造桥乡',120.862,24.6375,'Zaoqiao'),(712535,'三湾乡',712500,'三湾乡',3,'037','352','三湾乡',120.951,24.6511,'Sanwan'),(712536,'狮潭乡',712500,'狮潭乡',3,'037','354','狮潭乡',120.918,24.54,'Shitan'),(712537,'泰安乡',712500,'泰安乡',3,'037','365','泰安乡',120.904,24.4426,'Tai\'an'),(712700,'彰化县',710000,'彰化县',2,'04','5','彰化县',120.416,24,'Changhua'),(712701,'彰化市',712700,'彰化市',3,'04','500','彰化市',120.542,24.0809,'Zhanghuashi'),(712721,'鹿港镇',712700,'鹿港镇',3,'04','505','鹿港镇',120.435,24.0569,'Lugang'),(712722,'和美镇',712700,'和美镇',3,'04','508','和美镇',120.5,24.1109,'Hemei'),(712723,'线西乡',712700,'线西乡',3,'04','507','线西乡',120.466,24.1287,'Xianxi'),(712724,'伸港乡',712700,'伸港乡',3,'04','509','伸港乡',120.484,24.1461,'Shengang'),(712725,'福兴乡',712700,'福兴乡',3,'04','506','福兴乡',120.444,24.0479,'Fuxing'),(712726,'秀水乡',712700,'秀水乡',3,'04','504','秀水乡',120.503,24.0353,'Xiushui'),(712727,'花坛乡',712700,'花坛乡',3,'04','503','花坛乡',120.538,24.0294,'Huatan'),(712728,'芬园乡',712700,'芬园乡',3,'04','502','芬园乡',120.629,24.0137,'Fenyuan'),(712729,'员林镇',712700,'员林镇',3,'04','510','员林镇',120.575,23.959,'Yuanlin'),(712730,'溪湖镇',712700,'溪湖镇',3,'04','514','溪湖镇',120.479,23.9623,'Xihu'),(712731,'田中镇',712700,'田中镇',3,'04','520','田中镇',120.581,23.8617,'Tianzhong'),(712732,'大村乡',712700,'大村乡',3,'04','515','大村乡',120.541,23.9937,'Dacun'),(712733,'埔盐乡',712700,'埔盐乡',3,'04','516','埔盐乡',120.464,24.0003,'Puyan'),(712734,'埔心乡',712700,'埔心乡',3,'04','513','埔心乡',120.544,23.953,'Puxin'),(712735,'永靖乡',712700,'永靖乡',3,'04','512','永靖乡',120.548,23.9247,'Yongjing'),(712736,'社头乡',712700,'社头乡',3,'04','511','社头乡',120.583,23.8967,'Shetou'),(712737,'二水乡',712700,'二水乡',3,'04','530','二水乡',120.619,23.807,'Ershui'),(712738,'北斗镇',712700,'北斗镇',3,'04','521','北斗镇',120.52,23.8709,'Beidou'),(712739,'二林镇',712700,'二林镇',3,'04','526','二林镇',120.374,23.8998,'Erlin'),(712740,'田尾乡',712700,'田尾乡',3,'04','522','田尾乡',120.525,23.8907,'Tianwei'),(712741,'埤头乡',712700,'埤头乡',3,'04','523','埤头乡',120.463,23.8913,'Pitou'),(712742,'芳苑乡',712700,'芳苑乡',3,'04','528','芳苑乡',120.32,23.9242,'Fangyuan'),(712743,'大城乡',712700,'大城乡',3,'04','527','大城乡',120.321,23.8524,'Dacheng'),(712744,'竹塘乡',712700,'竹塘乡',3,'04','525','竹塘乡',120.427,23.8601,'Zhutang'),(712745,'溪州乡',712700,'溪州乡',3,'04','524','溪州乡',120.499,23.8512,'Xizhou'),(712800,'南投县',710000,'南投县',2,'049','5','南投县',120.83,23.83,'Nantou'),(712801,'南投市',712800,'南投市',3,'049','540','南投市',120.684,23.91,'Nantoushi'),(712821,'埔里镇',712800,'埔里镇',3,'049','545','埔里镇',120.965,23.9648,'Puli'),(712822,'草屯镇',712800,'草屯镇',3,'049','542','草屯镇',120.68,23.9739,'Caotun'),(712823,'竹山镇',712800,'竹山镇',3,'049','557','竹山镇',120.672,23.7577,'Zhushan'),(712824,'集集镇',712800,'集集镇',3,'049','552','集集镇',120.784,23.829,'Jiji'),(712825,'名间乡',712800,'名间乡',3,'049','551','名间乡',120.703,23.8384,'Mingjian'),(712826,'鹿谷乡',712800,'鹿谷乡',3,'049','558','鹿谷乡',120.753,23.7445,'Lugu'),(712827,'中寮乡',712800,'中寮乡',3,'049','541','中寮乡',120.767,23.8789,'Zhongliao'),(712828,'鱼池乡',712800,'鱼池乡',3,'049','555','鱼池乡',120.936,23.8964,'Yuchi'),(712829,'国姓乡',712800,'国姓乡',3,'049','544','国姓乡',120.859,24.0423,'Guoxing'),(712830,'水里乡',712800,'水里乡',3,'049','553','水里乡',120.856,23.8121,'Shuili'),(712831,'信义乡',712800,'信义乡',3,'049','556','信义乡',120.855,23.6999,'Xinyi'),(712832,'仁爱乡',712800,'仁爱乡',3,'049','546','仁爱乡',121.134,24.0244,'Renai'),(712900,'云林县',710000,'云林县',2,'05','6','云林县',120.25,23.75,'Yunlin'),(712901,'斗六市',712900,'斗六市',3,'05','640','斗六市',120.527,23.6977,'Douliu'),(712921,'斗南镇',712900,'斗南镇',3,'05','630','斗南镇',120.479,23.6797,'Dounan'),(712922,'虎尾镇',712900,'虎尾镇',3,'05','632','虎尾镇',120.445,23.7082,'Huwei'),(712923,'西螺镇',712900,'西螺镇',3,'05','648','西螺镇',120.466,23.798,'Xiluo'),(712924,'土库镇',712900,'土库镇',3,'05','633','土库镇',120.393,23.6778,'Tuku'),(712925,'北港镇',712900,'北港镇',3,'05','651','北港镇',120.302,23.5755,'Beigang'),(712926,'古坑乡',712900,'古坑乡',3,'05','646','古坑乡',120.562,23.6426,'Gukeng'),(712927,'大埤乡',712900,'大埤乡',3,'05','631','大埤乡',120.431,23.6459,'Dapi'),(712928,'莿桐乡',712900,'莿桐乡',3,'05','647','莿桐乡',120.502,23.7608,'Citong'),(712929,'林内乡',712900,'林内乡',3,'05','643','林内乡',120.611,23.7587,'Linna'),(712930,'二仑乡',712900,'二仑乡',3,'05','649','二仑乡',120.415,23.7713,'Erlun'),(712931,'仑背乡',712900,'仑背乡',3,'05','637','仑背乡',120.354,23.7588,'Lunbei'),(712932,'麦寮乡',712900,'麦寮乡',3,'05','638','麦寮乡',120.252,23.7538,'Mailiao'),(712933,'东势乡',712900,'东势乡',3,'05','635','东势乡',120.253,23.6747,'Dongshi'),(712934,'褒忠乡',712900,'褒忠乡',3,'05','634','褒忠乡',120.31,23.6942,'Baozhong'),(712935,'台西乡',712900,'台西乡',3,'05','636','台西乡',120.196,23.7028,'Taixi'),(712936,'元长乡',712900,'元长乡',3,'05','655','元长乡',120.315,23.6495,'Yuanchang'),(712937,'四湖乡',712900,'四湖乡',3,'05','654','四湖乡',120.226,23.6377,'Sihu'),(712938,'口湖乡',712900,'口湖乡',3,'05','653','口湖乡',120.185,23.5824,'Kouhu'),(712939,'水林乡',712900,'水林乡',3,'05','652','水林乡',120.246,23.5726,'Shuilin'),(713000,'嘉义县',710000,'嘉义县',2,'05','6','嘉义县',120.3,23.5,'Chiayi'),(713001,'太保市',713000,'太保市',3,'05','612','太保市',120.333,23.4596,'Taibao'),(713002,'朴子市',713000,'朴子市',3,'05','613','朴子市',120.247,23.465,'Puzi'),(713023,'布袋镇',713000,'布袋镇',3,'05','625','布袋镇',120.167,23.378,'Budai'),(713024,'大林镇',713000,'大林镇',3,'05','622','大林镇',120.471,23.6038,'Dalin'),(713025,'民雄乡',713000,'民雄乡',3,'05','621','民雄乡',120.429,23.5515,'Minxiong'),(713026,'溪口乡',713000,'溪口乡',3,'05','623','溪口乡',120.394,23.6022,'Xikou'),(713027,'新港乡',713000,'新港乡',3,'05','616','新港乡',120.348,23.5518,'Xingang'),(713028,'六脚乡',713000,'六脚乡',3,'05','615','六脚乡',120.291,23.4939,'Liujiao'),(713029,'东石乡',713000,'东石乡',3,'05','614','东石乡',120.154,23.4592,'Dongshi'),(713030,'义竹乡',713000,'义竹乡',3,'05','624','义竹乡',120.243,23.3363,'Yizhu'),(713031,'鹿草乡',713000,'鹿草乡',3,'05','611','鹿草乡',120.308,23.4108,'Lucao'),(713032,'水上乡',713000,'水上乡',3,'05','608','水上乡',120.398,23.4281,'Shuishang'),(713033,'中埔乡',713000,'中埔乡',3,'05','606','中埔乡',120.523,23.4251,'Zhongpu'),(713034,'竹崎乡',713000,'竹崎乡',3,'05','604','竹崎乡',120.551,23.5232,'Zhuqi'),(713035,'梅山乡',713000,'梅山乡',3,'05','603','梅山乡',120.557,23.5849,'Meishan'),(713036,'番路乡',713000,'番路乡',3,'05','602','番路乡',120.555,23.4652,'Fanlu'),(713037,'大埔乡',713000,'大埔乡',3,'05','607','大埔乡',120.594,23.2967,'Dapu'),(713038,'阿里山乡',713000,'阿里山乡',3,'05','605','阿里山乡',120.733,23.468,'Alishan'),(713300,'屏东县',710000,'屏东县',2,'08','9','屏东县',120.488,22.6828,'Pingtung'),(713301,'屏东市',713300,'屏东市',3,'08','900','屏东市',120.488,22.6697,'Pingdong'),(713321,'潮州镇',713300,'潮州镇',3,'08','920','潮州镇',120.543,22.5505,'Chaozhou'),(713322,'东港镇',713300,'东港镇',3,'08','928','东港镇',120.454,22.4666,'Donggang'),(713323,'恒春镇',713300,'恒春镇',3,'08','946','恒春镇',120.745,22.0024,'Hengchun'),(713324,'万丹乡',713300,'万丹乡',3,'08','913','万丹乡',120.485,22.5898,'Wandan'),(713325,'长治乡',713300,'长治乡',3,'08','908','长治乡',120.528,22.6771,'Changzhi'),(713326,'麟洛乡',713300,'麟洛乡',3,'08','909','麟洛乡',120.527,22.6506,'Linluo'),(713327,'九如乡',713300,'九如乡',3,'08','904','九如乡',120.49,22.7398,'Jiuru'),(713328,'里港乡',713300,'里港乡',3,'08','905','里港乡',120.494,22.7792,'Ligang'),(713329,'盐埔乡',713300,'盐埔乡',3,'08','907','盐埔乡',120.573,22.7548,'Yanpu'),(713330,'高树乡',713300,'高树乡',3,'08','906','高树乡',120.6,22.8268,'Gaoshu'),(713331,'万峦乡',713300,'万峦乡',3,'08','923','万峦乡',120.566,22.572,'Wanluan'),(713332,'内埔乡',713300,'内埔乡',3,'08','912','内埔乡',120.567,22.612,'Napu'),(713333,'竹田乡',713300,'竹田乡',3,'08','911','竹田乡',120.544,22.5847,'Zhutian'),(713334,'新埤乡',713300,'新埤乡',3,'08','925','新埤乡',120.55,22.47,'Xinpi'),(713335,'枋寮乡',713300,'枋寮乡',3,'08','940','枋寮乡',120.593,22.3656,'Fangliao'),(713336,'新园乡',713300,'新园乡',3,'08','932','新园乡',120.462,22.544,'Xinyuan'),(713337,'崁顶乡',713300,'崁顶乡',3,'08','924','崁顶乡',120.515,22.5148,'Kanding'),(713338,'林边乡',713300,'林边乡',3,'08','927','林边乡',120.515,22.434,'Linbian'),(713339,'南州乡',713300,'南州乡',3,'08','926','南州乡',120.51,22.4902,'Nanzhou'),(713340,'佳冬乡',713300,'佳冬乡',3,'08','931','佳冬乡',120.552,22.4177,'Jiadong'),(713341,'琉球乡',713300,'琉球乡',3,'08','929','琉球乡',120.369,22.3424,'Liuqiu'),(713342,'车城乡',713300,'车城乡',3,'08','944','车城乡',120.711,22.0721,'Checheng'),(713343,'满州乡',713300,'满州乡',3,'08','947','满州乡',120.839,22.0209,'Manzhou'),(713344,'枋山乡',713300,'枋山乡',3,'08','941','枋山乡',120.656,22.2603,'Fangshan'),(713345,'三地门乡',713300,'三地门乡',3,'08','901','三地门乡',120.654,22.7139,'Sandimen'),(713346,'雾台乡',713300,'雾台乡',3,'08','902','雾台乡',120.732,22.7449,'Wutai'),(713347,'玛家乡',713300,'玛家乡',3,'08','903','玛家乡',120.644,22.7067,'Majia'),(713348,'泰武乡',713300,'泰武乡',3,'08','921','泰武乡',120.633,22.5918,'Taiwu'),(713349,'来义乡',713300,'来义乡',3,'08','922','来义乡',120.634,22.5259,'Laiyi'),(713350,'春日乡',713300,'春日乡',3,'08','942','春日乡',120.629,22.3707,'Chunri'),(713351,'狮子乡',713300,'狮子乡',3,'08','943','狮子乡',120.705,22.2019,'Shizi'),(713352,'牡丹乡',713300,'牡丹乡',3,'08','945','牡丹乡',120.77,22.1257,'Mudan'),(713400,'台东县',710000,'台东县',2,'089','9','台东县',120.916,23,'Taitung'),(713401,'台东市',713400,'台东市',3,'089','950','台东市',121.146,22.756,'Taidong'),(713421,'成功镇',713400,'成功镇',3,'089','961','成功镇',121.38,23.1002,'Chenggong'),(713422,'关山镇',713400,'关山镇',3,'089','956','关山镇',121.163,23.0474,'Guanshan'),(713423,'卑南乡',713400,'卑南乡',3,'089','954','卑南乡',121.084,22.786,'Beinan'),(713424,'鹿野乡',713400,'鹿野乡',3,'089','955','鹿野乡',121.136,22.914,'Luye'),(713425,'池上乡',713400,'池上乡',3,'089','958','池上乡',121.215,23.1224,'Chishang'),(713426,'东河乡',713400,'东河乡',3,'089','959','东河乡',121.3,22.9699,'Donghe'),(713427,'长滨乡',713400,'长滨乡',3,'089','962','长滨乡',121.452,23.315,'Changbin'),(713428,'太麻里乡',713400,'太麻里乡',3,'089','963','太麻里乡',121.007,22.6154,'Taimali'),(713429,'大武乡',713400,'大武乡',3,'089','965','大武乡',120.89,22.3399,'Dawu'),(713430,'绿岛乡',713400,'绿岛乡',3,'089','951','绿岛乡',121.493,22.6617,'Lvdao'),(713431,'海端乡',713400,'海端乡',3,'089','957','海端乡',121.172,23.1011,'Haiduan'),(713432,'延平乡',713400,'延平乡',3,'089','953','延平乡',121.084,22.9024,'Yanping'),(713433,'金峰乡',713400,'金峰乡',3,'089','964','金峰乡',120.971,22.5955,'Jinfeng'),(713434,'达仁乡',713400,'达仁乡',3,'089','966','达仁乡',120.884,22.2949,'Daren'),(713435,'兰屿乡',713400,'兰屿乡',3,'089','952','兰屿乡',121.532,22.0567,'Lanyu'),(713500,'花莲县',710000,'花莲县',2,'03','9','花莲县',121.3,23.83,'Hualien'),(713501,'花莲市',713500,'花莲市',3,'03','970','花莲市',121.607,23.9821,'Hualian'),(713521,'凤林镇',713500,'凤林镇',3,'03','975','凤林镇',121.452,23.7446,'Fenglin'),(713522,'玉里镇',713500,'玉里镇',3,'03','981','玉里镇',121.316,23.3365,'Yuli'),(713523,'新城乡',713500,'新城乡',3,'03','971','新城乡',121.641,24.1281,'Xincheng'),(713524,'吉安乡',713500,'吉安乡',3,'03','973','吉安乡',121.568,23.9616,'Ji\'an'),(713525,'寿丰乡',713500,'寿丰乡',3,'03','974','寿丰乡',121.509,23.8707,'Shoufeng'),(713526,'光复乡',713500,'光复乡',3,'03','976','光复乡',121.423,23.6691,'Guangfu'),(713527,'丰滨乡',713500,'丰滨乡',3,'03','977','丰滨乡',121.519,23.5971,'Fengbin'),(713528,'瑞穗乡',713500,'瑞穗乡',3,'03','978','瑞穗乡',121.376,23.4968,'Ruisui'),(713529,'富里乡',713500,'富里乡',3,'03','983','富里乡',121.25,23.18,'Fuli'),(713530,'秀林乡',713500,'秀林乡',3,'03','972','秀林乡',121.62,24.1166,'Xiulin'),(713531,'万荣乡',713500,'万荣乡',3,'03','979','万荣乡',121.407,23.7153,'Wanrong'),(713532,'卓溪乡',713500,'卓溪乡',3,'03','982','卓溪乡',121.303,23.3464,'Zhuoxi'),(713600,'澎湖县',710000,'澎湖县',2,'06','8','澎湖县',119.566,23.5697,'Penghu'),(713601,'马公市',713600,'马公市',3,'06','880','马公市',119.566,23.5658,'Magong'),(713621,'湖西乡',713600,'湖西乡',3,'06','885','湖西乡',119.66,23.5834,'Huxi'),(713622,'白沙乡',713600,'白沙乡',3,'06','884','白沙乡',119.598,23.6661,'Baisha'),(713623,'西屿乡',713600,'西屿乡',3,'06','881','西屿乡',119.507,23.6008,'Xiyu'),(713624,'望安乡',713600,'望安乡',3,'06','882','望安乡',119.501,23.3575,'Wang\'an'),(713625,'七美乡',713600,'七美乡',3,'06','883','七美乡',119.424,23.206,'Qimei'),(713700,'金门县',710000,'金门县',2,'082','8','金门县',118.317,24.4327,'Jinmen'),(713701,'金城镇',713700,'金城镇',3,'082','893','金城镇',118.317,24.4167,'Jincheng'),(713702,'金湖镇',713700,'金湖镇',3,'082','891','金湖镇',118.42,24.4386,'Jinhu'),(713703,'金沙镇',713700,'金沙镇',3,'082','890','金沙镇',118.428,24.4811,'Jinsha'),(713704,'金宁乡',713700,'金宁乡',3,'082','892','金宁乡',118.335,24.4567,'Jinning'),(713705,'烈屿乡',713700,'烈屿乡',3,'082','894','烈屿乡',118.247,24.4331,'Lieyu'),(713706,'乌丘乡',713700,'乌丘乡',3,'082','896','乌丘乡',118.32,24.435,'Wuqiu'),(713800,'连江县',710000,'连江县',2,'0836','2','连江县',119.54,26.1974,'Lienchiang'),(713801,'南竿乡',713800,'南竿乡',3,'0836','209','南竿乡',119.944,26.144,'Nangan'),(713802,'北竿乡',713800,'北竿乡',3,'0836','210','北竿乡',120.001,26.222,'Beigan'),(713803,'莒光乡',713800,'莒光乡',3,'0836','211','莒光乡',119.94,25.9763,'Juguang'),(713804,'东引乡',713800,'东引乡',3,'0836','212','东引乡',120.494,26.3662,'Dongyin'),(810000,'香港特别行政区',100000,'香港特别行政区',1,'','','香港特别行政区',114.173,22.32,'Hong Kong'),(810100,'香港岛',810000,'香港岛',2,'00852','999077','香港岛',114.177,22.2664,'Hong Kong Island'),(810101,'中西区',810100,'中西区',3,'00852','999077','中西区',114.154,22.282,'Central and Western District'),(810102,'湾仔区',810100,'湾仔区',3,'00852','999077','湾仔区',114.183,22.2764,'Wan Chai District'),(810103,'东区',810100,'东区',3,'00852','999077','东区',114.256,22.2628,'Eastern District'),(810104,'南区',810100,'南区',3,'00852','999077','南区',114.174,22.2468,'Southern District'),(810200,'九龙',810000,'九龙',2,'00852','999077','九龙',114.175,22.3271,'Kowloon'),(810201,'油尖旺区',810200,'油尖旺区',3,'00852','999077','油尖旺区',114.173,22.3117,'Yau Tsim Mong'),(810202,'深水埗区',810200,'深水埗区',3,'00852','999077','深水埗区',114.167,22.3282,'Sham Shui Po'),(810203,'九龙城区',810200,'九龙城区',3,'00852','999077','九龙城区',114.195,22.3267,'Jiulongcheng'),(810204,'黄大仙区',810200,'黄大仙区',3,'00852','999077','黄大仙区',114.199,22.3363,'Wong Tai Sin'),(810205,'观塘区',810200,'观塘区',3,'00852','999077','观塘区',114.231,22.3094,'Kwun Tong'),(810300,'新界',810000,'新界',2,'00852','999077','新界',114.202,22.3418,'New Territories'),(810301,'荃湾区',810300,'荃湾区',3,'00852','999077','荃湾区',114.123,22.371,'Tsuen Wan'),(810302,'屯门区',810300,'屯门区',3,'00852','999077','屯门区',113.977,22.391,'Tuen Mun'),(810303,'元朗区',810300,'元朗区',3,'00852','999077','元朗区',114.04,22.4433,'Yuen Long'),(810304,'北区',810300,'北区',3,'00852','999077','北区',114.149,22.4941,'North District'),(810305,'大埔区',810300,'大埔区',3,'00852','999077','大埔区',114.172,22.4457,'Tai Po'),(810306,'西贡区',810300,'西贡区',3,'00852','999077','西贡区',114.279,22.3794,'Sai Kung'),(810307,'沙田区',810300,'沙田区',3,'00852','999077','沙田区',114.192,22.3793,'Sha Tin'),(810308,'葵青区',810300,'葵青区',3,'00852','999077','葵青区',114.139,22.3639,'Kwai Tsing'),(810309,'离岛区',810300,'离岛区',3,'00852','999077','离岛区',113.946,22.2815,'Outlying Islands'),(820000,'澳门特别行政区',100000,'澳门特别行政区',1,'','','澳门特别行政区',113.549,22.199,'Macau'),(820100,'澳门半岛',820000,'澳门半岛',2,'00853','999078','澳门半岛',113.549,22.1988,'MacauPeninsula'),(820101,'花地玛堂区',820100,'花地玛堂区',3,'00853','999078','花地玛堂区',113.552,22.2081,'Nossa Senhora de Fatima'),(820102,'圣安多尼堂区',820100,'圣安多尼堂区',3,'00853','999078','圣安多尼堂区',113.564,22.1238,'Santo Antonio'),(820103,'大堂区',820100,'大堂区',3,'00853','999078','大堂区',113.553,22.1884,'Sé'),(820104,'望德堂区',820100,'望德堂区',3,'00853','999078','望德堂区',113.551,22.1941,'Sao Lazaro'),(820105,'风顺堂区',820100,'风顺堂区',3,'00853','999078','风顺堂区',113.542,22.1874,'Sao Lourenco'),(820200,'氹仔岛',820000,'氹仔岛',2,'00853','999078','氹仔岛',113.578,22.1568,'Taipa'),(820201,'嘉模堂区',820200,'嘉模堂区',3,'00853','999078','嘉模堂区',113.565,22.149,'Our Lady Of Carmel\'s Parish'),(820300,'路环岛',820000,'路环岛',2,'00853','999078','路环岛',113.565,22.1162,'Coloane'),(820301,'圣方济各堂区',820300,'圣方济各堂区',3,'00853','999078','圣方济各堂区',113.56,22.1235,'St Francis Xavier\'s Parish'),(900000,'钓鱼岛',100000,'钓鱼岛',1,'','','钓鱼岛',123.478,25.7424,'DiaoyuDao'),(900001,' ',NULL,' ',NULL,'','',' ',NULL,NULL,'');

/*Table structure for table `users` */

DROP TABLE IF EXISTS `users`;

CREATE TABLE `users` (
  `id` int(10) unsigned NOT NULL AUTO_INCREMENT COMMENT '粉丝表ID',
  `username` varchar(50) COLLATE utf8mb4_unicode_ci NOT NULL DEFAULT '' COMMENT '用户名',
  `openid` varchar(100) COLLATE utf8mb4_unicode_ci DEFAULT '' COMMENT '小程序唯一标识符',
  `mobile` varchar(20) COLLATE utf8mb4_unicode_ci NOT NULL DEFAULT '' COMMENT '手机号',
  `password` varchar(100) COLLATE utf8mb4_unicode_ci NOT NULL DEFAULT '' COMMENT '密码',
  `token` varchar(100) COLLATE utf8mb4_unicode_ci NOT NULL DEFAULT '' COMMENT 'token',
  `token_overtime` int(10) unsigned NOT NULL DEFAULT '0' COMMENT 'token过期时间',
  `score` int(10) unsigned NOT NULL DEFAULT '0' COMMENT '红人圈分值',
  `status` tinyint(1) unsigned NOT NULL DEFAULT '1' COMMENT '状态（0：冻结；1：正常）',
  `avatar` varchar(255) CHARACTER SET utf8mb4 DEFAULT '' COMMENT '头像',
  `sex` tinyint(1) NOT NULL DEFAULT '0' COMMENT '性别（0：保密；1：男；2：女）',
  `login_count` int(11) unsigned NOT NULL DEFAULT '0' COMMENT '登录次数',
  `create_time` int(10) unsigned NOT NULL DEFAULT '0' COMMENT '创建时间',
  `update_time` int(10) NOT NULL DEFAULT '0' COMMENT '更新时间',
  `source` tinyint(1) NOT NULL DEFAULT '0' COMMENT '来源（0：web；1：wechat；2：android；3：ios；4：pad）',
  PRIMARY KEY (`id`),
  UNIQUE KEY `users_mobile_unique` (`mobile`)
) ENGINE=InnoDB AUTO_INCREMENT=13 DEFAULT CHARSET=utf8mb4 COLLATE=utf8mb4_unicode_ci COMMENT='粉丝表';

/*Data for the table `users` */

insert  into `users`(`id`,`username`,`openid`,`mobile`,`password`,`token`,`token_overtime`,`score`,`status`,`avatar`,`sex`,`login_count`,`create_time`,`update_time`,`source`) values (7,'18858287938','o58rq4kiwrThsKDgVkXG7w2YOkA4','18858287938','7e5f73ddcf7cbeba65b4575a852cac12','0d0f61bb3cad632debabd4d62602fb7b',1532080899,84,1,'',0,34,1531926219,1531994499,0),(8,'15855443131','o58rq4hiYF7DC6VIMjQT-fHWshgw','15855443131','7e5f73ddcf7cbeba65b4575a852cac12','14e8712af8f1120d9cbc2a709ad3e98c',1532693548,1,1,'',2,3,1531970295,1532607148,0),(9,'@傻小球','o58rq4hiYF7DC6VIMjQT-fHWshgw','15855443130','7e5f73ddcf7cbeba65b4575a852cac12','aee43f5f607b19997cf74fe5e3af0b17',1532692989,21,0,'https://wx.qlogo.cn/mmopen/vi_32/DYAIOgq83erkwU2bTS5aA1YSokibyJ6w1Z4DYOmvKqeMLR8ArH1U1G0CAhHbJ4u0eiboMCNB7QnhiaGZ6CIIXOsFA/132',0,20,1531972717,1532606589,0),(10,'15855443132','o58rq4hiYF7DC6VIMjQT-fHWshgw','15855443132','7e5f73ddcf7cbeba65b4575a852cac12','c7f3d4138cc0802c125b96932163a4ad',1532060531,4,1,'',0,1,1531974131,0,1),(11,'15855443133','o58rq4hiYF7DC6VIMjQT-fHWshgw','15855443133','7e5f73ddcf7cbeba65b4575a852cac12','b6427731c7254c9ce7eebb6cfb97c8e1',1532067465,0,1,'',0,1,1531981065,0,1),(12,'18858183767','o58rq4kiwrThsKDgVkXG7w2YOkA4','18858183767','61cda4226684dc0b09c375bb30d5873f','b32dafcf44106b5d5c7e0ee45a8e435a',1532086886,4,1,'/upload/image/fans/20180720/20180720170606.jpg',1,1,1532000486,0,1);

/*Table structure for table `users_address` */

DROP TABLE IF EXISTS `users_address`;

CREATE TABLE `users_address` (
  `id` int(11) unsigned NOT NULL AUTO_INCREMENT,
  `user_id` int(11) unsigned NOT NULL DEFAULT '0' COMMENT '用户ID',
  `province` varchar(50) COLLATE utf8mb4_unicode_ci NOT NULL DEFAULT '' COMMENT '省',
  `city` varchar(100) COLLATE utf8mb4_unicode_ci NOT NULL DEFAULT '' COMMENT '市',
  `area` varchar(100) COLLATE utf8mb4_unicode_ci NOT NULL DEFAULT '' COMMENT '区',
  `address` varchar(255) COLLATE utf8mb4_unicode_ci NOT NULL DEFAULT '' COMMENT '详细地址',
  `zip` varchar(10) COLLATE utf8mb4_unicode_ci NOT NULL DEFAULT '' COMMENT '收货人邮编',
  `receive_name` varchar(50) COLLATE utf8mb4_unicode_ci NOT NULL DEFAULT '' COMMENT '收货人',
  `receive_phone` varchar(15) COLLATE utf8mb4_unicode_ci NOT NULL DEFAULT '' COMMENT '收货人电话',
  `is_default` tinyint(1) unsigned NOT NULL DEFAULT '0' COMMENT '是否默认地址（0：否；1：是）',
  `create_time` int(10) unsigned NOT NULL DEFAULT '0' COMMENT '创建时间',
  `update_time` int(10) unsigned NOT NULL DEFAULT '0' COMMENT '更新时间',
  PRIMARY KEY (`id`)
) ENGINE=InnoDB AUTO_INCREMENT=2 DEFAULT CHARSET=utf8mb4 COLLATE=utf8mb4_unicode_ci;

/*Data for the table `users_address` */

insert  into `users_address`(`id`,`user_id`,`province`,`city`,`area`,`address`,`zip`,`receive_name`,`receive_phone`,`is_default`,`create_time`,`update_time`) values (1,7,'浙江省','杭州市','西湖区','浙江省杭州市西湖区蒋村花园','236400','李世龙','18858287938',1,0,0);

/*Table structure for table `users_invite` */

DROP TABLE IF EXISTS `users_invite`;

CREATE TABLE `users_invite` (
  `id` int(11) unsigned NOT NULL AUTO_INCREMENT,
  `user_id` int(11) unsigned NOT NULL DEFAULT '0' COMMENT '邀请者ID',
  `invited_openid` varchar(100) COLLATE utf8mb4_unicode_ci NOT NULL DEFAULT '' COMMENT '被邀请openid',
  `create_time` datetime NOT NULL COMMENT '创建时间',
  `invited_score` tinyint(2) unsigned NOT NULL DEFAULT '10' COMMENT '分享者获得多少红人圈',
  PRIMARY KEY (`id`)
) ENGINE=InnoDB AUTO_INCREMENT=3 DEFAULT CHARSET=utf8mb4 COLLATE=utf8mb4_unicode_ci;

/*Data for the table `users_invite` */

insert  into `users_invite`(`id`,`user_id`,`invited_openid`,`create_time`,`invited_score`) values (1,9,'o58rq4hiYF7DC6VIMjQT-fHWshgw','2018-07-19 18:12:17',10),(2,9,'o58rq4kiwrThsKDgVkXG7w2YOkA4','2018-07-19 18:15:05',10);

/*Table structure for table `users_sign` */

DROP TABLE IF EXISTS `users_sign`;

CREATE TABLE `users_sign` (
  `id` int(11) unsigned NOT NULL AUTO_INCREMENT,
  `user_id` int(11) unsigned NOT NULL DEFAULT '0' COMMENT '粉丝ID',
  `sign_count` mediumint(8) unsigned NOT NULL DEFAULT '0' COMMENT '连续签到次数',
  `sign_total` mediumint(8) unsigned NOT NULL DEFAULT '0' COMMENT '总签到次数',
  `create_time` datetime NOT NULL COMMENT '创建时间（第一次签到时间）',
  `update_time` datetime NOT NULL COMMENT '更新时间（最后一次签到时间）',
  PRIMARY KEY (`id`)
) ENGINE=InnoDB AUTO_INCREMENT=11 DEFAULT CHARSET=utf8mb4 COLLATE=utf8mb4_unicode_ci;

/*Data for the table `users_sign` */

insert  into `users_sign`(`id`,`user_id`,`sign_count`,`sign_total`,`create_time`,`update_time`) values (8,7,2,4,'2018-07-17 16:35:33','2018-07-20 10:21:00'),(9,8,8,8,'2018-07-19 16:35:55','2018-07-19 16:36:24'),(10,12,1,1,'2018-07-19 19:41:36','2018-07-19 19:41:36');

/*!40101 SET SQL_MODE=@OLD_SQL_MODE */;
/*!40014 SET FOREIGN_KEY_CHECKS=@OLD_FOREIGN_KEY_CHECKS */;
/*!40014 SET UNIQUE_CHECKS=@OLD_UNIQUE_CHECKS */;
/*!40111 SET SQL_NOTES=@OLD_SQL_NOTES */;
